county,region,segment,naics,industry,jobs,sales,earnings,businesses,jobs_under_10
Alameda,Bay Area,Agricultural Production,111000,Crop Production,524.63,176216971.07,40404849.23,45.5,0
Alameda,Bay Area,Agricultural Production,112000,Animal Production,329.16,234999849.78,41184425.16,23.0,0
Alameda,Bay Area,Forestry,113110,Timber Tract Operations,10.63,2583282.41,1057206.18,1.0,0
Alameda,Bay Area,Forestry,113210,Forest Nurseries and Gathering of Forest Products,10.0,93846.9,38653.65,0.0,1
Alameda,Bay Area,Forestry,113310,Logging,26.55,4152178.13,1641641.72,0.0,0
Alameda,Bay Area,Fishing,114111,Finfish Fishing,40.16,3849449.68,1479282.94,2.75,0
Alameda,Bay Area,Fishing,114112,Shellfish Fishing,23.15,4388099.31,1668696.3,1.0,0
Alameda,Bay Area,Fishing,114119,Other Marine Fishing,10.0,2922.24,1115.66,0.0,1
Alameda,Bay Area,Outdoor Recreation,114210,Hunting and Trapping,10.0,284468.81,107628.46,0.0,1
Alameda,Bay Area,Agricultural Processing,115111,Cotton Ginning,10.0,244829.92,211311.0,0.0,1
Alameda,Bay Area,Agricultural Production,115112,"Soil Preparation, Planting, and Cultivating",140.07,5452485.49,4727492.98,4.5,0
Alameda,Bay Area,Agricultural Production,115113,"Crop Harvesting, Primarily by Machine",10.0,774643.1,672183.03,1.0,1
Alameda,Bay Area,Agricultural Production,115114,Postharvest Crop Activities (except Cotton Ginning),10.66,401983.19,349472.25,0.0,0
Alameda,Bay Area,Agricultural Support,115115,Farm Labor Contractors and Crew Leaders,57.72,3758256.0,3000550.48,1.0,0
Alameda,Bay Area,Agricultural Support,115116,Farm Management Services,77.3,10521088.82,9146531.02,7.0,0
Alameda,Bay Area,Agricultural Support,115210,Support Activities for Animal Production,185.94,7569217.27,6554384.96,20.0,0
Alameda,Bay Area,Forestry,115310,Support Activities for Forestry,35.0,426219.73,368832.56,0.0,0
Alameda,Bay Area,Mining,211120,Crude Petroleum Extraction,453.73,159378014.37,14562976.14,3.0,0
Alameda,Bay Area,Mining,211130,Natural Gas Extraction,104.76,1791786.68,164839.34,0.0,0
Alameda,Bay Area,Mining,212210,Iron Ore Mining,10.0,1372868.42,249241.76,0.0,1
Alameda,Bay Area,Mining,212220,Gold Ore and Silver Ore Mining,26.19,11672736.5,2211616.05,0.0,0
Alameda,Bay Area,Mining,212290,Other Metal Ore Mining,29.28,35573565.38,6329044.5,2.0,0
Alameda,Bay Area,Mining,212311,Dimension Stone Mining and Quarrying,10.0,3405067.56,728941.35,1.0,1
Alameda,Bay Area,Mining,212313,Crushed and Broken Granite Mining and Quarrying,10.0,12445.57,2680.95,0.0,1
Alameda,Bay Area,Mining,212319,Other Crushed and Broken Stone Mining and Quarrying,10.0,160925.4,34865.98,0.5,1
Alameda,Bay Area,Mining,212321,Construction Sand and Gravel Mining,106.87,71723747.98,19269479.64,3.0,0
Alameda,Bay Area,Mining,212390,Other Nonmetallic Mineral Mining and Quarrying,10.0,1001874.84,269115.38,1.0,1
Alameda,Bay Area,Mining,213111,Drilling Oil and Gas Wells,10.0,1450971.0,403038.92,1.0,1
Alameda,Bay Area,Mining,213112,Support Activities for Oil and Gas Operations,19.3,1243325.55,450864.46,1.0,0
Alameda,Bay Area,Mining,213114,Support Activities for Metal Mining,10.0,959151.11,336404.78,0.0,1
Alameda,Bay Area,Mining,213115,Support Activities for Nonmetallic Minerals (except Fuels) Mining,10.0,60566.16,20794.48,0.0,1
Alameda,Bay Area,Renewable Energy,221111,Hydroelectric Power Generation,10.44,7458380.64,1035775.38,2.0,0
Alameda,Bay Area,Renewable Energy,221114,Solar Electric Power Generation,61.11,89192278.4,12338353.16,14.25,0
Alameda,Bay Area,Renewable Energy,221115,Wind Electric Power Generation,34.24,50038629.27,6722369.33,5.5,0
Alameda,Bay Area,Renewable Energy,221116,Geothermal Electric Power Generation,10.0,2809028.87,397574.4,2.0,1
Alameda,Bay Area,Renewable Energy,221117,Biomass Electric Power Generation,10.0,2236633.26,308479.99,0.25,1
Alameda,Bay Area,Renewable Energy,221118,Other Electric Power Generation,53.79,97103583.53,13388776.23,8.25,0
Alameda,Bay Area,Agricultural Support,221310,Water Supply and Irrigation Systems,54.51,19213600.56,6056146.24,7.0,0
Alameda,Bay Area,Agricultural Processing,311111,Dog and Cat Food Manufacturing,39.41,50719466.13,5329473.33,5.0,0
Alameda,Bay Area,Agricultural Processing,311119,Other Animal Food Manufacturing,26.14,23950676.67,2059850.62,3.0,0
Alameda,Bay Area,Agricultural Processing,311211,Flour Milling,54.73,69440480.16,7468623.73,1.0,0
Alameda,Bay Area,Agricultural Processing,311213,Malt Manufacturing,10.0,6301281.66,658267.18,1.0,1
Alameda,Bay Area,Agricultural Processing,311225,Fats and Oils Refining and Blending,10.0,5091340.2,302284.03,1.0,1
Alameda,Bay Area,Agricultural Processing,311230,Breakfast Cereal Manufacturing,27.65,16277210.57,2154338.27,1.0,0
Alameda,Bay Area,Agricultural Processing,311340,Nonchocolate Confectionery Manufacturing,196.2,150998705.59,21377157.24,6.0,0
Alameda,Bay Area,Agricultural Processing,311411,"Frozen Fruit, Juice, and Vegetable Manufacturing",30.13,15159686.66,2686360.42,0.75,0
Alameda,Bay Area,Agricultural Processing,311412,Frozen Specialty Food Manufacturing,520.53,222119018.39,39360884.83,10.0,0
Alameda,Bay Area,Agricultural Processing,311421,Fruit and Vegetable Canning,40.14,8151610.15,1528426.42,5.0,0
Alameda,Bay Area,Agricultural Processing,311422,Specialty Canning,10.0,2003366.77,374568.37,1.0,1
Alameda,Bay Area,Agricultural Processing,311423,Dried and Dehydrated Food Manufacturing,10.0,940478.91,176774.3,0.0,1
Alameda,Bay Area,Agricultural Processing,311511,Fluid Milk Manufacturing,179.45,179620909.74,20334188.08,4.0,0
Alameda,Bay Area,Agricultural Processing,311512,Creamery Butter Manufacturing,114.46,115127616.91,12789423.33,1.0,0
Alameda,Bay Area,Agricultural Processing,311513,Cheese Manufacturing,10.0,3426280.13,260745.97,2.0,1
Alameda,Bay Area,Agricultural Processing,311514,"Dry, Condensed, and Evaporated Dairy Product Manufacturing",10.0,704963.24,53235.55,0.25,1
Alameda,Bay Area,Agricultural Processing,311520,Ice Cream and Frozen Dessert Manufacturing,60.17,20507986.12,3917533.98,7.5,0
Alameda,Bay Area,Agricultural Processing,311611,Animal (except Poultry) Slaughtering,10.0,7564920.04,900372.38,1.0,1
Alameda,Bay Area,Agricultural Processing,311612,Meat Processed from Carcasses,644.58,464082429.88,54411522.25,10.0,0
Alameda,Bay Area,Agricultural Processing,311615,Poultry Processing,54.04,25890067.63,4212783.09,1.0,0
Alameda,Bay Area,Fishing,311710,Seafood Product Preparation and Packaging,77.72,23804368.77,4620837.21,5.0,0
Alameda,Bay Area,Agricultural Processing,311811,Retail Bakeries,945.72,126527198.98,37526152.44,57.75,0
Alameda,Bay Area,Agricultural Processing,311812,Commercial Bakeries,1513.09,333068044.9,98528957.26,29.25,0
Alameda,Bay Area,Agricultural Processing,311813,"Frozen Cakes, Pies, and Other Pastries Manufacturing",79.47,17179789.11,5109021.05,3.0,0
Alameda,Bay Area,Agricultural Processing,311821,Cookie and Cracker Manufacturing,530.53,211106325.45,40094179.82,12.0,0
Alameda,Bay Area,Agricultural Processing,311824,"Dry Pasta, Dough, and Flour Mixes Manufacturing from Purchased Flour",182.64,68801508.97,12950338.93,8.25,0
Alameda,Bay Area,Agricultural Processing,311830,Tortilla Manufacturing,512.37,221888561.52,42030439.94,4.75,0
Alameda,Bay Area,Agricultural Processing,311911,Roasted Nuts and Peanut Butter Manufacturing,234.18,158327354.36,16192302.94,6.75,0
Alameda,Bay Area,Agricultural Processing,311919,Other Snack Food Manufacturing,85.5,111186396.89,11371000.56,2.0,0
Alameda,Bay Area,Agricultural Processing,311920,Coffee and Tea Manufacturing,400.2,231508219.82,32811820.96,13.5,0
Alameda,Bay Area,Agricultural Processing,311930,Flavoring Syrup and Concentrate Manufacturing,173.92,134150393.99,26720437.55,4.0,0
Alameda,Bay Area,Agricultural Processing,311941,"Mayonnaise, Dressing, and Other Prepared Sauce Manufacturing",14.81,3240920.03,561671.98,4.0,0
Alameda,Bay Area,Agricultural Processing,311942,Spice and Extract Manufacturing,364.5,237022437.32,40502878.52,3.0,0
Alameda,Bay Area,Agricultural Processing,311991,Perishable Prepared Food Manufacturing,674.0,189423361.3,34413563.93,23.0,0
Alameda,Bay Area,Agricultural Processing,311999,All Other Miscellaneous Food Manufacturing,580.15,363329007.16,65948159.17,15.75,0
Alameda,Bay Area,Agricultural Processing,312111,Soft Drink Manufacturing,1059.74,643888757.71,118689539.11,9.25,0
Alameda,Bay Area,Agricultural Processing,312112,Bottled Water Manufacturing,105.57,68761286.22,12630246.37,3.0,0
Alameda,Bay Area,Agricultural Processing,312113,Ice Manufacturing,19.9,10909140.86,2003947.86,1.0,0
Alameda,Bay Area,Agricultural Processing,312120,Breweries,794.02,324097397.78,49658931.9,26.25,0
Alameda,Bay Area,Agricultural Processing,312130,Wineries,911.43,244478139.74,53503637.15,55.0,0
Alameda,Bay Area,Agricultural Processing,312140,Distilleries,57.64,69303638.37,5469850.27,7.0,0
Alameda,Bay Area,Agricultural Processing,313110,"Fiber, Yarn, and Thread Mills",13.72,4388991.79,853755.93,1.0,0
Alameda,Bay Area,Agricultural Processing,316110,Leather and Hide Tanning and Finishing,19.22,7182952.87,1936890.45,1.0,0
Alameda,Bay Area,Agricultural Processing,316990,Other Leather and Allied Product Manufacturing,46.68,11684761.77,3138356.4,2.5,0
Alameda,Bay Area,Forestry,321113,Sawmills,10.0,1586194.86,235538.17,1.0,1
Alameda,Bay Area,Forestry,321114,Wood Preservation,10.0,11744.94,1737.6,0.0,1
Alameda,Bay Area,Forestry,321211,Hardwood Veneer and Plywood Manufacturing,10.0,341556.76,59082.68,1.0,1
Alameda,Bay Area,Forestry,321215,Engineered Wood Member Manufacturing,10.0,573407.11,100198.71,1.0,1
Alameda,Bay Area,Forestry,321219,Reconstituted Wood Product Manufacturing,10.0,1192182.31,202444.6,0.0,1
Alameda,Bay Area,Forestry,321911,Wood Window and Door Manufacturing,22.52,7023634.68,1499712.61,6.0,0
Alameda,Bay Area,Forestry,321912,"Cut Stock, Resawing Lumber, and Planing",10.0,573010.63,120983.3,0.0,1
Alameda,Bay Area,Forestry,321918,Other Millwork (including Flooring),49.68,20120974.72,4261821.45,1.0,0
Alameda,Bay Area,Forestry,321920,Wood Container and Pallet Manufacturing,499.13,162872361.43,40521011.68,8.0,0
Alameda,Bay Area,Forestry,321992,Prefabricated Wood Building Manufacturing,51.58,19433419.77,4839723.59,3.0,0
Alameda,Bay Area,Forestry,321999,All Other Miscellaneous Wood Product Manufacturing,68.46,16304508.13,4052412.34,6.0,0
Alameda,Bay Area,Forestry,322120,Paper Mills,10.0,167620.69,29929.46,0.0,1
Alameda,Bay Area,Forestry,322211,Corrugated and Solid Fiber Box Manufacturing,535.84,271779709.88,50757381.14,8.0,0
Alameda,Bay Area,Forestry,322212,Folding Paperboard Box Manufacturing,70.14,34426826.0,6460122.31,1.0,0
Alameda,Bay Area,Forestry,322219,Other Paperboard Container Manufacturing,92.14,33718471.86,6238308.59,3.0,0
Alameda,Bay Area,Forestry,322220,Paper Bag and Coated and Treated Paper Manufacturing,56.84,28028193.67,6084189.66,3.5,0
Alameda,Bay Area,Forestry,322230,Stationery Product Manufacturing,10.0,438396.69,97569.76,0.0,1
Alameda,Bay Area,Forestry,322299,All Other Converted Paper Product Manufacturing,29.31,11173398.9,2931173.78,2.0,0
Alameda,Bay Area,Agricultural Support,325315,Compost Manufacturing,10.0,2428261.69,341982.92,2.0,1
Alameda,Bay Area,Agricultural Support,325320,Pesticide and Other Agricultural Chemical Manufacturing,10.0,5814890.88,586244.9,1.5,1
Alameda,Bay Area,Mining,327120,Clay Building Material and Refractories Manufacturing,154.76,45434745.08,15680779.52,2.25,0
Alameda,Bay Area,Mining,327310,Cement Manufacturing,42.39,35576021.87,5759095.33,1.25,0
Alameda,Bay Area,Mining,327320,Ready-Mix Concrete Manufacturing,367.95,200376485.73,45186499.25,19.0,0
Alameda,Bay Area,Mining,327331,Concrete Block and Brick Manufacturing,10.0,314903.47,94147.31,0.0,1
Alameda,Bay Area,Mining,327390,Other Concrete Product Manufacturing,156.48,49035509.58,14128885.43,9.0,0
Alameda,Bay Area,Mining,327991,Cut Stone and Stone Product Manufacturing,123.76,23564337.14,9037202.8,12.5,0
Alameda,Bay Area,Mining,327992,Ground or Treated Mineral and Earth Manufacturing,10.0,1390878.08,175688.89,2.0,1
Alameda,Bay Area,Agricultural Support,333111,Farm Machinery and Equipment Manufacturing,63.95,23163957.4,4718346.01,1.5,0
Alameda,Bay Area,Mining,333131,Mining Machinery and Equipment Manufacturing,27.29,5419635.39,2077860.08,2.0,0
Alameda,Bay Area,Mining,333132,Oil and Gas Field Machinery and Equipment Manufacturing,10.0,168688.34,64411.29,0.0,1
Alameda,Bay Area,Agricultural Processing,333241,Food Product Machinery Manufacturing,44.58,14422933.48,3909186.96,3.0,0
Alameda,Bay Area,Forestry,333243,"Sawmill, Woodworking, and Paper Machinery Manufacturing",126.68,69516757.05,18711736.78,1.0,0
Alameda,Bay Area,Agricultural Processing,333993,Packaging Machinery Manufacturing,267.06,197524899.58,53801307.7,2.5,0
Alameda,Bay Area,Forestry,337110,Wood Kitchen Cabinet and Countertop Manufacturing,413.6,64222840.43,28986821.54,34.5,0
Alameda,Bay Area,Forestry,337211,Wood Office Furniture Manufacturing,142.9,35360243.4,8868713.74,6.5,0
Alameda,Bay Area,Forestry,423310,"Lumber, Plywood, Millwork, and Wood Panel Merchant Wholesalers",306.4,96165544.47,29317312.63,37.5,0
Alameda,Bay Area,Mining,423320,"Brick, Stone, and Related Construction Material Merchant Wholesalers",460.96,144455168.06,44113712.33,30.0,0
Alameda,Bay Area,Mining,423520,Coal and Other Mineral and Ore Merchant Wholesalers,10.0,549272.32,172152.76,1.0,1
Alameda,Bay Area,Agricultural Support,423820,Farm and Garden Machinery and Equipment Merchant Wholesalers,122.05,29539632.16,10131560.05,18.0,0
Alameda,Bay Area,Agricultural Distribution,424410,General Line Grocery Merchant Wholesalers,2414.33,852929400.37,283958989.86,81.25,0
Alameda,Bay Area,Agricultural Distribution,424420,Packaged Frozen Food Merchant Wholesalers,163.15,46988239.23,15622236.84,14.5,0
Alameda,Bay Area,Agricultural Distribution,424430,Dairy Product (except Dried or Canned) Merchant Wholesalers,260.64,70831834.93,23476032.74,15.0,0
Alameda,Bay Area,Agricultural Distribution,424440,Poultry and Poultry Product Merchant Wholesalers,48.15,13579427.8,4524553.31,5.0,0
Alameda,Bay Area,Agricultural Distribution,424450,Confectionery Merchant Wholesalers,518.99,153885705.0,51037991.94,18.5,0
Alameda,Bay Area,Fishing,424460,Fish and Seafood Merchant Wholesalers,348.13,80994515.34,27011424.68,23.0,0
Alameda,Bay Area,Agricultural Distribution,424470,Meat and Meat Product Merchant Wholesalers,508.19,121205502.52,40379487.16,26.75,0
Alameda,Bay Area,Agricultural Distribution,424480,Fresh Fruit and Vegetable Merchant Wholesalers,575.89,157996143.58,52693706.28,24.5,0
Alameda,Bay Area,Agricultural Distribution,424490,Other Grocery and Related Products Merchant Wholesalers,2535.98,836875678.99,278492018.98,125.75,0
Alameda,Bay Area,Agricultural Distribution,424510,Grain and Field Bean Merchant Wholesalers,41.97,8320416.59,1995357.99,5.0,0
Alameda,Bay Area,Agricultural Distribution,424520,Livestock Merchant Wholesalers,10.0,1495653.88,355326.07,0.0,1
Alameda,Bay Area,Agricultural Distribution,424590,Other Farm Product Raw Material Merchant Wholesalers,60.64,19056441.08,4593066.3,14.5,0
Alameda,Bay Area,Agricultural Distribution,424810,Beer and Ale Merchant Wholesalers,148.46,34440701.79,8277472.91,10.5,0
Alameda,Bay Area,Agricultural Distribution,424820,Wine and Distilled Alcoholic Beverage Merchant Wholesalers,1667.17,1036475002.09,252882431.4,35.75,0
Alameda,Bay Area,Agricultural Distribution,424910,Farm Supplies Merchant Wholesalers,74.46,31842818.3,7664112.74,15.0,0
Alameda,Bay Area,Agricultural Distribution,424930,"Flower, Nursery Stock, and Florists' Supplies Merchant Wholesalers",349.36,89467047.16,21605293.16,8.0,0
Alameda,Bay Area,Agricultural Distribution,424990,Other Miscellaneous Nondurable Goods Merchant Wholesalers,1235.1,379674540.94,92000511.79,92.0,0
Alameda,Bay Area,Outdoor Recreation,441222,Boat Dealers,56.01,10899279.41,3323603.48,9.0,0
Alameda,Bay Area,Agricultural Support,444240,"Nursery, Garden Center, and Farm Supply Retailers",495.38,92611906.24,26525608.55,42.75,0
Alameda,Bay Area,Agricultural Distribution,445230,Fruit and Vegetable Markets,408.66,66811993.05,25433012.64,19.0,0
Alameda,Bay Area,Agricultural Distribution,445240,Meat Retailers,262.57,41134423.21,15541570.56,34.25,0
Alameda,Bay Area,Agricultural Distribution,445291,Baked Goods Stores,171.82,14396973.99,5434232.09,11.0,0
Alameda,Bay Area,Agricultural Distribution,445292,Confectionery and Nut Stores,179.14,23353330.57,8839139.12,18.25,0
Alameda,Bay Area,Agricultural Distribution,445298,All Other Specialty Food Retailers,851.59,140313204.37,53218387.96,57.0,0
Alameda,Bay Area,Agricultural Distribution,445320,"Beer, Wine, and Liquor Retailers",1163.98,188744008.18,71219096.66,180.25,0
Alameda,Bay Area,Agricultural Distribution,456191,Food (Health) Supplement Retailers,527.08,45006088.2,14238615.89,41.25,0
Alameda,Bay Area,Agricultural Distribution,459310,Florists,693.78,64706753.32,21669338.23,43.25,0
Alameda,Bay Area,Agricultural Distribution,484230,"Specialized Freight (except Used Goods) Trucking, Long-Distance",69.18,13145464.15,4750561.55,11.75,0
Alameda,Bay Area,Outdoor Recreation,487110,"Scenic and Sightseeing Transportation, Land",29.25,1783560.94,770948.31,1.0,0
Alameda,Bay Area,Outdoor Recreation,487210,"Scenic and Sightseeing Transportation, Water",133.64,11637915.42,5024468.08,8.5,0
Alameda,Bay Area,Outdoor Recreation,487990,"Scenic and Sightseeing Transportation, Other",10.0,120338.36,51836.37,1.0,1
Alameda,Bay Area,Agricultural Distribution,493120,Refrigerated Warehousing and Storage,491.88,62307133.07,39204908.32,9.5,0
Alameda,Bay Area,Agricultural Distribution,493130,Farm Product Warehousing and Storage,23.0,1708075.12,1073940.92,0.5,0
Alameda,Bay Area,Outdoor Recreation,532284,Recreational Goods Rental,38.14,4880405.04,1280202.26,1.5,0
Alameda,Bay Area,Mining,532412,"Construction, Mining, and Forestry Machinery and Equipment Rental and Leasing",955.69,1090295307.83,137269552.75,29.5,0
Alameda,Bay Area,Mining,541360,Geophysical Surveying and Mapping Services,39.37,4358853.32,2190337.57,6.0,0
Alameda,Bay Area,Agricultural Support,541620,Environmental Consulting Services,1675.07,267123566.07,163061725.71,102.75,0
Alameda,Bay Area,Agricultural Support,541690,Other Scientific and Technical Consulting Services,4411.3,725219137.07,442748277.83,403.5,0
Alameda,Bay Area,Agricultural Distribution,624210,Community Food Services,368.83,41155755.94,30105684.13,24.75,0
Alameda,Bay Area,Outdoor Recreation,712130,Zoos and Botanical Gardens,216.29,36297158.74,11768702.23,2.0,0
Alameda,Bay Area,Outdoor Recreation,712190,Nature Parks and Other Similar Institutions,136.43,28029456.77,9065623.4,1.5,0
Alameda,Bay Area,Outdoor Recreation,713920,Skiing Facilities,10.0,7603.3,2894.75,0.0,1
Alameda,Bay Area,Outdoor Recreation,713930,Marinas,168.18,25339253.77,9871336.49,16.0,0
Alameda,Bay Area,Outdoor Recreation,713990,All Other Amusement and Recreation Industries,1384.99,138951666.33,53781461.25,84.75,0
Alameda,Bay Area,Outdoor Recreation,721211,RV (Recreational Vehicle) Parks and Campgrounds,78.82,10842057.12,2858628.66,1.5,0
Alameda,Bay Area,Outdoor Recreation,721214,Recreational and Vacation Camps (except Campgrounds),36.35,5433579.23,1429109.15,16.0,0
Alpine,Sierra,Forestry,113310,Logging,10.0,198775.51,78589.64,0.0,1
Alpine,Sierra,Outdoor Recreation,114210,Hunting and Trapping,10.0,447175.85,169188.49,0.0,1
Alpine,Sierra,Agricultural Support,115210,Support Activities for Animal Production,10.0,42658.93,36939.49,0.0,1
Alpine,Sierra,Forestry,115310,Support Activities for Forestry,10.0,290302.2,251215.27,0.0,1
Alpine,Sierra,Mining,213112,Support Activities for Oil and Gas Operations,10.0,62568.7,22689.15,0.0,1
Alpine,Sierra,Renewable Energy,221114,Solar Electric Power Generation,10.0,781656.62,108129.94,0.75,1
Alpine,Sierra,Agricultural Support,221310,Water Supply and Irrigation Systems,10.0,1472474.82,464125.55,2.5,1
Alpine,Sierra,Agricultural Processing,311111,Dog and Cat Food Manufacturing,10.0,648011.05,68091.36,0.0,1
Alpine,Sierra,Agricultural Processing,311119,Other Animal Food Manufacturing,10.0,769670.91,66194.67,0.0,1
Alpine,Sierra,Agricultural Processing,311612,Meat Processed from Carcasses,10.0,335186.18,39299.03,0.0,1
Alpine,Sierra,Agricultural Processing,313110,"Fiber, Yarn, and Thread Mills",10.0,376740.81,73284.42,0.0,1
Alpine,Sierra,Agricultural Processing,316110,Leather and Hide Tanning and Finishing,10.0,210226.26,56687.72,0.0,1
Alpine,Sierra,Agricultural Processing,316990,Other Leather and Allied Product Manufacturing,10.0,398184.92,106946.65,0.0,1
Alpine,Sierra,Forestry,321999,All Other Miscellaneous Wood Product Manufacturing,10.0,579580.37,144052.1,1.0,1
Alpine,Sierra,Mining,327991,Cut Stone and Stone Product Manufacturing,12.14,1133773.66,434815.64,0.0,0
Alpine,Sierra,Agricultural Support,444240,"Nursery, Garden Center, and Farm Supply Retailers",10.0,49794.59,14262.01,0.0,1
Alpine,Sierra,Agricultural Distribution,445291,Baked Goods Stores,10.0,129192.82,48764.68,0.0,1
Alpine,Sierra,Agricultural Distribution,445298,All Other Specialty Food Retailers,10.0,5186.21,1967.04,0.0,1
Alpine,Sierra,Outdoor Recreation,532284,Recreational Goods Rental,10.0,540711.65,141836.64,2.0,1
Alpine,Sierra,Mining,541360,Geophysical Surveying and Mapping Services,10.0,430417.82,216286.32,0.0,1
Alpine,Sierra,Agricultural Support,541690,Other Scientific and Technical Consulting Services,10.0,170843.05,104300.15,1.0,1
Alpine,Sierra,Outdoor Recreation,713920,Skiing Facilities,389.21,40266942.23,15330556.27,2.75,0
Alpine,Sierra,Outdoor Recreation,721211,RV (Recreational Vehicle) Parks and Campgrounds,10.0,294378.77,77616.23,0.5,1
Amador,Sierra,Agricultural Production,111000,Crop Production,211.46,36917617.98,8464853.18,14.75,0
Amador,Sierra,Agricultural Production,112000,Animal Production,182.29,30972850.93,5428084.58,14.0,0
Amador,Sierra,Forestry,113110,Timber Tract Operations,10.0,105837.3,43313.83,0.0,1
Amador,Sierra,Forestry,113310,Logging,55.43,10099178.76,3992900.28,3.0,0
Amador,Sierra,Fishing,114111,Finfish Fishing,12.47,3616891.43,1389914.46,1.0,0
Amador,Sierra,Fishing,114112,Shellfish Fishing,10.0,357962.64,136125.21,0.0,1
Amador,Sierra,Outdoor Recreation,114210,Hunting and Trapping,26.44,3946831.36,1493279.25,1.0,0
Amador,Sierra,Agricultural Production,115112,"Soil Preparation, Planting, and Cultivating",67.44,3448077.39,2989602.02,6.0,0
Amador,Sierra,Agricultural Production,115114,Postharvest Crop Activities (except Cotton Ginning),10.0,47339.76,41155.78,0.0,1
Amador,Sierra,Agricultural Support,115115,Farm Labor Contractors and Crew Leaders,75.91,3312084.38,2644331.93,3.0,0
Amador,Sierra,Agricultural Support,115116,Farm Management Services,10.0,33959.94,29523.15,0.0,1
Amador,Sierra,Agricultural Support,115210,Support Activities for Animal Production,52.62,2228415.22,1929643.54,1.5,0
Amador,Sierra,Forestry,115310,Support Activities for Forestry,10.0,391742.75,338997.63,0.75,1
Amador,Sierra,Mining,211120,Crude Petroleum Extraction,10.0,496373.45,45355.53,0.0,1
Amador,Sierra,Mining,212220,Gold Ore and Silver Ore Mining,10.0,2063368.74,390943.41,1.0,1
Amador,Sierra,Mining,212290,Other Metal Ore Mining,76.44,51256805.92,9119316.61,1.0,0
Amador,Sierra,Mining,212313,Crushed and Broken Granite Mining and Quarrying,10.0,185937.79,40053.6,0.0,1
Amador,Sierra,Mining,212319,Other Crushed and Broken Stone Mining and Quarrying,131.46,59082760.55,12800826.99,3.0,0
Amador,Sierra,Mining,212321,Construction Sand and Gravel Mining,10.0,210345.16,56511.85,0.0,1
Amador,Sierra,Mining,212322,Industrial Sand Mining,49.81,21191729.18,5545313.9,1.0,0
Amador,Sierra,Mining,212390,Other Nonmetallic Mineral Mining and Quarrying,10.0,544227.31,146185.87,1.0,1
Amador,Sierra,Mining,213111,Drilling Oil and Gas Wells,10.0,83574.08,23214.53,0.0,1
Amador,Sierra,Mining,213112,Support Activities for Oil and Gas Operations,10.0,211358.95,76644.64,0.0,1
Amador,Sierra,Mining,213114,Support Activities for Metal Mining,10.0,123724.14,43393.99,0.0,1
Amador,Sierra,Renewable Energy,221111,Hydroelectric Power Generation,67.43,124060920.81,17228840.13,1.0,0
Amador,Sierra,Renewable Energy,221114,Solar Electric Power Generation,13.03,14546854.54,2012329.23,1.0,0
Amador,Sierra,Agricultural Support,221310,Water Supply and Irrigation Systems,12.97,3807587.22,1200155.32,2.0,0
Amador,Sierra,Agricultural Processing,311911,Roasted Nuts and Peanut Butter Manufacturing,10.0,483935.13,49492.55,0.0,1
Amador,Sierra,Agricultural Processing,311919,Other Snack Food Manufacturing,10.0,281667.99,28806.1,0.0,1
Amador,Sierra,Agricultural Processing,311920,Coffee and Tea Manufacturing,10.0,1091814.88,154743.68,0.0,1
Amador,Sierra,Agricultural Processing,311930,Flavoring Syrup and Concentrate Manufacturing,10.0,362658.5,72235.3,0.0,1
Amador,Sierra,Agricultural Processing,311941,"Mayonnaise, Dressing, and Other Prepared Sauce Manufacturing",10.0,319925.75,55445.16,0.0,1
Amador,Sierra,Agricultural Processing,311942,Spice and Extract Manufacturing,10.0,533959.92,91244.16,0.0,1
Amador,Sierra,Agricultural Processing,311991,Perishable Prepared Food Manufacturing,10.0,756676.95,137469.58,0.0,1
Amador,Sierra,Agricultural Processing,311999,All Other Miscellaneous Food Manufacturing,10.0,477942.14,86751.69,0.0,1
Amador,Sierra,Agricultural Processing,312120,Breweries,11.57,2847702.4,436331.36,2.0,0
Amador,Sierra,Agricultural Processing,312130,Wineries,394.02,97185739.09,21268938.51,35.75,0
Amador,Sierra,Agricultural Processing,316990,Other Leather and Allied Product Manufacturing,10.0,69233.4,18595.08,0.0,1
Amador,Sierra,Forestry,321911,Wood Window and Door Manufacturing,10.0,865182.51,184736.99,1.0,1
Amador,Sierra,Forestry,321918,Other Millwork (including Flooring),10.0,92756.85,19646.82,0.0,1
Amador,Sierra,Forestry,321920,Wood Container and Pallet Manufacturing,10.0,68397.54,17016.62,0.0,1
Amador,Sierra,Forestry,321999,All Other Miscellaneous Wood Product Manufacturing,10.0,730575.13,181581.17,0.0,1
Amador,Sierra,Agricultural Support,325311,Nitrogenous Fertilizer Manufacturing,57.63,31836575.05,4422614.47,1.0,0
Amador,Sierra,Mining,327320,Ready-Mix Concrete Manufacturing,40.82,9144814.79,2062228.83,2.0,0
Amador,Sierra,Forestry,337110,Wood Kitchen Cabinet and Countertop Manufacturing,10.0,175746.14,79322.59,0.0,1
Amador,Sierra,Mining,423320,"Brick, Stone, and Related Construction Material Merchant Wholesalers",10.0,95038.3,29022.79,1.0,1
Amador,Sierra,Agricultural Distribution,424410,General Line Grocery Merchant Wholesalers,10.0,2227431.91,741561.16,1.0,1
Amador,Sierra,Agricultural Distribution,424430,Dairy Product (except Dried or Canned) Merchant Wholesalers,10.0,665691.2,220632.27,2.0,1
Amador,Sierra,Agricultural Distribution,424990,Other Miscellaneous Nondurable Goods Merchant Wholesalers,15.87,4244146.44,1028416.72,0.0,0
Amador,Sierra,Agricultural Support,444240,"Nursery, Garden Center, and Farm Supply Retailers",37.19,4018430.57,1150946.14,4.0,0
Amador,Sierra,Agricultural Distribution,445240,Meat Retailers,15.1,2523285.0,953357.53,2.0,0
Amador,Sierra,Agricultural Distribution,445291,Baked Goods Stores,10.0,959505.63,362171.68,0.0,1
Amador,Sierra,Agricultural Distribution,445292,Confectionery and Nut Stores,15.4,1722325.77,651893.19,0.5,0
Amador,Sierra,Agricultural Distribution,445298,All Other Specialty Food Retailers,49.11,4290907.49,1627467.5,3.0,0
Amador,Sierra,Agricultural Distribution,445320,"Beer, Wine, and Liquor Retailers",48.33,5494291.12,2073170.19,4.5,0
Amador,Sierra,Agricultural Distribution,456191,Food (Health) Supplement Retailers,14.76,1065153.79,336983.65,1.0,0
Amador,Sierra,Agricultural Distribution,459310,Florists,10.0,619577.61,207487.41,1.0,1
Amador,Sierra,Agricultural Distribution,484230,"Specialized Freight (except Used Goods) Trucking, Long-Distance",10.0,1563836.33,565145.56,0.5,1
Amador,Sierra,Outdoor Recreation,487110,"Scenic and Sightseeing Transportation, Land",10.0,55716.12,24083.42,0.25,1
Amador,Sierra,Outdoor Recreation,487210,"Scenic and Sightseeing Transportation, Water",10.0,82158.66,35470.58,0.0,1
Amador,Sierra,Agricultural Distribution,493120,Refrigerated Warehousing and Storage,10.0,32462.48,20426.05,0.0,1
Amador,Sierra,Outdoor Recreation,532284,Recreational Goods Rental,10.0,427471.18,112132.0,0.0,1
Amador,Sierra,Agricultural Support,541620,Environmental Consulting Services,17.22,3042422.61,1857202.97,3.75,0
Amador,Sierra,Agricultural Support,541690,Other Scientific and Technical Consulting Services,18.75,1460222.03,891469.57,4.0,0
Amador,Sierra,Agricultural Distribution,624210,Community Food Services,10.0,587531.73,429783.01,1.0,1
Amador,Sierra,Outdoor Recreation,713930,Marinas,10.0,218836.08,85251.31,0.0,1
Amador,Sierra,Outdoor Recreation,713990,All Other Amusement and Recreation Industries,19.94,1847077.46,714914.24,1.0,0
Amador,Sierra,Outdoor Recreation,721211,RV (Recreational Vehicle) Parks and Campgrounds,28.49,4045017.28,1066513.69,2.0,0
Amador,Sierra,Outdoor Recreation,721214,Recreational and Vacation Camps (except Campgrounds),17.72,2895100.01,761452.76,3.0,0
Butte,North State,Agricultural Production,111000,Crop Production,2904.17,779949640.93,178834918.42,265.25,0
Butte,North State,Agricultural Production,112000,Animal Production,207.65,76431586.16,13394863.63,23.0,0
Butte,North State,Forestry,113110,Timber Tract Operations,10.0,230786.48,94449.17,0.0,1
Butte,North State,Forestry,113210,Forest Nurseries and Gathering of Forest Products,10.58,1820905.99,749994.61,0.0,0
Butte,North State,Forestry,113310,Logging,136.59,32244124.39,12748321.06,9.0,0
Butte,North State,Fishing,114111,Finfish Fishing,14.03,1668611.55,641221.16,0.0,0
Butte,North State,Fishing,114112,Shellfish Fishing,10.0,234950.11,89346.29,0.0,1
Butte,North State,Fishing,114119,Other Marine Fishing,10.0,1893.24,722.8,0.0,1
Butte,North State,Outdoor Recreation,114210,Hunting and Trapping,18.15,942829.17,356718.37,0.0,0
Butte,North State,Agricultural Processing,115111,Cotton Ginning,10.0,221783.18,191419.52,0.0,1
Butte,North State,Agricultural Production,115112,"Soil Preparation, Planting, and Cultivating",146.21,15310661.0,13274871.14,10.25,0
Butte,North State,Agricultural Production,115113,"Crop Harvesting, Primarily by Machine",48.99,4236495.46,3676144.98,5.0,0
Butte,North State,Agricultural Production,115114,Postharvest Crop Activities (except Cotton Ginning),277.83,22534578.85,19590893.99,18.0,0
Butte,North State,Agricultural Support,115115,Farm Labor Contractors and Crew Leaders,346.03,23797234.53,18999451.71,11.0,0
Butte,North State,Agricultural Support,115116,Farm Management Services,82.18,4106452.57,3569953.3,4.0,0
Butte,North State,Agricultural Support,115210,Support Activities for Animal Production,70.35,1626281.92,1408240.42,3.0,0
Butte,North State,Forestry,115310,Support Activities for Forestry,203.16,20530336.09,17766085.96,6.0,0
Butte,North State,Mining,211120,Crude Petroleum Extraction,95.09,14272005.78,1304087.52,0.0,0
Butte,North State,Mining,212290,Other Metal Ore Mining,10.0,650505.56,115734.21,1.0,1
Butte,North State,Mining,212311,Dimension Stone Mining and Quarrying,10.0,222821.66,47700.65,0.0,1
Butte,North State,Mining,212312,Crushed and Broken Limestone Mining and Quarrying,10.0,173846.55,37261.12,0.0,1
Butte,North State,Mining,212313,Crushed and Broken Granite Mining and Quarrying,10.0,245422.28,52867.38,0.0,1
Butte,North State,Mining,212319,Other Crushed and Broken Stone Mining and Quarrying,10.0,1777912.64,385201.23,1.0,1
Butte,North State,Mining,212321,Construction Sand and Gravel Mining,43.74,13446629.22,3612604.69,3.0,0
Butte,North State,Mining,212322,Industrial Sand Mining,10.0,1821863.11,476733.29,1.0,1
Butte,North State,Mining,212390,Other Nonmetallic Mineral Mining and Quarrying,10.0,624301.07,167694.62,0.0,1
Butte,North State,Mining,213111,Drilling Oil and Gas Wells,10.0,72670.1,20185.71,0.0,1
Butte,North State,Mining,213112,Support Activities for Oil and Gas Operations,10.0,252550.87,91581.98,0.0,1
Butte,North State,Mining,213114,Support Activities for Metal Mining,10.0,128987.73,45240.1,0.0,1
Butte,North State,Renewable Energy,221111,Hydroelectric Power Generation,501.86,957297920.49,132943820.81,1.0,0
Butte,North State,Renewable Energy,221114,Solar Electric Power Generation,23.28,32178425.43,4451380.59,0.5,0
Butte,North State,Renewable Energy,221118,Other Electric Power Generation,10.0,855922.02,118015.71,0.0,1
Butte,North State,Agricultural Support,221310,Water Supply and Irrigation Systems,267.54,104750989.94,33017617.47,8.5,0
Butte,North State,Agricultural Processing,311119,Other Animal Food Manufacturing,10.0,3728679.52,320680.83,1.0,1
Butte,North State,Agricultural Processing,311212,Rice Milling,410.45,292337420.28,30971339.75,5.0,0
Butte,North State,Agricultural Processing,311412,Frozen Specialty Food Manufacturing,10.0,191495.66,33934.23,0.0,1
Butte,North State,Agricultural Processing,311421,Fruit and Vegetable Canning,416.66,160234652.59,30043987.94,4.0,0
Butte,North State,Agricultural Processing,311422,Specialty Canning,10.0,320982.76,60013.97,0.0,1
Butte,North State,Agricultural Processing,311423,Dried and Dehydrated Food Manufacturing,74.84,31226315.44,5869360.84,1.0,0
Butte,North State,Agricultural Processing,311511,Fluid Milk Manufacturing,10.0,5417709.69,613317.95,1.0,1
Butte,North State,Agricultural Processing,311520,Ice Cream and Frozen Dessert Manufacturing,10.0,1640986.65,313469.15,1.0,1
Butte,North State,Fishing,311710,Seafood Product Preparation and Packaging,10.0,5403642.41,1048939.89,0.0,1
Butte,North State,Agricultural Processing,311811,Retail Bakeries,72.0,5966106.58,1769461.64,4.0,0
Butte,North State,Agricultural Processing,311812,Commercial Bakeries,12.69,1768120.82,523049.58,2.0,0
Butte,North State,Agricultural Processing,311821,Cookie and Cracker Manufacturing,10.0,2984349.24,566799.86,1.0,1
Butte,North State,Agricultural Processing,311824,"Dry Pasta, Dough, and Flour Mixes Manufacturing from Purchased Flour",10.0,94601.51,17806.61,0.0,1
Butte,North State,Agricultural Processing,311830,Tortilla Manufacturing,10.0,1271944.04,240933.41,1.0,1
Butte,North State,Agricultural Processing,311911,Roasted Nuts and Peanut Butter Manufacturing,39.75,23254582.85,2378270.34,3.0,0
Butte,North State,Agricultural Processing,311919,Other Snack Food Manufacturing,10.0,361944.44,37015.95,0.0,1
Butte,North State,Agricultural Processing,311920,Coffee and Tea Manufacturing,12.35,4099519.52,581027.75,1.0,0
Butte,North State,Agricultural Processing,311930,Flavoring Syrup and Concentrate Manufacturing,10.0,1781627.87,354869.45,1.0,1
Butte,North State,Agricultural Processing,311941,"Mayonnaise, Dressing, and Other Prepared Sauce Manufacturing",10.0,462615.61,80174.22,0.0,1
Butte,North State,Agricultural Processing,311942,Spice and Extract Manufacturing,10.0,935454.31,159852.34,0.0,1
Butte,North State,Agricultural Processing,311991,Perishable Prepared Food Manufacturing,10.0,1403479.68,254977.73,0.0,1
Butte,North State,Agricultural Processing,311999,All Other Miscellaneous Food Manufacturing,10.0,1985666.97,360420.11,1.0,1
Butte,North State,Agricultural Processing,312112,Bottled Water Manufacturing,10.0,4153250.36,762879.49,2.0,1
Butte,North State,Agricultural Processing,312120,Breweries,519.2,299126067.7,45832768.57,4.0,0
Butte,North State,Agricultural Processing,312130,Wineries,63.67,14518694.47,3177392.31,4.5,0
Butte,North State,Agricultural Processing,312140,Distilleries,38.18,66508440.75,5249236.86,1.0,0
Butte,North State,Agricultural Processing,316110,Leather and Hide Tanning and Finishing,10.0,137337.02,37033.06,0.0,1
Butte,North State,Agricultural Processing,316990,Other Leather and Allied Product Manufacturing,10.0,200425.01,53831.23,0.0,1
Butte,North State,Forestry,321113,Sawmills,87.2,47136197.12,6999375.7,1.5,0
Butte,North State,Forestry,321215,Engineered Wood Member Manufacturing,10.0,175166.8,30609.12,0.0,1
Butte,North State,Forestry,321911,Wood Window and Door Manufacturing,19.3,5071478.94,1082881.05,2.0,0
Butte,North State,Forestry,321912,"Cut Stock, Resawing Lumber, and Planing",20.56,6861577.07,1448727.49,1.0,0
Butte,North State,Forestry,321918,Other Millwork (including Flooring),52.8,17109599.6,3623982.41,2.0,0
Butte,North State,Forestry,321920,Wood Container and Pallet Manufacturing,103.69,29358223.72,7304031.92,2.75,0
Butte,North State,Forestry,321992,Prefabricated Wood Building Manufacturing,14.22,3042133.47,757616.79,1.0,0
Butte,North State,Forestry,321999,All Other Miscellaneous Wood Product Manufacturing,27.4,4033685.69,1002554.48,3.0,0
Butte,North State,Forestry,322212,Folding Paperboard Box Manufacturing,53.19,23780151.25,4462295.93,1.0,0
Butte,North State,Forestry,322230,Stationery Product Manufacturing,54.89,27629370.26,6149204.65,1.0,0
Butte,North State,Forestry,322299,All Other Converted Paper Product Manufacturing,39.71,11562239.52,3033180.29,1.0,0
Butte,North State,Agricultural Support,325315,Compost Manufacturing,10.0,112633.87,15862.73,0.25,1
Butte,North State,Mining,327120,Clay Building Material and Refractories Manufacturing,10.0,325883.51,112471.36,1.0,1
Butte,North State,Mining,327320,Ready-Mix Concrete Manufacturing,10.0,975659.38,220018.99,1.75,1
Butte,North State,Mining,327390,Other Concrete Product Manufacturing,10.0,348859.68,100518.96,1.0,1
Butte,North State,Mining,327410,Lime Manufacturing,10.0,527925.58,78100.66,0.0,1
Butte,North State,Mining,327991,Cut Stone and Stone Product Manufacturing,10.0,689967.65,264610.78,1.0,1
Butte,North State,Agricultural Support,333111,Farm Machinery and Equipment Manufacturing,177.63,60359270.66,12294787.05,7.0,0
Butte,North State,Agricultural Processing,333241,Food Product Machinery Manufacturing,10.0,1337058.67,362395.92,1.0,1
Butte,North State,Agricultural Processing,333993,Packaging Machinery Manufacturing,10.0,171585.9,46736.11,0.0,1
Butte,North State,Forestry,337110,Wood Kitchen Cabinet and Countertop Manufacturing,118.01,14863887.29,6708779.08,11.0,0
Butte,North State,Forestry,423310,"Lumber, Plywood, Millwork, and Wood Panel Merchant Wholesalers",143.16,52025216.78,15860561.63,9.0,0
Butte,North State,Mining,423320,"Brick, Stone, and Related Construction Material Merchant Wholesalers",45.06,10384384.86,3171182.95,3.25,0
Butte,North State,Agricultural Support,423820,Farm and Garden Machinery and Equipment Merchant Wholesalers,100.65,28090704.11,9634603.91,10.0,0
Butte,North State,Agricultural Distribution,424410,General Line Grocery Merchant Wholesalers,10.84,2251093.42,749438.6,5.0,0
Butte,North State,Agricultural Distribution,424420,Packaged Frozen Food Merchant Wholesalers,10.0,394973.49,131317.31,0.0,1
Butte,North State,Agricultural Distribution,424430,Dairy Product (except Dried or Canned) Merchant Wholesalers,31.09,7974055.37,2642867.93,1.0,0
Butte,North State,Agricultural Distribution,424450,Confectionery Merchant Wholesalers,32.76,9157633.18,3037236.03,3.0,0
Butte,North State,Fishing,424460,Fish and Seafood Merchant Wholesalers,10.0,102554.14,34201.49,0.0,1
Butte,North State,Agricultural Distribution,424470,Meat and Meat Product Merchant Wholesalers,27.84,6546288.46,2180889.2,1.0,0
Butte,North State,Agricultural Distribution,424480,Fresh Fruit and Vegetable Merchant Wholesalers,139.44,38811608.9,12944161.0,3.0,0
Butte,North State,Agricultural Distribution,424490,Other Grocery and Related Products Merchant Wholesalers,136.91,33093176.55,11012610.1,9.0,0
Butte,North State,Agricultural Distribution,424510,Grain and Field Bean Merchant Wholesalers,15.42,3722584.91,892730.48,1.0,0
Butte,North State,Agricultural Distribution,424520,Livestock Merchant Wholesalers,10.0,645671.82,153393.8,0.0,1
Butte,North State,Agricultural Distribution,424590,Other Farm Product Raw Material Merchant Wholesalers,34.35,9131861.72,2201001.02,2.5,0
Butte,North State,Agricultural Distribution,424810,Beer and Ale Merchant Wholesalers,69.2,29382064.1,7061680.72,1.0,0
Butte,North State,Agricultural Distribution,424820,Wine and Distilled Alcoholic Beverage Merchant Wholesalers,10.0,2298150.08,560709.89,0.0,1
Butte,North State,Agricultural Distribution,424910,Farm Supplies Merchant Wholesalers,96.75,38899829.01,9362634.68,6.5,0
Butte,North State,Agricultural Distribution,424930,"Flower, Nursery Stock, and Florists' Supplies Merchant Wholesalers",98.95,22458283.74,5423424.82,1.0,0
Butte,North State,Agricultural Distribution,424990,Other Miscellaneous Nondurable Goods Merchant Wholesalers,50.06,8628822.95,2090885.86,2.5,0
Butte,North State,Outdoor Recreation,441222,Boat Dealers,10.0,87954.94,26820.8,1.0,1
Butte,North State,Agricultural Support,444240,"Nursery, Garden Center, and Farm Supply Retailers",208.83,26299871.74,7532725.88,19.5,0
Butte,North State,Agricultural Distribution,445230,Fruit and Vegetable Markets,20.34,2350340.55,894693.28,1.0,0
Butte,North State,Agricultural Distribution,445240,Meat Retailers,44.74,6526584.13,2465899.84,5.0,0
Butte,North State,Agricultural Distribution,445291,Baked Goods Stores,11.43,928540.44,350483.67,1.0,0
Butte,North State,Agricultural Distribution,445292,Confectionery and Nut Stores,34.26,2726375.22,1031921.76,4.0,0
Butte,North State,Agricultural Distribution,445298,All Other Specialty Food Retailers,109.29,6654908.91,2524092.62,8.25,0
Butte,North State,Agricultural Distribution,445320,"Beer, Wine, and Liquor Retailers",133.42,11647467.56,4394958.68,27.5,0
Butte,North State,Agricultural Distribution,456191,Food (Health) Supplement Retailers,49.19,2506481.79,792977.86,4.0,0
Butte,North State,Agricultural Distribution,459310,Florists,101.88,8857779.19,2966339.73,7.0,0
Butte,North State,Agricultural Distribution,484230,"Specialized Freight (except Used Goods) Trucking, Long-Distance",17.21,2860858.7,1033868.81,2.0,0
Butte,North State,Outdoor Recreation,487110,"Scenic and Sightseeing Transportation, Land",10.0,53289.17,23034.37,0.0,1
Butte,North State,Outdoor Recreation,487210,"Scenic and Sightseeing Transportation, Water",10.0,183319.76,79145.12,0.0,1
Butte,North State,Agricultural Distribution,493120,Refrigerated Warehousing and Storage,10.0,373053.1,234732.56,0.0,1
Butte,North State,Agricultural Distribution,493130,Farm Product Warehousing and Storage,10.0,125653.44,79003.77,0.0,1
Butte,North State,Outdoor Recreation,532284,Recreational Goods Rental,10.94,1423111.18,373303.06,2.5,0
Butte,North State,Mining,532412,"Construction, Mining, and Forestry Machinery and Equipment Rental and Leasing",84.93,56301688.17,7088453.47,8.25,0
Butte,North State,Mining,541360,Geophysical Surveying and Mapping Services,10.0,292359.84,146911.74,0.0,1
Butte,North State,Agricultural Support,541620,Environmental Consulting Services,78.93,6853816.44,4183813.33,4.5,0
Butte,North State,Agricultural Support,541690,Other Scientific and Technical Consulting Services,187.35,22836826.05,13941945.11,15.25,0
Butte,North State,Agricultural Distribution,624210,Community Food Services,22.36,1049921.12,768023.64,3.0,0
Butte,North State,Outdoor Recreation,712190,Nature Parks and Other Similar Institutions,10.0,188129.91,60847.23,1.0,1
Butte,North State,Outdoor Recreation,713930,Marinas,26.48,3743544.0,1458361.12,2.0,0
Butte,North State,Outdoor Recreation,713990,All Other Amusement and Recreation Industries,142.31,13859270.21,5364252.36,17.0,0
Butte,North State,Outdoor Recreation,721211,RV (Recreational Vehicle) Parks and Campgrounds,15.87,2205075.54,581392.63,4.0,0
Butte,North State,Outdoor Recreation,721214,Recreational and Vacation Camps (except Campgrounds),10.0,115234.37,30308.29,1.0,1
Calaveras,Sierra,Agricultural Production,111000,Crop Production,392.89,55336946.16,12688227.2,17.5,0
Calaveras,Sierra,Agricultural Production,112000,Animal Production,96.74,18482754.47,3239157.89,7.75,0
Calaveras,Sierra,Forestry,113110,Timber Tract Operations,10.0,293767.69,120224.18,1.0,1
Calaveras,Sierra,Forestry,113210,Forest Nurseries and Gathering of Forest Products,10.0,1501791.96,618557.95,1.0,1
Calaveras,Sierra,Forestry,113310,Logging,36.7,5486915.59,2169355.29,5.0,0
Calaveras,Sierra,Fishing,114111,Finfish Fishing,10.0,623035.62,239422.79,0.0,1
Calaveras,Sierra,Fishing,114112,Shellfish Fishing,10.0,186201.9,70808.43,0.0,1
Calaveras,Sierra,Agricultural Production,115112,"Soil Preparation, Planting, and Cultivating",20.3,807772.81,700366.88,1.0,0
Calaveras,Sierra,Agricultural Production,115113,"Crop Harvesting, Primarily by Machine",10.0,98319.36,85314.91,0.0,1
Calaveras,Sierra,Agricultural Production,115114,Postharvest Crop Activities (except Cotton Ginning),10.0,49460.22,42999.24,0.0,1
Calaveras,Sierra,Agricultural Support,115115,Farm Labor Contractors and Crew Leaders,57.75,3453277.72,2757059.15,1.75,0
Calaveras,Sierra,Agricultural Support,115116,Farm Management Services,10.0,77088.58,67017.13,0.0,1
Calaveras,Sierra,Agricultural Support,115210,Support Activities for Animal Production,40.0,1297657.7,1123676.05,2.0,0
Calaveras,Sierra,Forestry,115310,Support Activities for Forestry,19.71,1295674.84,1121222.29,2.0,0
Calaveras,Sierra,Mining,211120,Crude Petroleum Extraction,10.0,430136.68,39303.23,0.0,1
Calaveras,Sierra,Mining,212114,Surface Coal Mining,10.0,61546.24,8389.5,0.0,1
Calaveras,Sierra,Mining,212115,Underground Coal Mining,10.0,377959.7,51010.51,0.0,1
Calaveras,Sierra,Mining,212220,Gold Ore and Silver Ore Mining,10.0,433622.52,82157.82,0.0,1
Calaveras,Sierra,Mining,212312,Crushed and Broken Limestone Mining and Quarrying,10.0,125683.13,26938.09,0.0,1
Calaveras,Sierra,Mining,212313,Crushed and Broken Granite Mining and Quarrying,10.0,90383.74,19469.92,0.0,1
Calaveras,Sierra,Mining,212319,Other Crushed and Broken Stone Mining and Quarrying,10.0,3161464.1,684960.46,1.0,1
Calaveras,Sierra,Mining,212321,Construction Sand and Gravel Mining,10.0,517870.06,139132.25,0.0,1
Calaveras,Sierra,Mining,212390,Other Nonmetallic Mineral Mining and Quarrying,10.0,162722.43,43709.16,0.0,1
Calaveras,Sierra,Mining,213112,Support Activities for Oil and Gas Operations,10.0,59895.64,21719.83,0.0,1
Calaveras,Sierra,Renewable Energy,221111,Hydroelectric Power Generation,10.0,694413.79,96436.04,1.0,1
Calaveras,Sierra,Renewable Energy,221114,Solar Electric Power Generation,10.0,327454.53,45298.2,1.0,1
Calaveras,Sierra,Agricultural Support,221310,Water Supply and Irrigation Systems,10.0,800110.31,252195.57,1.0,1
Calaveras,Sierra,Agricultural Processing,311111,Dog and Cat Food Manufacturing,10.0,561337.03,58983.88,0.0,1
Calaveras,Sierra,Agricultural Processing,311119,Other Animal Food Manufacturing,10.0,886144.99,76211.89,0.0,1
Calaveras,Sierra,Agricultural Processing,311224,Soybean and Other Oilseed Processing,10.0,1712453.3,37225.9,1.0,1
Calaveras,Sierra,Agricultural Processing,311421,Fruit and Vegetable Canning,10.0,1252515.06,234846.5,1.0,1
Calaveras,Sierra,Agricultural Processing,311611,Animal (except Poultry) Slaughtering,10.0,1214705.87,144573.59,0.0,1
Calaveras,Sierra,Agricultural Processing,311612,Meat Processed from Carcasses,10.0,1762644.14,206661.89,0.0,1
Calaveras,Sierra,Agricultural Processing,311615,Poultry Processing,10.0,380552.16,61922.73,0.0,1
Calaveras,Sierra,Fishing,311710,Seafood Product Preparation and Packaging,10.0,1108395.63,215158.65,0.0,1
Calaveras,Sierra,Agricultural Processing,311811,Retail Bakeries,10.0,134731.18,39959.34,2.0,1
Calaveras,Sierra,Agricultural Processing,311991,Perishable Prepared Food Manufacturing,10.0,1318434.77,239527.16,1.0,1
Calaveras,Sierra,Agricultural Processing,312120,Breweries,10.0,311720.41,47762.5,0.0,1
Calaveras,Sierra,Agricultural Processing,312130,Wineries,153.01,29024941.15,6352060.44,17.5,0
Calaveras,Sierra,Agricultural Processing,312140,Distilleries,10.0,4484449.26,353939.08,1.0,1
Calaveras,Sierra,Agricultural Processing,316990,Other Leather and Allied Product Manufacturing,10.0,116941.99,31408.91,0.0,1
Calaveras,Sierra,Forestry,321113,Sawmills,10.0,101499.15,15071.87,0.0,1
Calaveras,Sierra,Forestry,321215,Engineered Wood Member Manufacturing,13.43,704629.06,123128.78,0.0,0
Calaveras,Sierra,Forestry,321911,Wood Window and Door Manufacturing,10.0,98669.52,21068.28,0.0,1
Calaveras,Sierra,Forestry,321918,Other Millwork (including Flooring),10.0,71311.43,15104.47,0.0,1
Calaveras,Sierra,Forestry,321920,Wood Container and Pallet Manufacturing,10.0,150375.97,37412.03,0.0,1
Calaveras,Sierra,Forestry,321999,All Other Miscellaneous Wood Product Manufacturing,10.0,457912.44,113812.08,0.0,1
Calaveras,Sierra,Agricultural Support,325314,Fertilizer (Mixing Only) Manufacturing,10.0,689782.14,95756.14,0.0,1
Calaveras,Sierra,Mining,327120,Clay Building Material and Refractories Manufacturing,10.0,358384.4,123688.31,0.0,1
Calaveras,Sierra,Mining,327320,Ready-Mix Concrete Manufacturing,10.0,184816.0,41677.48,1.5,1
Calaveras,Sierra,Agricultural Processing,333241,Food Product Machinery Manufacturing,10.0,616722.52,167156.26,0.0,1
Calaveras,Sierra,Forestry,337110,Wood Kitchen Cabinet and Countertop Manufacturing,12.69,1584626.53,715217.3,4.0,0
Calaveras,Sierra,Forestry,423310,"Lumber, Plywood, Millwork, and Wood Panel Merchant Wholesalers",10.0,1214427.76,370234.04,3.0,1
Calaveras,Sierra,Mining,423320,"Brick, Stone, and Related Construction Material Merchant Wholesalers",12.4,3172339.68,968768.94,3.0,0
Calaveras,Sierra,Agricultural Support,423820,Farm and Garden Machinery and Equipment Merchant Wholesalers,10.0,2256719.82,774014.12,1.0,1
Calaveras,Sierra,Agricultural Distribution,424410,General Line Grocery Merchant Wholesalers,15.98,2472845.19,823264.65,1.0,0
Calaveras,Sierra,Agricultural Distribution,424420,Packaged Frozen Food Merchant Wholesalers,10.0,188491.53,62668.01,0.0,1
Calaveras,Sierra,Agricultural Distribution,424450,Confectionery Merchant Wholesalers,10.0,178277.05,59127.67,0.0,1
Calaveras,Sierra,Fishing,424460,Fish and Seafood Merchant Wholesalers,10.0,176157.48,58747.98,0.0,1
Calaveras,Sierra,Agricultural Distribution,424480,Fresh Fruit and Vegetable Merchant Wholesalers,10.0,304366.81,101510.17,0.0,1
Calaveras,Sierra,Agricultural Distribution,424490,Other Grocery and Related Products Merchant Wholesalers,10.0,1216567.05,404844.14,0.75,1
Calaveras,Sierra,Agricultural Distribution,424510,Grain and Field Bean Merchant Wholesalers,10.0,590296.23,141561.7,0.0,1
Calaveras,Sierra,Agricultural Distribution,424520,Livestock Merchant Wholesalers,10.0,155095.31,36846.36,0.0,1
Calaveras,Sierra,Agricultural Distribution,424590,Other Farm Product Raw Material Merchant Wholesalers,10.0,541628.7,130545.71,2.5,1
Calaveras,Sierra,Agricultural Distribution,424930,"Flower, Nursery Stock, and Florists' Supplies Merchant Wholesalers",13.85,1217145.9,293927.15,1.0,0
Calaveras,Sierra,Agricultural Distribution,424990,Other Miscellaneous Nondurable Goods Merchant Wholesalers,10.0,470938.42,114115.04,2.0,1
Calaveras,Sierra,Agricultural Support,444240,"Nursery, Garden Center, and Farm Supply Retailers",27.94,3061552.54,876880.17,5.0,0
Calaveras,Sierra,Agricultural Distribution,445291,Baked Goods Stores,10.0,595369.54,224726.13,0.0,1
Calaveras,Sierra,Agricultural Distribution,445292,Confectionery and Nut Stores,10.0,548113.18,207458.58,1.0,1
Calaveras,Sierra,Agricultural Distribution,445298,All Other Specialty Food Retailers,31.25,2323373.14,881215.52,3.0,0
Calaveras,Sierra,Agricultural Distribution,445320,"Beer, Wine, and Liquor Retailers",11.85,863856.8,325960.55,3.0,0
Calaveras,Sierra,Agricultural Distribution,456191,Food (Health) Supplement Retailers,11.5,1194056.27,377764.64,1.0,0
Calaveras,Sierra,Agricultural Distribution,459310,Florists,13.3,1018797.35,341180.22,2.0,0
Calaveras,Sierra,Agricultural Distribution,484230,"Specialized Freight (except Used Goods) Trucking, Long-Distance",10.0,363163.19,131241.4,1.5,1
Calaveras,Sierra,Outdoor Recreation,487110,"Scenic and Sightseeing Transportation, Land",10.0,29045.83,12555.13,0.0,1
Calaveras,Sierra,Outdoor Recreation,487210,"Scenic and Sightseeing Transportation, Water",10.0,99610.28,43005.01,0.0,1
Calaveras,Sierra,Agricultural Distribution,493120,Refrigerated Warehousing and Storage,10.0,21233.31,13360.43,0.0,1
Calaveras,Sierra,Outdoor Recreation,532284,Recreational Goods Rental,10.0,236470.05,62029.58,1.0,1
Calaveras,Sierra,Mining,532412,"Construction, Mining, and Forestry Machinery and Equipment Rental and Leasing",10.0,747165.03,94069.02,1.0,1
Calaveras,Sierra,Agricultural Support,541620,Environmental Consulting Services,164.57,32908492.2,20088514.12,2.0,0
Calaveras,Sierra,Agricultural Support,541690,Other Scientific and Technical Consulting Services,70.1,7556444.21,4613229.97,5.0,0
Calaveras,Sierra,Agricultural Distribution,624210,Community Food Services,10.0,241729.44,176826.55,1.0,1
Calaveras,Sierra,Outdoor Recreation,712130,Zoos and Botanical Gardens,10.0,135729.71,44007.92,0.0,1
Calaveras,Sierra,Outdoor Recreation,712190,Nature Parks and Other Similar Institutions,14.4,1301295.25,420880.53,2.0,0
Calaveras,Sierra,Outdoor Recreation,713920,Skiing Facilities,29.76,5360577.72,2040895.93,0.5,0
Calaveras,Sierra,Outdoor Recreation,713930,Marinas,28.13,4333530.27,1688200.29,2.0,0
Calaveras,Sierra,Outdoor Recreation,713990,All Other Amusement and Recreation Industries,28.11,2578769.34,998116.73,3.0,0
Calaveras,Sierra,Outdoor Recreation,721211,RV (Recreational Vehicle) Parks and Campgrounds,33.24,3970742.16,1046930.23,2.25,0
Calaveras,Sierra,Outdoor Recreation,721214,Recreational and Vacation Camps (except Campgrounds),10.0,766950.63,201719.0,0.0,1
Colusa,Capital,Agricultural Production,111000,Crop Production,2177.86,712527373.92,163375643.89,205.5,0
Colusa,Capital,Agricultural Production,112000,Animal Production,46.42,15235676.92,2670097.86,12.0,0
Colusa,Capital,Forestry,113310,Logging,10.0,603683.47,238677.61,0.0,1
Colusa,Capital,Outdoor Recreation,114210,Hunting and Trapping,10.0,985976.74,373043.2,0.0,1
Colusa,Capital,Agricultural Production,115112,"Soil Preparation, Planting, and Cultivating",122.7,16726489.43,14502443.23,21.25,0
Colusa,Capital,Agricultural Production,115113,"Crop Harvesting, Primarily by Machine",10.0,798600.34,692971.51,4.0,1
Colusa,Capital,Agricultural Production,115114,Postharvest Crop Activities (except Cotton Ginning),207.42,18992805.67,16511781.52,16.25,0
Colusa,Capital,Agricultural Support,115115,Farm Labor Contractors and Crew Leaders,473.45,27677703.27,22097575.5,9.0,0
Colusa,Capital,Agricultural Support,115116,Farm Management Services,10.0,446635.45,388283.48,1.0,1
Colusa,Capital,Agricultural Support,115210,Support Activities for Animal Production,10.0,445804.19,386033.61,0.0,1
Colusa,Capital,Forestry,115310,Support Activities for Forestry,10.0,488769.67,422960.63,1.0,1
Colusa,Capital,Mining,211120,Crude Petroleum Extraction,11.85,23163725.59,2116557.82,1.0,0
Colusa,Capital,Mining,212220,Gold Ore and Silver Ore Mining,10.0,444813.83,84278.22,0.0,1
Colusa,Capital,Mining,213112,Support Activities for Oil and Gas Operations,10.0,35814.76,12987.43,0.0,1
Colusa,Capital,Renewable Energy,221114,Solar Electric Power Generation,10.0,814013.61,112606.02,0.0,1
Colusa,Capital,Agricultural Support,221310,Water Supply and Irrigation Systems,10.0,618316.0,194893.82,3.0,1
Colusa,Capital,Agricultural Processing,311119,Other Animal Food Manufacturing,69.59,66893352.35,5753086.44,1.0,0
Colusa,Capital,Agricultural Processing,311212,Rice Milling,379.25,383820272.32,40663381.53,7.0,0
Colusa,Capital,Agricultural Processing,311213,Malt Manufacturing,10.0,329083.81,34377.94,0.0,1
Colusa,Capital,Agricultural Processing,311221,Wet Corn Milling,71.42,46538686.23,8125723.88,1.0,0
Colusa,Capital,Agricultural Processing,311224,Soybean and Other Oilseed Processing,72.46,282072845.98,6131797.5,1.0,0
Colusa,Capital,Agricultural Processing,311421,Fruit and Vegetable Canning,111.14,39520374.52,7410067.9,1.0,0
Colusa,Capital,Agricultural Processing,311423,Dried and Dehydrated Food Manufacturing,56.89,22330081.64,4197206.91,2.0,0
Colusa,Capital,Agricultural Processing,311991,Perishable Prepared Food Manufacturing,10.0,154873.45,28136.69,0.0,1
Colusa,Capital,Forestry,321999,All Other Miscellaneous Wood Product Manufacturing,10.0,154189.29,38323.06,0.0,1
Colusa,Capital,Agricultural Support,325311,Nitrogenous Fertilizer Manufacturing,10.0,1623638.89,225549.67,1.0,1
Colusa,Capital,Agricultural Support,325320,Pesticide and Other Agricultural Chemical Manufacturing,10.0,1234785.23,124488.41,1.0,1
Colusa,Capital,Agricultural Support,333111,Farm Machinery and Equipment Manufacturing,10.0,1135061.87,231204.65,1.0,1
Colusa,Capital,Forestry,423310,"Lumber, Plywood, Millwork, and Wood Panel Merchant Wholesalers",10.0,795941.88,242653.2,1.0,1
Colusa,Capital,Agricultural Support,423820,Farm and Garden Machinery and Equipment Merchant Wholesalers,228.92,54497325.77,18691597.98,6.0,0
Colusa,Capital,Agricultural Distribution,424480,Fresh Fruit and Vegetable Merchant Wholesalers,16.51,5654112.23,1885717.73,2.0,0
Colusa,Capital,Agricultural Distribution,424510,Grain and Field Bean Merchant Wholesalers,208.5,80421106.72,19286161.43,1.0,0
Colusa,Capital,Agricultural Distribution,424520,Livestock Merchant Wholesalers,10.0,1292804.78,307134.72,1.0,1
Colusa,Capital,Agricultural Distribution,424590,Other Farm Product Raw Material Merchant Wholesalers,21.37,5117944.11,1233549.14,1.0,0
Colusa,Capital,Agricultural Distribution,424910,Farm Supplies Merchant Wholesalers,139.97,80110523.71,19281461.81,8.0,0
Colusa,Capital,Agricultural Distribution,424990,Other Miscellaneous Nondurable Goods Merchant Wholesalers,42.75,12197493.7,2955625.26,2.0,0
Colusa,Capital,Agricultural Support,444240,"Nursery, Garden Center, and Farm Supply Retailers",10.0,391543.78,112144.73,1.0,1
Colusa,Capital,Agricultural Distribution,445230,Fruit and Vegetable Markets,10.0,382254.15,145510.92,1.0,1
Colusa,Capital,Agricultural Distribution,445240,Meat Retailers,23.09,2153778.48,813749.11,3.0,0
Colusa,Capital,Agricultural Distribution,445298,All Other Specialty Food Retailers,10.0,106291.81,40314.66,0.0,1
Colusa,Capital,Agricultural Distribution,445320,"Beer, Wine, and Liquor Retailers",10.0,390552.29,147367.76,1.0,1
Colusa,Capital,Agricultural Distribution,456191,Food (Health) Supplement Retailers,10.0,258429.24,81759.49,0.0,1
Colusa,Capital,Agricultural Distribution,459310,Florists,10.0,639126.53,214034.06,1.0,1
Colusa,Capital,Agricultural Distribution,484230,"Specialized Freight (except Used Goods) Trucking, Long-Distance",26.56,7000152.37,2529743.67,2.0,0
Colusa,Capital,Outdoor Recreation,487110,"Scenic and Sightseeing Transportation, Land",10.0,38808.27,16774.96,0.0,1
Colusa,Capital,Outdoor Recreation,487210,"Scenic and Sightseeing Transportation, Water",10.0,151598.82,65450.16,0.0,1
Colusa,Capital,Agricultural Distribution,493120,Refrigerated Warehousing and Storage,10.0,40237.75,25318.41,0.0,1
Colusa,Capital,Agricultural Distribution,493130,Farm Product Warehousing and Storage,10.0,1039260.74,653428.3,2.5,1
Colusa,Capital,Mining,541360,Geophysical Surveying and Mapping Services,10.0,475057.68,238717.99,0.0,1
Colusa,Capital,Agricultural Support,541620,Environmental Consulting Services,10.0,22287.02,13604.79,0.0,1
Colusa,Capital,Agricultural Support,541690,Other Scientific and Technical Consulting Services,10.0,466394.16,284734.92,3.0,1
Colusa,Capital,Agricultural Distribution,624210,Community Food Services,10.0,249479.34,182495.64,2.0,1
Colusa,Capital,Outdoor Recreation,713990,All Other Amusement and Recreation Industries,13.71,1303091.92,504363.78,3.0,0
Contra Costa,Bay Area,Agricultural Production,111000,Crop Production,782.58,214208607.52,49115964.47,50.75,0
Contra Costa,Bay Area,Agricultural Production,112000,Animal Production,160.6,106930648.88,18739915.41,12.0,0
Contra Costa,Bay Area,Forestry,113110,Timber Tract Operations,10.0,357435.02,146279.99,1.0,1
Contra Costa,Bay Area,Forestry,113210,Forest Nurseries and Gathering of Forest Products,10.0,111188.72,45796.4,0.0,1
Contra Costa,Bay Area,Forestry,113310,Logging,38.71,1549057.42,612448.99,0.0,0
Contra Costa,Bay Area,Fishing,114111,Finfish Fishing,98.29,8449842.13,3247141.37,0.5,0
Contra Costa,Bay Area,Fishing,114112,Shellfish Fishing,18.71,501188.96,190590.98,0.0,0
Contra Costa,Bay Area,Fishing,114119,Other Marine Fishing,10.0,2949.02,1125.88,0.0,1
Contra Costa,Bay Area,Outdoor Recreation,114210,Hunting and Trapping,17.64,1553900.02,587916.34,1.0,0
Contra Costa,Bay Area,Agricultural Processing,115111,Cotton Ginning,10.0,84316.68,72773.14,0.0,1
Contra Costa,Bay Area,Agricultural Production,115112,"Soil Preparation, Planting, and Cultivating",125.94,3980332.04,3451085.16,6.0,0
Contra Costa,Bay Area,Agricultural Production,115113,"Crop Harvesting, Primarily by Machine",15.63,1003470.45,870743.97,1.0,0
Contra Costa,Bay Area,Agricultural Production,115114,Postharvest Crop Activities (except Cotton Ginning),50.92,1962685.4,1706300.43,5.0,0
Contra Costa,Bay Area,Agricultural Support,115115,Farm Labor Contractors and Crew Leaders,58.09,4232463.59,3379152.63,2.0,0
Contra Costa,Bay Area,Agricultural Support,115116,Farm Management Services,27.36,1277029.97,1110188.73,3.0,0
Contra Costa,Bay Area,Agricultural Support,115210,Support Activities for Animal Production,293.5,13362997.42,11571372.06,16.0,0
Contra Costa,Bay Area,Forestry,115310,Support Activities for Forestry,153.74,22700885.0,19644387.34,2.0,0
Contra Costa,Bay Area,Mining,211120,Crude Petroleum Extraction,386.44,506487716.07,46279711.49,5.0,0
Contra Costa,Bay Area,Mining,211130,Natural Gas Extraction,155.43,38058007.82,3501229.72,0.0,0
Contra Costa,Bay Area,Mining,212210,Iron Ore Mining,10.0,870199.25,157983.09,0.0,1
Contra Costa,Bay Area,Mining,212220,Gold Ore and Silver Ore Mining,118.28,13595463.62,2575912.3,0.0,0
Contra Costa,Bay Area,Mining,212311,Dimension Stone Mining and Quarrying,10.0,788300.51,168755.78,0.0,1
Contra Costa,Bay Area,Mining,212312,Crushed and Broken Limestone Mining and Quarrying,10.0,455043.36,97531.0,0.0,1
Contra Costa,Bay Area,Mining,212313,Crushed and Broken Granite Mining and Quarrying,10.0,1081697.58,233012.76,0.0,1
Contra Costa,Bay Area,Mining,212319,Other Crushed and Broken Stone Mining and Quarrying,10.0,896830.04,194306.53,0.0,1
Contra Costa,Bay Area,Mining,212321,Construction Sand and Gravel Mining,82.77,31338584.34,8419501.63,3.0,0
Contra Costa,Bay Area,Mining,212322,Industrial Sand Mining,22.46,3621734.02,947711.81,0.0,0
Contra Costa,Bay Area,Mining,212323,"Kaolin, Clay, and Ceramic and Refractory Minerals Mining",10.0,247044.26,66132.17,0.0,1
Contra Costa,Bay Area,Mining,212390,Other Nonmetallic Mineral Mining and Quarrying,10.0,1846633.83,496027.6,1.0,1
Contra Costa,Bay Area,Mining,213111,Drilling Oil and Gas Wells,10.0,6032042.52,1675531.69,1.0,1
Contra Costa,Bay Area,Mining,213112,Support Activities for Oil and Gas Operations,58.83,35759055.25,12967229.15,4.25,0
Contra Costa,Bay Area,Mining,213114,Support Activities for Metal Mining,10.0,2257070.17,791626.25,0.0,1
Contra Costa,Bay Area,Renewable Energy,221111,Hydroelectric Power Generation,32.83,24731163.38,3434516.34,3.0,0
Contra Costa,Bay Area,Renewable Energy,221114,Solar Electric Power Generation,35.69,34919735.52,4830597.86,11.5,0
Contra Costa,Bay Area,Renewable Energy,221115,Wind Electric Power Generation,10.0,1741575.34,233969.49,0.0,1
Contra Costa,Bay Area,Renewable Energy,221116,Geothermal Electric Power Generation,13.41,3457484.11,489353.17,0.0,0
Contra Costa,Bay Area,Renewable Energy,221117,Biomass Electric Power Generation,37.88,58304869.84,8041499.65,1.0,0
Contra Costa,Bay Area,Renewable Energy,221118,Other Electric Power Generation,44.27,89138532.66,12290544.02,2.5,0
Contra Costa,Bay Area,Agricultural Support,221310,Water Supply and Irrigation Systems,127.86,34736686.87,10949038.67,6.0,0
Contra Costa,Bay Area,Agricultural Processing,311111,Dog and Cat Food Manufacturing,46.47,62634191.78,6581442.59,1.75,0
Contra Costa,Bay Area,Agricultural Processing,311119,Other Animal Food Manufacturing,10.0,730172.86,62797.68,0.0,1
Contra Costa,Bay Area,Agricultural Processing,311225,Fats and Oils Refining and Blending,59.13,152397530.02,9048175.52,2.0,0
Contra Costa,Bay Area,Agricultural Processing,311230,Breakfast Cereal Manufacturing,17.98,14525247.93,1922460.69,1.0,0
Contra Costa,Bay Area,Agricultural Processing,311314,Cane Sugar Manufacturing,497.92,512200557.31,72950323.27,3.0,0
Contra Costa,Bay Area,Agricultural Processing,311340,Nonchocolate Confectionery Manufacturing,10.0,2275834.36,322193.95,1.5,1
Contra Costa,Bay Area,Agricultural Processing,311411,"Frozen Fruit, Juice, and Vegetable Manufacturing",10.0,240430.36,42605.27,0.0,1
Contra Costa,Bay Area,Agricultural Processing,311412,Frozen Specialty Food Manufacturing,21.6,16817043.79,2980085.76,1.0,0
Contra Costa,Bay Area,Agricultural Processing,311421,Fruit and Vegetable Canning,41.85,12618396.05,2365948.52,3.5,0
Contra Costa,Bay Area,Agricultural Processing,311422,Specialty Canning,10.0,632023.17,118169.02,0.0,1
Contra Costa,Bay Area,Agricultural Processing,311423,Dried and Dehydrated Food Manufacturing,13.54,8351231.18,1569714.15,1.0,0
Contra Costa,Bay Area,Agricultural Processing,311511,Fluid Milk Manufacturing,10.0,418581.37,47385.98,0.0,1
Contra Costa,Bay Area,Agricultural Processing,311513,Cheese Manufacturing,125.15,126391001.89,9618578.48,1.0,0
Contra Costa,Bay Area,Agricultural Processing,311520,Ice Cream and Frozen Dessert Manufacturing,131.48,37581847.68,7179064.99,6.0,0
Contra Costa,Bay Area,Fishing,311710,Seafood Product Preparation and Packaging,14.61,8853556.52,1718627.53,0.0,0
Contra Costa,Bay Area,Agricultural Processing,311811,Retail Bakeries,346.52,41708925.76,12370269.15,25.5,0
Contra Costa,Bay Area,Agricultural Processing,311812,Commercial Bakeries,392.4,91754401.21,27142998.6,9.0,0
Contra Costa,Bay Area,Agricultural Processing,311813,"Frozen Cakes, Pies, and Other Pastries Manufacturing",131.45,33700383.68,10022007.17,1.0,0
Contra Costa,Bay Area,Agricultural Processing,311821,Cookie and Cracker Manufacturing,11.03,2579830.85,489972.06,1.0,0
Contra Costa,Bay Area,Agricultural Processing,311824,"Dry Pasta, Dough, and Flour Mixes Manufacturing from Purchased Flour",10.0,294962.7,55520.1,0.0,1
Contra Costa,Bay Area,Agricultural Processing,311830,Tortilla Manufacturing,10.0,241746.09,45791.88,0.0,1
Contra Costa,Bay Area,Agricultural Processing,311911,Roasted Nuts and Peanut Butter Manufacturing,37.95,9368076.83,958082.95,0.25,0
Contra Costa,Bay Area,Agricultural Processing,311919,Other Snack Food Manufacturing,13.8,11837264.72,1210593.63,1.5,0
Contra Costa,Bay Area,Agricultural Processing,311920,Coffee and Tea Manufacturing,45.56,10044146.47,1423563.86,5.25,0
Contra Costa,Bay Area,Agricultural Processing,311930,Flavoring Syrup and Concentrate Manufacturing,10.0,694109.18,138254.54,0.0,1
Contra Costa,Bay Area,Agricultural Processing,311941,"Mayonnaise, Dressing, and Other Prepared Sauce Manufacturing",10.0,1105310.12,191557.25,0.75,1
Contra Costa,Bay Area,Agricultural Processing,311942,Spice and Extract Manufacturing,25.87,13545917.84,2314754.13,1.25,0
Contra Costa,Bay Area,Agricultural Processing,311991,Perishable Prepared Food Manufacturing,280.61,99546533.58,18085155.78,9.25,0
Contra Costa,Bay Area,Agricultural Processing,311999,All Other Miscellaneous Food Manufacturing,117.33,36941219.16,6705232.32,4.0,0
Contra Costa,Bay Area,Agricultural Processing,312111,Soft Drink Manufacturing,54.93,32584625.97,6006401.25,1.0,0
Contra Costa,Bay Area,Agricultural Processing,312112,Bottled Water Manufacturing,10.0,569934.57,104687.02,0.0,1
Contra Costa,Bay Area,Agricultural Processing,312113,Ice Manufacturing,10.0,1354926.98,248892.47,1.0,1
Contra Costa,Bay Area,Agricultural Processing,312120,Breweries,96.6,34134568.66,5230175.35,6.0,0
Contra Costa,Bay Area,Agricultural Processing,312130,Wineries,229.96,69717845.62,15257635.38,18.75,0
Contra Costa,Bay Area,Agricultural Processing,312140,Distilleries,10.0,7524224.09,593855.97,1.0,1
Contra Costa,Bay Area,Agricultural Processing,313110,"Fiber, Yarn, and Thread Mills",10.0,260278.46,50629.91,0.0,1
Contra Costa,Bay Area,Agricultural Processing,316990,Other Leather and Allied Product Manufacturing,18.76,4940893.88,1327051.95,4.0,0
Contra Costa,Bay Area,Forestry,321113,Sawmills,10.0,668405.39,99253.24,0.5,1
Contra Costa,Bay Area,Forestry,321114,Wood Preservation,10.0,2982939.79,441310.86,1.0,1
Contra Costa,Bay Area,Forestry,321215,Engineered Wood Member Manufacturing,10.0,1108509.1,193703.87,1.0,1
Contra Costa,Bay Area,Forestry,321219,Reconstituted Wood Product Manufacturing,10.0,1576432.95,267694.25,1.0,1
Contra Costa,Bay Area,Forestry,321911,Wood Window and Door Manufacturing,26.52,11755033.95,2509978.58,3.0,0
Contra Costa,Bay Area,Forestry,321912,"Cut Stock, Resawing Lumber, and Planing",10.0,373863.13,78936.05,0.0,1
Contra Costa,Bay Area,Forestry,321918,Other Millwork (including Flooring),19.06,6684356.14,1415812.74,3.5,0
Contra Costa,Bay Area,Forestry,321920,Wood Container and Pallet Manufacturing,119.66,32149724.32,7998529.3,3.0,0
Contra Costa,Bay Area,Forestry,321992,Prefabricated Wood Building Manufacturing,10.0,208733.13,51983.16,0.0,1
Contra Costa,Bay Area,Forestry,321999,All Other Miscellaneous Wood Product Manufacturing,103.08,27138299.94,6745102.69,3.0,0
Contra Costa,Bay Area,Forestry,322219,Other Paperboard Container Manufacturing,10.0,6704645.07,1240437.14,1.0,1
Contra Costa,Bay Area,Forestry,322299,All Other Converted Paper Product Manufacturing,13.9,6315233.13,1656706.79,1.0,0
Contra Costa,Bay Area,Agricultural Support,325320,Pesticide and Other Agricultural Chemical Manufacturing,10.0,1344225.37,135521.94,1.0,1
Contra Costa,Bay Area,Mining,327120,Clay Building Material and Refractories Manufacturing,10.0,237561.85,81989.12,0.5,1
Contra Costa,Bay Area,Mining,327310,Cement Manufacturing,14.96,14612126.86,2365431.18,1.0,0
Contra Costa,Bay Area,Mining,327320,Ready-Mix Concrete Manufacturing,156.84,79416127.31,17908971.52,15.0,0
Contra Costa,Bay Area,Mining,327390,Other Concrete Product Manufacturing,10.0,1600752.93,461234.22,0.0,1
Contra Costa,Bay Area,Mining,327991,Cut Stone and Stone Product Manufacturing,10.48,1098952.47,421461.31,2.0,0
Contra Costa,Bay Area,Mining,327992,Ground or Treated Mineral and Earth Manufacturing,59.59,40125199.06,5068418.0,3.0,0
Contra Costa,Bay Area,Agricultural Support,333111,Farm Machinery and Equipment Manufacturing,10.0,1448344.09,295018.18,0.75,1
Contra Costa,Bay Area,Mining,333131,Mining Machinery and Equipment Manufacturing,10.0,328955.15,126119.7,0.0,1
Contra Costa,Bay Area,Mining,333132,Oil and Gas Field Machinery and Equipment Manufacturing,10.0,271541.76,103684.44,1.25,1
Contra Costa,Bay Area,Agricultural Processing,333241,Food Product Machinery Manufacturing,10.0,845354.04,229124.47,1.0,1
Contra Costa,Bay Area,Forestry,333243,"Sawmill, Woodworking, and Paper Machinery Manufacturing",14.0,5261523.0,1416237.43,2.0,0
Contra Costa,Bay Area,Agricultural Processing,333993,Packaging Machinery Manufacturing,10.0,560862.83,152766.33,0.0,1
Contra Costa,Bay Area,Forestry,337110,Wood Kitchen Cabinet and Countertop Manufacturing,335.23,62915118.54,28396584.48,13.0,0
Contra Costa,Bay Area,Forestry,337211,Wood Office Furniture Manufacturing,32.94,10299646.24,2583257.51,4.0,0
Contra Costa,Bay Area,Forestry,423310,"Lumber, Plywood, Millwork, and Wood Panel Merchant Wholesalers",192.11,77348095.79,23580569.51,14.0,0
Contra Costa,Bay Area,Mining,423320,"Brick, Stone, and Related Construction Material Merchant Wholesalers",53.79,16047524.49,4900592.26,8.0,0
Contra Costa,Bay Area,Mining,423520,Coal and Other Mineral and Ore Merchant Wholesalers,10.0,800369.71,250851.63,0.75,1
Contra Costa,Bay Area,Agricultural Support,423820,Farm and Garden Machinery and Equipment Merchant Wholesalers,39.7,9052144.06,3104721.84,6.0,0
Contra Costa,Bay Area,Agricultural Distribution,424410,General Line Grocery Merchant Wholesalers,251.77,69946299.2,23286664.12,26.0,0
Contra Costa,Bay Area,Agricultural Distribution,424420,Packaged Frozen Food Merchant Wholesalers,98.69,36792605.97,12232482.29,9.0,0
Contra Costa,Bay Area,Agricultural Distribution,424430,Dairy Product (except Dried or Canned) Merchant Wholesalers,114.64,36989942.52,12259700.78,5.0,0
Contra Costa,Bay Area,Agricultural Distribution,424440,Poultry and Poultry Product Merchant Wholesalers,10.0,228950.61,76284.45,0.0,1
Contra Costa,Bay Area,Agricultural Distribution,424450,Confectionery Merchant Wholesalers,138.74,33316260.9,11049727.17,3.5,0
Contra Costa,Bay Area,Fishing,424460,Fish and Seafood Merchant Wholesalers,17.05,2616872.03,872718.87,3.0,0
Contra Costa,Bay Area,Agricultural Distribution,424470,Meat and Meat Product Merchant Wholesalers,145.86,33852839.75,11278038.37,7.0,0
Contra Costa,Bay Area,Agricultural Distribution,424480,Fresh Fruit and Vegetable Merchant Wholesalers,61.39,20908715.38,6973320.25,8.5,0
Contra Costa,Bay Area,Agricultural Distribution,424490,Other Grocery and Related Products Merchant Wholesalers,582.88,211463559.05,70369966.51,46.25,0
Contra Costa,Bay Area,Agricultural Distribution,424510,Grain and Field Bean Merchant Wholesalers,17.19,5607647.64,1344796.19,1.0,0
Contra Costa,Bay Area,Agricultural Distribution,424520,Livestock Merchant Wholesalers,10.0,1249914.02,296945.06,0.0,1
Contra Costa,Bay Area,Agricultural Distribution,424590,Other Farm Product Raw Material Merchant Wholesalers,24.36,7697385.52,1855257.33,3.25,0
Contra Costa,Bay Area,Agricultural Distribution,424810,Beer and Ale Merchant Wholesalers,566.84,213107550.42,51218235.53,7.0,0
Contra Costa,Bay Area,Agricultural Distribution,424820,Wine and Distilled Alcoholic Beverage Merchant Wholesalers,201.09,73707551.05,17983400.16,12.5,0
Contra Costa,Bay Area,Agricultural Distribution,424910,Farm Supplies Merchant Wholesalers,67.78,37367271.05,8993769.81,13.0,0
Contra Costa,Bay Area,Agricultural Distribution,424930,"Flower, Nursery Stock, and Florists' Supplies Merchant Wholesalers",172.35,59298234.74,14319861.73,7.75,0
Contra Costa,Bay Area,Agricultural Distribution,424990,Other Miscellaneous Nondurable Goods Merchant Wholesalers,669.65,209285108.12,50712742.05,37.0,0
Contra Costa,Bay Area,Outdoor Recreation,441222,Boat Dealers,48.64,10230718.49,3119733.91,9.5,0
Contra Costa,Bay Area,Agricultural Support,444240,"Nursery, Garden Center, and Farm Supply Retailers",463.99,63665683.98,18234923.35,27.25,0
Contra Costa,Bay Area,Agricultural Distribution,445230,Fruit and Vegetable Markets,199.99,24529846.4,9337663.27,11.75,0
Contra Costa,Bay Area,Agricultural Distribution,445240,Meat Retailers,145.3,16610617.58,6275889.27,15.0,0
Contra Costa,Bay Area,Agricultural Distribution,445291,Baked Goods Stores,80.43,7574910.33,2859199.5,5.25,0
Contra Costa,Bay Area,Agricultural Distribution,445292,Confectionery and Nut Stores,182.88,17012602.78,6439199.85,13.0,0
Contra Costa,Bay Area,Agricultural Distribution,445298,All Other Specialty Food Retailers,637.66,84324164.26,31982706.89,26.0,0
Contra Costa,Bay Area,Agricultural Distribution,445320,"Beer, Wine, and Liquor Retailers",623.14,78513358.58,29625578.73,83.5,0
Contra Costa,Bay Area,Agricultural Distribution,456191,Food (Health) Supplement Retailers,360.71,19681099.34,6226526.79,14.75,0
Contra Costa,Bay Area,Agricultural Distribution,459310,Florists,490.1,33988817.83,11382354.26,24.25,0
Contra Costa,Bay Area,Agricultural Distribution,484230,"Specialized Freight (except Used Goods) Trucking, Long-Distance",35.06,5302976.53,1916411.33,7.75,0
Contra Costa,Bay Area,Outdoor Recreation,487110,"Scenic and Sightseeing Transportation, Land",10.0,315572.55,136406.96,0.0,1
Contra Costa,Bay Area,Outdoor Recreation,487210,"Scenic and Sightseeing Transportation, Water",42.31,3889780.1,1679345.07,5.0,0
Contra Costa,Bay Area,Outdoor Recreation,487990,"Scenic and Sightseeing Transportation, Other",10.0,371669.07,160098.36,1.0,1
Contra Costa,Bay Area,Agricultural Distribution,493120,Refrigerated Warehousing and Storage,54.71,6026878.28,3792233.71,1.0,0
Contra Costa,Bay Area,Agricultural Distribution,493130,Farm Product Warehousing and Storage,10.0,198425.92,124758.98,0.0,1
Contra Costa,Bay Area,Outdoor Recreation,532284,Recreational Goods Rental,55.81,15338364.25,4023479.27,2.0,0
Contra Costa,Bay Area,Mining,532412,"Construction, Mining, and Forestry Machinery and Equipment Rental and Leasing",200.43,170001619.01,21403417.99,13.5,0
Contra Costa,Bay Area,Mining,541360,Geophysical Surveying and Mapping Services,147.64,42873900.46,21544270.45,7.75,0
Contra Costa,Bay Area,Agricultural Support,541620,Environmental Consulting Services,1258.43,194788819.83,118906023.82,57.0,0
Contra Costa,Bay Area,Agricultural Support,541690,Other Scientific and Technical Consulting Services,2791.3,394099490.02,240598822.59,245.75,0
Contra Costa,Bay Area,Agricultural Distribution,624210,Community Food Services,167.12,19001654.85,13899825.33,10.25,0
Contra Costa,Bay Area,Outdoor Recreation,712130,Zoos and Botanical Gardens,11.92,1671674.35,542010.4,1.25,0
Contra Costa,Bay Area,Outdoor Recreation,712190,Nature Parks and Other Similar Institutions,17.44,2904940.1,939550.6,1.0,0
Contra Costa,Bay Area,Outdoor Recreation,713920,Skiing Facilities,10.0,4735.48,1802.91,0.0,1
Contra Costa,Bay Area,Outdoor Recreation,713930,Marinas,222.37,37468103.53,14596335.83,17.5,0
Contra Costa,Bay Area,Outdoor Recreation,713990,All Other Amusement and Recreation Industries,1081.9,92910188.06,35961034.59,67.0,0
Contra Costa,Bay Area,Outdoor Recreation,721211,RV (Recreational Vehicle) Parks and Campgrounds,55.71,8477122.69,2235087.46,4.0,0
Contra Costa,Bay Area,Outdoor Recreation,721214,Recreational and Vacation Camps (except Campgrounds),101.54,17429448.26,4584194.49,6.0,0
Del Norte,Redwood,Agricultural Production,111000,Crop Production,129.54,30965150.75,7100009.95,5.0,0
Del Norte,Redwood,Agricultural Production,112000,Animal Production,157.07,62244634.84,10908558.06,9.0,0
Del Norte,Redwood,Forestry,113110,Timber Tract Operations,10.0,135444.64,55430.61,0.0,1
Del Norte,Redwood,Forestry,113210,Forest Nurseries and Gathering of Forest Products,10.0,103658.38,42694.81,0.0,1
Del Norte,Redwood,Forestry,113310,Logging,35.66,4370340.88,1727896.47,3.5,0
Del Norte,Redwood,Fishing,114111,Finfish Fishing,137.54,18272128.16,7021691.33,20.5,0
Del Norte,Redwood,Fishing,114112,Shellfish Fishing,111.74,13903342.89,5287131.21,19.0,0
Del Norte,Redwood,Fishing,114119,Other Marine Fishing,10.0,95479.48,36452.27,0.0,1
Del Norte,Redwood,Agricultural Processing,115111,Cotton Ginning,10.0,87979.74,75934.7,0.0,1
Del Norte,Redwood,Agricultural Production,115112,"Soil Preparation, Planting, and Cultivating",10.0,531590.41,460907.22,0.0,1
Del Norte,Redwood,Agricultural Production,115113,"Crop Harvesting, Primarily by Machine",10.0,252771.61,219338.15,0.0,1
Del Norte,Redwood,Agricultural Production,115114,Postharvest Crop Activities (except Cotton Ginning),10.0,189652.62,164878.36,0.0,1
Del Norte,Redwood,Agricultural Support,115115,Farm Labor Contractors and Crew Leaders,10.0,784899.35,626655.05,0.0,1
Del Norte,Redwood,Agricultural Support,115116,Farm Management Services,10.0,201928.37,175546.86,0.0,1
Del Norte,Redwood,Agricultural Support,115210,Support Activities for Animal Production,37.07,312851.39,270906.27,0.0,0
Del Norte,Redwood,Forestry,115310,Support Activities for Forestry,10.0,108127.82,93569.25,1.0,1
Del Norte,Redwood,Mining,212220,Gold Ore and Silver Ore Mining,10.0,297025.92,56277.06,0.0,1
Del Norte,Redwood,Mining,212321,Construction Sand and Gravel Mining,10.0,346698.35,93144.84,0.0,1
Del Norte,Redwood,Mining,213112,Support Activities for Oil and Gas Operations,10.0,41623.09,15093.69,0.0,1
Del Norte,Redwood,Renewable Energy,221114,Solar Electric Power Generation,10.0,682190.12,94370.31,0.0,1
Del Norte,Redwood,Agricultural Support,221310,Water Supply and Irrigation Systems,10.0,281633.5,88771.16,0.0,1
Del Norte,Redwood,Agricultural Processing,311412,Frozen Specialty Food Manufacturing,36.72,10603370.18,1878983.78,1.0,0
Del Norte,Redwood,Agricultural Processing,311513,Cheese Manufacturing,10.0,7424618.11,565026.55,1.0,1
Del Norte,Redwood,Agricultural Processing,311811,Retail Bakeries,10.0,671319.0,199103.59,1.0,1
Del Norte,Redwood,Agricultural Processing,311812,Commercial Bakeries,10.0,260066.75,76933.55,0.0,1
Del Norte,Redwood,Agricultural Processing,311991,Perishable Prepared Food Manufacturing,10.0,2433222.38,442056.64,1.0,1
Del Norte,Redwood,Agricultural Processing,312120,Breweries,80.45,29198463.62,4473854.24,2.0,0
Del Norte,Redwood,Forestry,321113,Sawmills,10.0,1344675.02,199674.27,2.0,1
Del Norte,Redwood,Forestry,321918,Other Millwork (including Flooring),10.0,134489.69,28486.25,0.0,1
Del Norte,Redwood,Forestry,321920,Wood Container and Pallet Manufacturing,10.0,156511.77,38938.56,0.0,1
Del Norte,Redwood,Forestry,321999,All Other Miscellaneous Wood Product Manufacturing,10.0,347473.98,86363.1,0.0,1
Del Norte,Redwood,Agricultural Support,325311,Nitrogenous Fertilizer Manufacturing,10.0,3861173.54,536379.37,1.0,1
Del Norte,Redwood,Forestry,337110,Wood Kitchen Cabinet and Countertop Manufacturing,10.0,713047.47,321832.23,1.0,1
Del Norte,Redwood,Forestry,423310,"Lumber, Plywood, Millwork, and Wood Panel Merchant Wholesalers",10.0,530721.84,161797.43,0.0,1
Del Norte,Redwood,Mining,423320,"Brick, Stone, and Related Construction Material Merchant Wholesalers",10.0,285634.66,87227.1,0.0,1
Del Norte,Redwood,Agricultural Distribution,424450,Confectionery Merchant Wholesalers,10.0,1388721.15,460585.59,1.0,1
Del Norte,Redwood,Fishing,424460,Fish and Seafood Merchant Wholesalers,10.0,197875.53,65990.89,1.0,1
Del Norte,Redwood,Agricultural Distribution,424490,Other Grocery and Related Products Merchant Wholesalers,10.0,2574697.37,856797.12,2.0,1
Del Norte,Redwood,Agricultural Distribution,424510,Grain and Field Bean Merchant Wholesalers,10.0,190584.96,45705.07,0.0,1
Del Norte,Redwood,Agricultural Distribution,424590,Other Farm Product Raw Material Merchant Wholesalers,10.0,229291.72,55264.89,0.0,1
Del Norte,Redwood,Agricultural Distribution,424910,Farm Supplies Merchant Wholesalers,10.0,3334910.18,802665.37,0.25,1
Del Norte,Redwood,Agricultural Distribution,424930,"Flower, Nursery Stock, and Florists' Supplies Merchant Wholesalers",10.0,772461.02,186540.71,0.0,1
Del Norte,Redwood,Outdoor Recreation,441222,Boat Dealers,10.0,1523211.22,464484.85,1.0,1
Del Norte,Redwood,Agricultural Support,444240,"Nursery, Garden Center, and Farm Supply Retailers",12.69,1856971.49,531867.89,1.0,0
Del Norte,Redwood,Agricultural Distribution,445291,Baked Goods Stores,10.0,46318.38,17483.18,0.0,1
Del Norte,Redwood,Agricultural Distribution,445292,Confectionery and Nut Stores,10.0,21200.22,8024.2,0.0,1
Del Norte,Redwood,Agricultural Distribution,445298,All Other Specialty Food Retailers,29.53,2331162.02,884169.71,1.5,0
Del Norte,Redwood,Agricultural Distribution,445320,"Beer, Wine, and Liquor Retailers",30.58,2949884.18,1113084.8,3.0,0
Del Norte,Redwood,Agricultural Distribution,456191,Food (Health) Supplement Retailers,10.0,288237.94,91190.09,0.0,1
Del Norte,Redwood,Agricultural Distribution,459310,Florists,10.0,79019.53,26462.48,0.0,1
Del Norte,Redwood,Agricultural Distribution,484230,"Specialized Freight (except Used Goods) Trucking, Long-Distance",10.0,107660.89,38906.93,0.0,1
Del Norte,Redwood,Outdoor Recreation,487110,"Scenic and Sightseeing Transportation, Land",10.0,27937.84,12076.2,0.0,1
Del Norte,Redwood,Outdoor Recreation,487210,"Scenic and Sightseeing Transportation, Water",10.0,215073.94,92854.44,1.5,1
Del Norte,Redwood,Agricultural Distribution,493120,Refrigerated Warehousing and Storage,10.0,113383.74,71343.34,0.0,1
Del Norte,Redwood,Agricultural Support,541620,Environmental Consulting Services,10.0,26232.46,16013.23,0.0,1
Del Norte,Redwood,Agricultural Support,541690,Other Scientific and Technical Consulting Services,34.07,2356614.11,1438719.39,0.5,0
Del Norte,Redwood,Outdoor Recreation,712130,Zoos and Botanical Gardens,10.0,753646.12,244356.23,1.0,1
Del Norte,Redwood,Outdoor Recreation,712190,Nature Parks and Other Similar Institutions,10.0,1396969.96,451824.8,1.0,1
Del Norte,Redwood,Outdoor Recreation,713990,All Other Amusement and Recreation Industries,32.65,2632826.59,1019039.68,4.0,0
Del Norte,Redwood,Outdoor Recreation,721211,RV (Recreational Vehicle) Parks and Campgrounds,28.14,3352884.65,884025.24,7.0,0
Del Norte,Redwood,Outdoor Recreation,721214,Recreational and Vacation Camps (except Campgrounds),28.37,4598135.18,1209375.4,2.0,0
El Dorado,Capital,Agricultural Production,111000,Crop Production,979.55,132333962.17,30342899.19,39.75,0
El Dorado,Capital,Agricultural Production,112000,Animal Production,77.05,10798315.6,1892437.04,7.5,0
El Dorado,Capital,Forestry,113110,Timber Tract Operations,10.0,315139.41,128970.54,0.0,1
El Dorado,Capital,Forestry,113210,Forest Nurseries and Gathering of Forest Products,10.0,237535.96,97836.29,0.0,1
El Dorado,Capital,Forestry,113310,Logging,176.15,37403719.48,14788264.03,9.0,0
El Dorado,Capital,Fishing,114111,Finfish Fishing,10.0,237379.04,91221.03,0.0,1
El Dorado,Capital,Fishing,114112,Shellfish Fishing,17.68,918148.41,349151.36,0.0,0
El Dorado,Capital,Outdoor Recreation,114210,Hunting and Trapping,10.0,187809.59,71057.55,0.0,1
El Dorado,Capital,Agricultural Processing,115111,Cotton Ginning,10.0,17626.44,15213.26,0.0,1
El Dorado,Capital,Agricultural Production,115112,"Soil Preparation, Planting, and Cultivating",83.14,3904947.32,3385724.01,3.0,0
El Dorado,Capital,Agricultural Production,115113,"Crop Harvesting, Primarily by Machine",10.0,59628.14,51741.28,0.0,1
El Dorado,Capital,Agricultural Production,115114,Postharvest Crop Activities (except Cotton Ginning),31.43,1223906.51,1064027.99,1.0,0
El Dorado,Capital,Agricultural Support,115115,Farm Labor Contractors and Crew Leaders,10.0,659525.41,526557.87,0.0,1
El Dorado,Capital,Agricultural Support,115116,Farm Management Services,28.66,1357469.47,1180118.98,3.0,0
El Dorado,Capital,Agricultural Support,115210,Support Activities for Animal Production,140.3,4453975.33,3856814.76,7.0,0
El Dorado,Capital,Forestry,115310,Support Activities for Forestry,81.02,5224622.26,4521167.5,10.0,0
El Dorado,Capital,Mining,211120,Crude Petroleum Extraction,10.0,463235.09,42327.55,0.0,1
El Dorado,Capital,Mining,212311,Dimension Stone Mining and Quarrying,14.44,7860460.71,1682731.63,1.0,0
El Dorado,Capital,Mining,212312,Crushed and Broken Limestone Mining and Quarrying,10.0,607117.7,130125.61,0.0,1
El Dorado,Capital,Mining,212319,Other Crushed and Broken Stone Mining and Quarrying,10.0,3199435.5,693187.32,1.0,1
El Dorado,Capital,Mining,212321,Construction Sand and Gravel Mining,10.0,1479870.15,397585.58,1.0,1
El Dorado,Capital,Mining,213111,Drilling Oil and Gas Wells,10.0,73181.86,20327.86,0.0,1
El Dorado,Capital,Mining,213112,Support Activities for Oil and Gas Operations,10.0,585243.24,212225.49,1.0,1
El Dorado,Capital,Mining,213114,Support Activities for Metal Mining,10.0,130133.65,45642.01,0.0,1
El Dorado,Capital,Renewable Energy,221111,Hydroelectric Power Generation,10.0,14428444.78,2003736.28,1.0,1
El Dorado,Capital,Renewable Energy,221114,Solar Electric Power Generation,133.47,333004410.76,46065938.66,6.75,0
El Dorado,Capital,Renewable Energy,221115,Wind Electric Power Generation,10.0,939541.58,126221.39,0.0,1
El Dorado,Capital,Renewable Energy,221118,Other Electric Power Generation,65.54,102577143.54,14143478.25,2.0,0
El Dorado,Capital,Agricultural Support,221310,Water Supply and Irrigation Systems,17.93,4503284.69,1419439.87,4.0,0
El Dorado,Capital,Agricultural Processing,311119,Other Animal Food Manufacturing,0.0,152320.01,13100.11,0.5,0
El Dorado,Capital,Agricultural Processing,311340,Nonchocolate Confectionery Manufacturing,10.0,166323.01,23546.65,0.0,1
El Dorado,Capital,Agricultural Processing,311421,Fruit and Vegetable Canning,100.68,47527012.8,8911312.11,1.0,0
El Dorado,Capital,Agricultural Processing,311511,Fluid Milk Manufacturing,10.0,3627410.29,410645.08,1.0,1
El Dorado,Capital,Agricultural Processing,311520,Ice Cream and Frozen Dessert Manufacturing,10.0,2024545.72,386738.44,1.0,1
El Dorado,Capital,Agricultural Processing,311811,Retail Bakeries,46.72,3870443.08,1147917.9,6.5,0
El Dorado,Capital,Agricultural Processing,311812,Commercial Bakeries,10.0,1143907.0,338393.21,2.0,1
El Dorado,Capital,Agricultural Processing,311813,"Frozen Cakes, Pies, and Other Pastries Manufacturing",10.0,437434.81,130086.79,0.0,1
El Dorado,Capital,Agricultural Processing,311824,"Dry Pasta, Dough, and Flour Mixes Manufacturing from Purchased Flour",10.0,135286.53,25464.65,0.0,1
El Dorado,Capital,Agricultural Processing,311911,Roasted Nuts and Peanut Butter Manufacturing,10.0,195790.45,20023.69,0.0,1
El Dorado,Capital,Agricultural Processing,311919,Other Snack Food Manufacturing,10.0,77111.2,7886.14,0.0,1
El Dorado,Capital,Agricultural Processing,311920,Coffee and Tea Manufacturing,11.91,5505861.41,780349.57,1.0,0
El Dorado,Capital,Agricultural Processing,311930,Flavoring Syrup and Concentrate Manufacturing,10.0,136590.34,27206.43,0.0,1
El Dorado,Capital,Agricultural Processing,311941,"Mayonnaise, Dressing, and Other Prepared Sauce Manufacturing",10.0,131235.7,22743.98,0.0,1
El Dorado,Capital,Agricultural Processing,311942,Spice and Extract Manufacturing,10.0,183035.89,31277.55,0.0,1
El Dorado,Capital,Agricultural Processing,311991,Perishable Prepared Food Manufacturing,10.0,741955.28,134795.02,1.5,1
El Dorado,Capital,Agricultural Processing,311999,All Other Miscellaneous Food Manufacturing,10.0,170055.3,30866.88,0.0,1
El Dorado,Capital,Agricultural Processing,312112,Bottled Water Manufacturing,10.0,851013.59,156316.32,0.0,1
El Dorado,Capital,Agricultural Processing,312120,Breweries,89.74,27149849.29,4159960.95,6.75,0
El Dorado,Capital,Agricultural Processing,312130,Wineries,352.78,70413317.9,15409838.34,42.5,0
El Dorado,Capital,Agricultural Processing,312140,Distilleries,10.8,9665929.63,762891.95,1.0,0
El Dorado,Capital,Agricultural Processing,316110,Leather and Hide Tanning and Finishing,10.0,2833927.54,764171.41,1.0,1
El Dorado,Capital,Agricultural Processing,316990,Other Leather and Allied Product Manufacturing,17.54,8149456.13,2188824.93,2.0,0
El Dorado,Capital,Forestry,321113,Sawmills,10.0,473645.77,70332.88,0.0,1
El Dorado,Capital,Forestry,321114,Wood Preservation,10.0,6801.0,1006.17,0.0,1
El Dorado,Capital,Forestry,321215,Engineered Wood Member Manufacturing,28.07,11577989.49,2023169.13,1.0,0
El Dorado,Capital,Forestry,321911,Wood Window and Door Manufacturing,10.0,1073980.83,229320.38,0.0,1
El Dorado,Capital,Forestry,321912,"Cut Stock, Resawing Lumber, and Planing",10.0,145977.18,30821.07,0.0,1
El Dorado,Capital,Forestry,321918,Other Millwork (including Flooring),10.0,588343.17,124616.9,0.0,1
El Dorado,Capital,Forestry,321920,Wood Container and Pallet Manufacturing,10.0,940035.73,233871.47,0.0,1
El Dorado,Capital,Forestry,321992,Prefabricated Wood Building Manufacturing,10.0,90770.71,22605.65,0.0,1
El Dorado,Capital,Forestry,321999,All Other Miscellaneous Wood Product Manufacturing,18.81,3050597.53,758212.33,1.0,0
El Dorado,Capital,Agricultural Support,325311,Nitrogenous Fertilizer Manufacturing,10.0,866308.0,120344.17,1.0,1
El Dorado,Capital,Mining,327120,Clay Building Material and Refractories Manufacturing,10.0,325545.83,112354.81,0.0,1
El Dorado,Capital,Mining,327320,Ready-Mix Concrete Manufacturing,23.96,11988185.69,2703431.7,5.0,0
El Dorado,Capital,Mining,327390,Other Concrete Product Manufacturing,17.92,5245993.78,1511558.58,1.0,0
El Dorado,Capital,Mining,327991,Cut Stone and Stone Product Manufacturing,10.0,607693.71,233057.74,0.0,1
El Dorado,Capital,Agricultural Support,333111,Farm Machinery and Equipment Manufacturing,10.0,607836.96,123812.4,1.0,1
El Dorado,Capital,Mining,333131,Mining Machinery and Equipment Manufacturing,10.0,53736.99,20602.48,1.0,1
El Dorado,Capital,Agricultural Processing,333241,Food Product Machinery Manufacturing,10.0,94558.82,25629.19,0.0,1
El Dorado,Capital,Agricultural Processing,333993,Packaging Machinery Manufacturing,10.0,741906.93,202078.64,0.0,1
El Dorado,Capital,Forestry,337110,Wood Kitchen Cabinet and Countertop Manufacturing,37.17,4721474.7,2131026.03,4.0,0
El Dorado,Capital,Forestry,337211,Wood Office Furniture Manufacturing,10.5,2651909.39,665126.23,1.0,0
El Dorado,Capital,Forestry,423310,"Lumber, Plywood, Millwork, and Wood Panel Merchant Wholesalers",18.12,5467060.23,1666704.17,3.0,0
El Dorado,Capital,Mining,423320,"Brick, Stone, and Related Construction Material Merchant Wholesalers",28.58,5148707.31,1572311.99,3.0,0
El Dorado,Capital,Agricultural Support,423820,Farm and Garden Machinery and Equipment Merchant Wholesalers,13.77,3628413.85,1244480.39,3.0,0
El Dorado,Capital,Agricultural Distribution,424410,General Line Grocery Merchant Wholesalers,26.85,8713994.46,2901080.75,7.0,0
El Dorado,Capital,Agricultural Distribution,424420,Packaged Frozen Food Merchant Wholesalers,10.0,75041.57,24949.16,0.0,1
El Dorado,Capital,Agricultural Distribution,424430,Dairy Product (except Dried or Canned) Merchant Wholesalers,29.95,4202253.29,1392766.91,4.5,0
El Dorado,Capital,Agricultural Distribution,424450,Confectionery Merchant Wholesalers,10.15,1585234.07,525761.4,2.0,0
El Dorado,Capital,Fishing,424460,Fish and Seafood Merchant Wholesalers,10.0,153357.19,51144.16,0.0,1
El Dorado,Capital,Agricultural Distribution,424470,Meat and Meat Product Merchant Wholesalers,10.0,1370131.28,456457.81,1.0,1
El Dorado,Capital,Agricultural Distribution,424480,Fresh Fruit and Vegetable Merchant Wholesalers,10.0,620381.95,206905.2,0.75,1
El Dorado,Capital,Agricultural Distribution,424490,Other Grocery and Related Products Merchant Wholesalers,34.97,13443730.19,4473748.8,6.75,0
El Dorado,Capital,Agricultural Distribution,424510,Grain and Field Bean Merchant Wholesalers,12.05,4422792.34,1060650.5,1.0,0
El Dorado,Capital,Agricultural Distribution,424520,Livestock Merchant Wholesalers,10.0,16662.85,3958.63,0.0,1
El Dorado,Capital,Agricultural Distribution,424590,Other Farm Product Raw Material Merchant Wholesalers,10.0,58224.46,14033.51,0.0,1
El Dorado,Capital,Agricultural Distribution,424810,Beer and Ale Merchant Wholesalers,17.66,4983880.0,1197824.94,1.0,0
El Dorado,Capital,Agricultural Distribution,424820,Wine and Distilled Alcoholic Beverage Merchant Wholesalers,20.0,13319575.57,3249751.95,3.0,0
El Dorado,Capital,Agricultural Distribution,424910,Farm Supplies Merchant Wholesalers,10.0,1033282.59,248696.4,3.5,1
El Dorado,Capital,Agricultural Distribution,424930,"Flower, Nursery Stock, and Florists' Supplies Merchant Wholesalers",13.8,3813601.65,920942.23,0.0,0
El Dorado,Capital,Agricultural Distribution,424990,Other Miscellaneous Nondurable Goods Merchant Wholesalers,74.8,20792201.39,5038244.5,7.5,0
El Dorado,Capital,Agricultural Support,444240,"Nursery, Garden Center, and Farm Supply Retailers",111.27,8223520.42,2355354.65,13.75,0
El Dorado,Capital,Agricultural Distribution,445230,Fruit and Vegetable Markets,20.83,1431571.6,544949.75,2.0,0
El Dorado,Capital,Agricultural Distribution,445240,Meat Retailers,16.39,1362299.77,514709.49,2.5,0
El Dorado,Capital,Agricultural Distribution,445291,Baked Goods Stores,10.0,693483.71,261759.97,0.5,1
El Dorado,Capital,Agricultural Distribution,445292,Confectionery and Nut Stores,19.3,1451309.71,549314.73,0.75,0
El Dorado,Capital,Agricultural Distribution,445298,All Other Specialty Food Retailers,101.41,8368725.96,3174113.99,5.5,0
El Dorado,Capital,Agricultural Distribution,445320,"Beer, Wine, and Liquor Retailers",125.24,12959460.05,4890015.03,14.75,0
El Dorado,Capital,Agricultural Distribution,456191,Food (Health) Supplement Retailers,93.09,7276337.24,2302021.24,8.5,0
El Dorado,Capital,Agricultural Distribution,459310,Florists,92.62,4803418.29,1608594.01,5.25,0
El Dorado,Capital,Agricultural Distribution,484230,"Specialized Freight (except Used Goods) Trucking, Long-Distance",15.1,5982508.79,2161983.47,3.0,0
El Dorado,Capital,Outdoor Recreation,487110,"Scenic and Sightseeing Transportation, Land",10.0,542625.63,234551.17,1.0,1
El Dorado,Capital,Outdoor Recreation,487210,"Scenic and Sightseeing Transportation, Water",39.59,5281804.56,2280327.49,6.0,0
El Dorado,Capital,Outdoor Recreation,487990,"Scenic and Sightseeing Transportation, Other",10.0,1318160.5,567804.4,2.0,1
El Dorado,Capital,Agricultural Distribution,493120,Refrigerated Warehousing and Storage,10.0,461891.61,290631.54,0.0,1
El Dorado,Capital,Agricultural Distribution,493130,Farm Product Warehousing and Storage,10.0,204605.23,128644.19,0.0,1
El Dorado,Capital,Outdoor Recreation,532284,Recreational Goods Rental,174.51,37394058.36,9809013.29,16.0,0
El Dorado,Capital,Mining,532412,"Construction, Mining, and Forestry Machinery and Equipment Rental and Leasing",13.47,6852590.32,862749.75,2.0,0
El Dorado,Capital,Mining,541360,Geophysical Surveying and Mapping Services,10.0,1080950.7,543181.14,0.0,1
El Dorado,Capital,Agricultural Support,541620,Environmental Consulting Services,134.15,14956087.0,9129727.46,15.5,0
El Dorado,Capital,Agricultural Support,541690,Other Scientific and Technical Consulting Services,426.73,47707987.57,29125857.63,51.25,0
El Dorado,Capital,Agricultural Distribution,624210,Community Food Services,17.57,1824758.52,1334821.88,1.5,0
El Dorado,Capital,Outdoor Recreation,712190,Nature Parks and Other Similar Institutions,10.0,641210.82,207388.1,1.0,1
El Dorado,Capital,Outdoor Recreation,713920,Skiing Facilities,803.37,107842950.74,41058305.73,2.0,0
El Dorado,Capital,Outdoor Recreation,713930,Marinas,20.27,3003742.26,1170158.79,2.0,0
El Dorado,Capital,Outdoor Recreation,713990,All Other Amusement and Recreation Industries,448.74,42183748.59,16327286.31,32.0,0
El Dorado,Capital,Outdoor Recreation,721211,RV (Recreational Vehicle) Parks and Campgrounds,89.52,14677636.25,3869921.66,8.0,0
El Dorado,Capital,Outdoor Recreation,721214,Recreational and Vacation Camps (except Campgrounds),124.58,23421599.61,6160216.1,2.0,0
Fresno,Central San Joaquin,Agricultural Production,111000,Crop Production,14928.85,3737696729.05,857017754.16,892.75,0
Fresno,Central San Joaquin,Agricultural Production,112000,Animal Production,2875.44,1170888384.96,205201684.62,142.5,0
Fresno,Central San Joaquin,Forestry,113110,Timber Tract Operations,10.0,1655532.66,677525.37,1.0,1
Fresno,Central San Joaquin,Forestry,113210,Forest Nurseries and Gathering of Forest Products,26.36,4753319.77,1957796.96,2.0,0
Fresno,Central San Joaquin,Forestry,113310,Logging,44.21,9462282.27,3741091.27,3.0,0
Fresno,Central San Joaquin,Fishing,114111,Finfish Fishing,21.38,2347440.16,902084.32,1.0,0
Fresno,Central San Joaquin,Fishing,114112,Shellfish Fishing,10.0,590913.38,224711.18,0.0,1
Fresno,Central San Joaquin,Fishing,114119,Other Marine Fishing,10.0,1298.87,495.88,0.0,1
Fresno,Central San Joaquin,Agricultural Processing,115111,Cotton Ginning,75.71,6920790.16,5973285.88,3.0,0
Fresno,Central San Joaquin,Agricultural Production,115112,"Soil Preparation, Planting, and Cultivating",981.14,70914430.27,61485256.86,59.0,0
Fresno,Central San Joaquin,Agricultural Production,115113,"Crop Harvesting, Primarily by Machine",375.94,28792736.04,24984394.08,38.0,0
Fresno,Central San Joaquin,Agricultural Production,115114,Postharvest Crop Activities (except Cotton Ginning),6696.76,552761889.92,480554780.26,75.75,0
Fresno,Central San Joaquin,Agricultural Support,115115,Farm Labor Contractors and Crew Leaders,19600.56,990140754.97,790517546.84,173.0,0
Fresno,Central San Joaquin,Agricultural Support,115116,Farm Management Services,1059.41,98671841.57,85780575.98,80.75,0
Fresno,Central San Joaquin,Agricultural Support,115210,Support Activities for Animal Production,247.04,9505880.23,8231392.51,14.75,0
Fresno,Central San Joaquin,Forestry,115310,Support Activities for Forestry,67.25,4698003.62,4065453.96,4.0,0
Fresno,Central San Joaquin,Mining,211120,Crude Petroleum Extraction,35.69,63352119.63,5788724.44,1.0,0
Fresno,Central San Joaquin,Mining,211130,Natural Gas Extraction,54.97,132563746.38,12195491.96,1.0,0
Fresno,Central San Joaquin,Mining,212114,Surface Coal Mining,18.7,385583.8,52559.74,0.0,0
Fresno,Central San Joaquin,Mining,212115,Underground Coal Mining,21.3,2216912.95,299200.82,0.0,0
Fresno,Central San Joaquin,Mining,212210,Iron Ore Mining,10.0,700251.09,127129.31,0.0,1
Fresno,Central San Joaquin,Mining,212220,Gold Ore and Silver Ore Mining,113.26,6397912.87,1212203.05,0.0,0
Fresno,Central San Joaquin,Mining,212311,Dimension Stone Mining and Quarrying,10.0,458672.2,98190.46,0.0,1
Fresno,Central San Joaquin,Mining,212312,Crushed and Broken Limestone Mining and Quarrying,10.0,1383040.41,296431.77,0.0,1
Fresno,Central San Joaquin,Mining,212313,Crushed and Broken Granite Mining and Quarrying,10.0,1494377.68,321909.81,0.0,1
Fresno,Central San Joaquin,Mining,212319,Other Crushed and Broken Stone Mining and Quarrying,10.0,850063.07,184174.03,0.0,1
Fresno,Central San Joaquin,Mining,212321,Construction Sand and Gravel Mining,102.69,40640526.8,10918584.51,5.0,0
Fresno,Central San Joaquin,Mining,212322,Industrial Sand Mining,10.0,839595.78,219699.96,0.0,1
Fresno,Central San Joaquin,Mining,212323,"Kaolin, Clay, and Ceramic and Refractory Minerals Mining",10.0,823085.64,220334.76,0.0,1
Fresno,Central San Joaquin,Mining,212390,Other Nonmetallic Mineral Mining and Quarrying,10.0,2761444.95,741756.64,0.0,1
Fresno,Central San Joaquin,Mining,213111,Drilling Oil and Gas Wells,43.91,7255355.72,2015333.67,4.0,0
Fresno,Central San Joaquin,Mining,213112,Support Activities for Oil and Gas Operations,74.06,8969536.63,3252603.74,4.0,0
Fresno,Central San Joaquin,Mining,213114,Support Activities for Metal Mining,10.0,164764.52,57788.15,0.0,1
Fresno,Central San Joaquin,Mining,213115,Support Activities for Nonmetallic Minerals (except Fuels) Mining,10.0,79412.17,27264.98,0.0,1
Fresno,Central San Joaquin,Renewable Energy,221111,Hydroelectric Power Generation,105.15,150350768.64,20879817.26,4.5,0
Fresno,Central San Joaquin,Renewable Energy,221114,Solar Electric Power Generation,26.04,18183392.67,2515387.26,11.75,0
Fresno,Central San Joaquin,Renewable Energy,221115,Wind Electric Power Generation,18.68,28859331.47,3877066.33,1.0,0
Fresno,Central San Joaquin,Renewable Energy,221116,Geothermal Electric Power Generation,79.15,101441853.67,14357518.7,1.0,0
Fresno,Central San Joaquin,Renewable Energy,221117,Biomass Electric Power Generation,10.0,2145053.23,295849.13,2.0,1
Fresno,Central San Joaquin,Renewable Energy,221118,Other Electric Power Generation,24.01,14505848.66,2000086.45,0.0,0
Fresno,Central San Joaquin,Agricultural Support,221310,Water Supply and Irrigation Systems,352.03,98000320.1,30889799.54,24.5,0
Fresno,Central San Joaquin,Agricultural Processing,311111,Dog and Cat Food Manufacturing,137.03,84033846.67,8830064.25,3.0,0
Fresno,Central San Joaquin,Agricultural Processing,311119,Other Animal Food Manufacturing,152.87,174719196.16,15026525.11,5.5,0
Fresno,Central San Joaquin,Agricultural Processing,311211,Flour Milling,16.39,18161434.08,1953340.72,1.0,0
Fresno,Central San Joaquin,Agricultural Processing,311221,Wet Corn Milling,10.0,404150.42,70565.26,0.5,1
Fresno,Central San Joaquin,Agricultural Processing,311224,Soybean and Other Oilseed Processing,41.32,167578882.88,3642887.96,1.0,0
Fresno,Central San Joaquin,Agricultural Processing,311230,Breakfast Cereal Manufacturing,10.0,1336204.28,176850.7,1.5,1
Fresno,Central San Joaquin,Agricultural Processing,311340,Nonchocolate Confectionery Manufacturing,27.45,20971016.13,2968904.32,1.5,0
Fresno,Central San Joaquin,Agricultural Processing,311411,"Frozen Fruit, Juice, and Vegetable Manufacturing",1065.3,345677328.4,61255480.61,4.0,0
Fresno,Central San Joaquin,Agricultural Processing,311412,Frozen Specialty Food Manufacturing,123.8,31555453.52,5591824.51,1.0,0
Fresno,Central San Joaquin,Agricultural Processing,311421,Fruit and Vegetable Canning,1215.31,459974289.73,86245152.29,8.75,0
Fresno,Central San Joaquin,Agricultural Processing,311422,Specialty Canning,113.33,41973548.28,7847771.0,1.0,0
Fresno,Central San Joaquin,Agricultural Processing,311423,Dried and Dehydrated Food Manufacturing,955.37,315541597.34,59309831.13,11.75,0
Fresno,Central San Joaquin,Agricultural Processing,311511,Fluid Milk Manufacturing,165.8,173713392.55,19665420.92,2.5,0
Fresno,Central San Joaquin,Agricultural Processing,311512,Creamery Butter Manufacturing,129.43,132927974.36,14766849.02,1.0,0
Fresno,Central San Joaquin,Agricultural Processing,311513,Cheese Manufacturing,10.0,3779546.62,287630.17,0.0,1
Fresno,Central San Joaquin,Agricultural Processing,311514,"Dry, Condensed, and Evaporated Dairy Product Manufacturing",10.0,846588.29,63930.42,0.25,1
Fresno,Central San Joaquin,Agricultural Processing,311520,Ice Cream and Frozen Dessert Manufacturing,39.7,15883180.51,3034081.4,2.0,0
Fresno,Central San Joaquin,Agricultural Processing,311611,Animal (except Poultry) Slaughtering,1953.95,1161321144.19,138219766.99,3.0,0
Fresno,Central San Joaquin,Agricultural Processing,311612,Meat Processed from Carcasses,426.42,239828079.8,28118735.08,9.0,0
Fresno,Central San Joaquin,Agricultural Processing,311613,Rendering and Meat Byproduct Processing,183.01,153831091.6,18040083.32,2.0,0
Fresno,Central San Joaquin,Agricultural Processing,311615,Poultry Processing,4659.33,1523866449.9,247960681.19,31.0,0
Fresno,Central San Joaquin,Agricultural Processing,311811,Retail Bakeries,321.47,35072143.97,10401894.86,28.5,0
Fresno,Central San Joaquin,Agricultural Processing,311812,Commercial Bakeries,359.93,63148661.59,18680782.72,7.0,0
Fresno,Central San Joaquin,Agricultural Processing,311813,"Frozen Cakes, Pies, and Other Pastries Manufacturing",29.59,5325171.78,1583629.15,0.5,0
Fresno,Central San Joaquin,Agricultural Processing,311821,Cookie and Cracker Manufacturing,48.96,13287164.5,2523552.82,3.0,0
Fresno,Central San Joaquin,Agricultural Processing,311824,"Dry Pasta, Dough, and Flour Mixes Manufacturing from Purchased Flour",37.46,15706026.72,2956306.81,2.0,0
Fresno,Central San Joaquin,Agricultural Processing,311830,Tortilla Manufacturing,501.57,175061638.85,33160419.12,2.0,0
Fresno,Central San Joaquin,Agricultural Processing,311911,Roasted Nuts and Peanut Butter Manufacturing,577.37,391743906.52,40064056.12,5.75,0
Fresno,Central San Joaquin,Agricultural Processing,311919,Other Snack Food Manufacturing,10.0,1823730.74,186512.41,1.0,1
Fresno,Central San Joaquin,Agricultural Processing,311920,Coffee and Tea Manufacturing,26.55,11714079.11,1660244.58,3.0,0
Fresno,Central San Joaquin,Agricultural Processing,311930,Flavoring Syrup and Concentrate Manufacturing,10.0,1014513.48,202073.53,0.0,1
Fresno,Central San Joaquin,Agricultural Processing,311941,"Mayonnaise, Dressing, and Other Prepared Sauce Manufacturing",10.0,1068305.03,185144.03,0.0,1
Fresno,Central San Joaquin,Agricultural Processing,311942,Spice and Extract Manufacturing,27.45,8649477.05,1478040.32,2.0,0
Fresno,Central San Joaquin,Agricultural Processing,311991,Perishable Prepared Food Manufacturing,48.68,10517281.11,1910731.2,2.5,0
Fresno,Central San Joaquin,Agricultural Processing,311999,All Other Miscellaneous Food Manufacturing,82.34,24610146.45,4467008.75,2.25,0
Fresno,Central San Joaquin,Agricultural Processing,312111,Soft Drink Manufacturing,462.48,215589047.91,39740039.61,3.5,0
Fresno,Central San Joaquin,Agricultural Processing,312112,Bottled Water Manufacturing,83.01,34316164.11,6303279.52,2.5,0
Fresno,Central San Joaquin,Agricultural Processing,312113,Ice Manufacturing,64.4,24719914.72,4540909.39,3.0,0
Fresno,Central San Joaquin,Agricultural Processing,312120,Breweries,177.55,48214610.16,7387550.96,9.0,0
Fresno,Central San Joaquin,Agricultural Processing,312130,Wineries,907.6,468577641.23,102547442.97,18.0,0
Fresno,Central San Joaquin,Agricultural Processing,312140,Distilleries,10.0,2835585.52,223801.07,0.0,1
Fresno,Central San Joaquin,Agricultural Processing,316110,Leather and Hide Tanning and Finishing,0.0,35481.03,9567.5,0.5,0
Fresno,Central San Joaquin,Agricultural Processing,316990,Other Leather and Allied Product Manufacturing,10.0,881361.43,236720.81,0.0,1
Fresno,Central San Joaquin,Forestry,321113,Sawmills,10.0,1606084.95,238491.7,1.0,1
Fresno,Central San Joaquin,Forestry,321114,Wood Preservation,10.0,3932.99,581.87,0.0,1
Fresno,Central San Joaquin,Forestry,321211,Hardwood Veneer and Plywood Manufacturing,10.0,332416.76,57501.63,0.0,1
Fresno,Central San Joaquin,Forestry,321215,Engineered Wood Member Manufacturing,220.66,89931878.61,15714939.17,3.5,0
Fresno,Central San Joaquin,Forestry,321911,Wood Window and Door Manufacturing,20.7,10165594.6,2170595.58,1.0,0
Fresno,Central San Joaquin,Forestry,321912,"Cut Stock, Resawing Lumber, and Planing",10.0,130010.27,27449.88,0.0,1
Fresno,Central San Joaquin,Forestry,321918,Other Millwork (including Flooring),29.2,9979382.74,2113731.96,2.0,0
Fresno,Central San Joaquin,Forestry,321920,Wood Container and Pallet Manufacturing,466.06,115552930.73,28748411.42,15.75,0
Fresno,Central San Joaquin,Forestry,321992,Prefabricated Wood Building Manufacturing,10.0,2855509.82,711139.8,1.0,1
Fresno,Central San Joaquin,Forestry,321999,All Other Miscellaneous Wood Product Manufacturing,44.03,8951877.0,2224948.86,3.0,0
Fresno,Central San Joaquin,Forestry,322120,Paper Mills,11.19,6049387.94,1080146.55,2.0,0
Fresno,Central San Joaquin,Forestry,322211,Corrugated and Solid Fiber Box Manufacturing,737.2,324574556.89,60617308.41,7.0,0
Fresno,Central San Joaquin,Forestry,322212,Folding Paperboard Box Manufacturing,218.0,107675435.72,20205071.6,3.0,0
Fresno,Central San Joaquin,Forestry,322219,Other Paperboard Container Manufacturing,10.0,2841901.31,525784.72,1.0,1
Fresno,Central San Joaquin,Forestry,322220,Paper Bag and Coated and Treated Paper Manufacturing,31.29,12051856.59,2616143.66,1.0,0
Fresno,Central San Joaquin,Forestry,322299,All Other Converted Paper Product Manufacturing,121.93,35086098.19,9204312.14,1.0,0
Fresno,Central San Joaquin,Agricultural Support,325311,Nitrogenous Fertilizer Manufacturing,224.53,186245058.72,25872446.71,3.0,0
Fresno,Central San Joaquin,Agricultural Support,325312,Phosphatic Fertilizer Manufacturing,67.97,72737617.2,9905953.89,2.5,0
Fresno,Central San Joaquin,Agricultural Support,325314,Fertilizer (Mixing Only) Manufacturing,54.52,33305205.88,4623456.67,2.0,0
Fresno,Central San Joaquin,Agricultural Support,325315,Compost Manufacturing,61.49,44779016.68,6306428.61,1.0,0
Fresno,Central San Joaquin,Agricultural Support,325320,Pesticide and Other Agricultural Chemical Manufacturing,110.34,143041740.24,14421163.25,3.5,0
Fresno,Central San Joaquin,Mining,327120,Clay Building Material and Refractories Manufacturing,0.0,56249.33,19413.19,0.5,0
Fresno,Central San Joaquin,Mining,327310,Cement Manufacturing,10.0,1075833.36,174157.38,2.25,1
Fresno,Central San Joaquin,Mining,327320,Ready-Mix Concrete Manufacturing,206.41,78672170.17,17741203.24,8.75,0
Fresno,Central San Joaquin,Mining,327331,Concrete Block and Brick Manufacturing,13.39,2615537.83,781972.45,2.0,0
Fresno,Central San Joaquin,Mining,327390,Other Concrete Product Manufacturing,35.47,9572145.7,2758077.79,1.0,0
Fresno,Central San Joaquin,Mining,327991,Cut Stone and Stone Product Manufacturing,10.0,891462.87,341886.58,7.0,1
Fresno,Central San Joaquin,Agricultural Support,333111,Farm Machinery and Equipment Manufacturing,433.48,170990102.39,34829560.97,17.0,0
Fresno,Central San Joaquin,Agricultural Processing,333241,Food Product Machinery Manufacturing,104.6,27770619.63,7526939.26,4.0,0
Fresno,Central San Joaquin,Agricultural Processing,333993,Packaging Machinery Manufacturing,294.01,89583614.76,24400547.14,6.0,0
Fresno,Central San Joaquin,Forestry,337110,Wood Kitchen Cabinet and Countertop Manufacturing,163.53,22304806.45,10067219.7,13.75,0
Fresno,Central San Joaquin,Forestry,337211,Wood Office Furniture Manufacturing,10.0,265637.14,66624.54,1.0,1
Fresno,Central San Joaquin,Forestry,423310,"Lumber, Plywood, Millwork, and Wood Panel Merchant Wholesalers",107.44,32504587.81,9909444.88,12.75,0
Fresno,Central San Joaquin,Mining,423320,"Brick, Stone, and Related Construction Material Merchant Wholesalers",47.91,13832658.81,4224216.69,5.5,0
Fresno,Central San Joaquin,Agricultural Support,423820,Farm and Garden Machinery and Equipment Merchant Wholesalers,600.01,160494899.48,55046850.38,35.25,0
Fresno,Central San Joaquin,Agricultural Distribution,424410,General Line Grocery Merchant Wholesalers,227.74,63837269.52,21252833.54,17.25,0
Fresno,Central San Joaquin,Agricultural Distribution,424420,Packaged Frozen Food Merchant Wholesalers,221.37,60254079.81,20032746.93,2.5,0
Fresno,Central San Joaquin,Agricultural Distribution,424430,Dairy Product (except Dried or Canned) Merchant Wholesalers,91.31,22518256.26,7463301.24,3.75,0
Fresno,Central San Joaquin,Agricultural Distribution,424440,Poultry and Poultry Product Merchant Wholesalers,45.33,12949071.78,4314523.89,2.0,0
Fresno,Central San Joaquin,Agricultural Distribution,424450,Confectionery Merchant Wholesalers,403.25,85894803.65,28488015.16,14.0,0
Fresno,Central San Joaquin,Fishing,424460,Fish and Seafood Merchant Wholesalers,150.97,32966457.05,10994213.22,1.0,0
Fresno,Central San Joaquin,Agricultural Distribution,424470,Meat and Meat Product Merchant Wholesalers,229.79,61826156.93,20597319.91,6.75,0
Fresno,Central San Joaquin,Agricultural Distribution,424480,Fresh Fruit and Vegetable Merchant Wholesalers,1693.99,411988846.3,137403475.58,47.5,0
Fresno,Central San Joaquin,Agricultural Distribution,424490,Other Grocery and Related Products Merchant Wholesalers,1409.56,352206741.38,117205899.24,37.0,0
Fresno,Central San Joaquin,Agricultural Distribution,424510,Grain and Field Bean Merchant Wholesalers,152.08,120987036.49,29014466.62,3.0,0
Fresno,Central San Joaquin,Agricultural Distribution,424520,Livestock Merchant Wholesalers,179.79,42025228.3,9984033.87,2.0,0
Fresno,Central San Joaquin,Agricultural Distribution,424590,Other Farm Product Raw Material Merchant Wholesalers,100.21,35820288.61,8633561.72,7.0,0
Fresno,Central San Joaquin,Agricultural Distribution,424810,Beer and Ale Merchant Wholesalers,682.13,234199182.35,56287395.07,2.0,0
Fresno,Central San Joaquin,Agricultural Distribution,424820,Wine and Distilled Alcoholic Beverage Merchant Wholesalers,151.23,79467878.7,19388823.02,7.0,0
Fresno,Central San Joaquin,Agricultural Distribution,424910,Farm Supplies Merchant Wholesalers,1150.06,540629341.62,130121780.79,63.0,0
Fresno,Central San Joaquin,Agricultural Distribution,424930,"Flower, Nursery Stock, and Florists' Supplies Merchant Wholesalers",72.42,17570878.83,4243171.09,3.0,0
Fresno,Central San Joaquin,Agricultural Distribution,424990,Other Miscellaneous Nondurable Goods Merchant Wholesalers,269.7,71858901.54,17412428.29,20.75,0
Fresno,Central San Joaquin,Outdoor Recreation,441222,Boat Dealers,11.17,1508232.1,459917.14,1.0,0
Fresno,Central San Joaquin,Agricultural Support,444240,"Nursery, Garden Center, and Farm Supply Retailers",366.76,51806474.1,14838246.05,29.75,0
Fresno,Central San Joaquin,Agricultural Distribution,445230,Fruit and Vegetable Markets,198.24,30672231.66,11675856.68,15.0,0
Fresno,Central San Joaquin,Agricultural Distribution,445240,Meat Retailers,234.24,26017339.32,9829974.1,18.75,0
Fresno,Central San Joaquin,Agricultural Distribution,445291,Baked Goods Stores,91.8,8185915.44,3089827.37,4.0,0
Fresno,Central San Joaquin,Agricultural Distribution,445292,Confectionery and Nut Stores,191.02,16176426.22,6122710.48,13.0,0
Fresno,Central San Joaquin,Agricultural Distribution,445298,All Other Specialty Food Retailers,467.73,39065566.94,14816898.43,21.0,0
Fresno,Central San Joaquin,Agricultural Distribution,445320,"Beer, Wine, and Liquor Retailers",458.85,50160133.42,18927008.2,115.5,0
Fresno,Central San Joaquin,Agricultural Distribution,456191,Food (Health) Supplement Retailers,297.78,14168375.14,4482461.36,16.5,0
Fresno,Central San Joaquin,Agricultural Distribution,459310,Florists,387.52,34691700.73,11617739.39,16.25,0
Fresno,Central San Joaquin,Agricultural Distribution,484230,"Specialized Freight (except Used Goods) Trucking, Long-Distance",590.0,100628017.0,36365363.98,72.5,0
Fresno,Central San Joaquin,Outdoor Recreation,487110,"Scenic and Sightseeing Transportation, Land",36.8,2530131.45,1093655.13,0.0,0
Fresno,Central San Joaquin,Outdoor Recreation,487210,"Scenic and Sightseeing Transportation, Water",57.17,4887821.87,2110232.3,0.0,0
Fresno,Central San Joaquin,Outdoor Recreation,487990,"Scenic and Sightseeing Transportation, Other",10.61,390590.33,168248.79,0.0,0
Fresno,Central San Joaquin,Agricultural Distribution,493120,Refrigerated Warehousing and Storage,505.0,43357480.4,27281403.6,13.5,0
Fresno,Central San Joaquin,Agricultural Distribution,493130,Farm Product Warehousing and Storage,41.66,3201356.11,2012831.45,1.0,0
Fresno,Central San Joaquin,Outdoor Recreation,532284,Recreational Goods Rental,42.89,6686139.33,1753873.01,4.0,0
Fresno,Central San Joaquin,Mining,532412,"Construction, Mining, and Forestry Machinery and Equipment Rental and Leasing",293.55,230397157.79,29007292.41,14.25,0
Fresno,Central San Joaquin,Mining,541360,Geophysical Surveying and Mapping Services,24.05,3252467.78,1634375.34,1.25,0
Fresno,Central San Joaquin,Agricultural Support,541620,Environmental Consulting Services,238.6,26724195.7,16313399.57,15.0,0
Fresno,Central San Joaquin,Agricultural Support,541690,Other Scientific and Technical Consulting Services,789.04,69337785.43,42330908.71,108.75,0
Fresno,Central San Joaquin,Agricultural Distribution,624210,Community Food Services,352.8,26864295.65,19651394.58,4.5,0
Fresno,Central San Joaquin,Outdoor Recreation,712130,Zoos and Botanical Gardens,353.08,55229076.62,17907036.8,4.0,0
Fresno,Central San Joaquin,Outdoor Recreation,712190,Nature Parks and Other Similar Institutions,10.0,72768.33,23535.61,0.0,1
Fresno,Central San Joaquin,Outdoor Recreation,713930,Marinas,63.57,8584499.95,3344237.69,3.0,0
Fresno,Central San Joaquin,Outdoor Recreation,713990,All Other Amusement and Recreation Industries,1533.71,115926703.87,44869613.27,39.75,0
Fresno,Central San Joaquin,Outdoor Recreation,721211,RV (Recreational Vehicle) Parks and Campgrounds,38.84,4837161.83,1275371.39,6.5,0
Fresno,Central San Joaquin,Outdoor Recreation,721214,Recreational and Vacation Camps (except Campgrounds),152.56,27940152.46,7348660.21,4.5,0
Glenn,North State,Agricultural Production,111000,Crop Production,1716.88,520218021.89,119280967.16,152.5,0
Glenn,North State,Agricultural Production,112000,Animal Production,623.64,220664043.73,38672032.35,42.5,0
Glenn,North State,Forestry,113210,Forest Nurseries and Gathering of Forest Products,10.0,394297.13,162403.07,1.0,1
Glenn,North State,Forestry,113310,Logging,10.0,967739.76,382614.12,1.0,1
Glenn,North State,Outdoor Recreation,114210,Hunting and Trapping,10.0,487367.53,184394.96,0.0,1
Glenn,North State,Agricultural Processing,115111,Cotton Ginning,10.0,80481.87,69463.34,0.0,1
Glenn,North State,Agricultural Production,115112,"Soil Preparation, Planting, and Cultivating",61.16,6867792.04,5954612.57,10.0,0
Glenn,North State,Agricultural Production,115113,"Crop Harvesting, Primarily by Machine",11.81,1002024.72,869489.46,3.0,0
Glenn,North State,Agricultural Production,115114,Postharvest Crop Activities (except Cotton Ginning),210.22,16896710.09,14689498.24,8.5,0
Glenn,North State,Agricultural Support,115115,Farm Labor Contractors and Crew Leaders,399.99,28828986.26,23016747.25,12.5,0
Glenn,North State,Agricultural Support,115116,Farm Management Services,179.23,15058100.99,13090792.22,1.0,0
Glenn,North State,Agricultural Support,115210,Support Activities for Animal Production,35.8,1668009.1,1444373.09,1.0,0
Glenn,North State,Forestry,115310,Support Activities for Forestry,14.96,1251622.21,1083101.01,1.0,0
Glenn,North State,Mining,212220,Gold Ore and Silver Ore Mining,10.0,157339.6,29810.9,0.0,1
Glenn,North State,Mining,212321,Construction Sand and Gravel Mining,24.24,9013356.11,2421550.56,3.0,0
Glenn,North State,Mining,213111,Drilling Oil and Gas Wells,15.97,6936461.08,1926753.71,1.0,0
Glenn,North State,Mining,213112,Support Activities for Oil and Gas Operations,10.0,265108.22,96135.62,1.0,1
Glenn,North State,Renewable Energy,221114,Solar Electric Power Generation,10.0,782858.59,108296.21,0.0,1
Glenn,North State,Agricultural Support,221310,Water Supply and Irrigation Systems,10.0,542663.51,171048.08,3.5,1
Glenn,North State,Agricultural Processing,311111,Dog and Cat Food Manufacturing,10.0,135835.47,14273.25,0.0,1
Glenn,North State,Agricultural Processing,311119,Other Animal Food Manufacturing,26.12,19427017.82,1670798.5,1.0,0
Glenn,North State,Agricultural Processing,311212,Rice Milling,26.49,14057773.41,1489334.06,1.0,0
Glenn,North State,Agricultural Processing,311421,Fruit and Vegetable Canning,22.14,7806612.82,1463739.45,2.0,0
Glenn,North State,Agricultural Processing,311423,Dried and Dehydrated Food Manufacturing,10.0,3730944.95,701275.89,1.0,1
Glenn,North State,Agricultural Processing,311513,Cheese Manufacturing,121.81,108718822.63,8273694.43,1.0,0
Glenn,North State,Agricultural Processing,311611,Animal (except Poultry) Slaughtering,10.0,1391695.68,165638.81,0.0,1
Glenn,North State,Agricultural Processing,311612,Meat Processed from Carcasses,11.31,4913015.35,576028.37,1.0,0
Glenn,North State,Agricultural Processing,311613,Rendering and Meat Byproduct Processing,10.0,554779.16,65060.07,0.0,1
Glenn,North State,Agricultural Processing,311615,Poultry Processing,10.0,494295.05,80430.76,0.0,1
Glenn,North State,Fishing,311710,Seafood Product Preparation and Packaging,10.0,385541.11,74840.16,0.0,1
Glenn,North State,Agricultural Processing,311999,All Other Miscellaneous Food Manufacturing,10.0,713488.62,129505.93,1.0,1
Glenn,North State,Agricultural Processing,312120,Breweries,82.97,37434490.58,5735796.8,1.0,0
Glenn,North State,Agricultural Processing,312130,Wineries,93.53,47411051.62,10375830.35,1.0,0
Glenn,North State,Forestry,321219,Reconstituted Wood Product Manufacturing,17.54,15311668.96,2600076.14,1.0,0
Glenn,North State,Forestry,321911,Wood Window and Door Manufacturing,10.0,164241.32,35069.42,0.0,1
Glenn,North State,Forestry,321918,Other Millwork (including Flooring),10.0,113770.3,24097.68,0.0,1
Glenn,North State,Forestry,321920,Wood Container and Pallet Manufacturing,10.0,92842.14,23098.19,0.0,1
Glenn,North State,Forestry,321992,Prefabricated Wood Building Manufacturing,10.0,832304.34,207278.13,1.0,1
Glenn,North State,Forestry,321999,All Other Miscellaneous Wood Product Manufacturing,10.0,291997.34,72574.63,0.0,1
Glenn,North State,Agricultural Support,325314,Fertilizer (Mixing Only) Manufacturing,10.0,1597665.49,221789.27,0.0,1
Glenn,North State,Agricultural Support,325315,Compost Manufacturing,10.0,1525135.54,214791.64,1.0,1
Glenn,North State,Agricultural Support,325320,Pesticide and Other Agricultural Chemical Manufacturing,10.0,1674028.58,168771.99,0.0,1
Glenn,North State,Mining,327320,Ready-Mix Concrete Manufacturing,10.0,1163216.4,262314.6,1.0,1
Glenn,North State,Mining,327390,Other Concrete Product Manufacturing,10.0,728533.31,209916.52,1.0,1
Glenn,North State,Agricultural Support,333111,Farm Machinery and Equipment Manufacturing,36.91,13941170.68,2839724.92,3.0,0
Glenn,North State,Forestry,337110,Wood Kitchen Cabinet and Countertop Manufacturing,10.0,446263.33,201419.86,3.0,1
Glenn,North State,Mining,423320,"Brick, Stone, and Related Construction Material Merchant Wholesalers",10.0,224873.92,68671.99,1.0,1
Glenn,North State,Agricultural Support,423820,Farm and Garden Machinery and Equipment Merchant Wholesalers,48.81,13277670.41,4554001.02,5.0,0
Glenn,North State,Agricultural Distribution,424470,Meat and Meat Product Merchant Wholesalers,53.69,11065099.81,3686326.5,2.0,0
Glenn,North State,Agricultural Distribution,424490,Other Grocery and Related Products Merchant Wholesalers,10.0,171236.39,56983.34,0.0,1
Glenn,North State,Agricultural Distribution,424510,Grain and Field Bean Merchant Wholesalers,10.0,238520.26,57200.66,1.0,1
Glenn,North State,Agricultural Distribution,424520,Livestock Merchant Wholesalers,10.0,50173.78,11919.9,1.0,1
Glenn,North State,Agricultural Distribution,424590,Other Farm Product Raw Material Merchant Wholesalers,33.48,8263658.97,1991743.02,1.0,0
Glenn,North State,Agricultural Distribution,424820,Wine and Distilled Alcoholic Beverage Merchant Wholesalers,23.43,9186778.29,2241419.07,1.0,0
Glenn,North State,Agricultural Distribution,424910,Farm Supplies Merchant Wholesalers,114.71,47304413.2,11385498.37,9.25,0
Glenn,North State,Agricultural Distribution,424930,"Flower, Nursery Stock, and Florists' Supplies Merchant Wholesalers",10.0,700765.3,169227.0,0.0,1
Glenn,North State,Agricultural Distribution,424990,Other Miscellaneous Nondurable Goods Merchant Wholesalers,10.0,8373.16,2028.94,0.0,1
Glenn,North State,Agricultural Support,444240,"Nursery, Garden Center, and Farm Supply Retailers",29.01,3805569.42,1089979.13,3.5,0
Glenn,North State,Agricultural Distribution,445230,Fruit and Vegetable Markets,10.0,558484.07,212595.55,0.0,1
Glenn,North State,Agricultural Distribution,445240,Meat Retailers,35.91,4025821.08,1521051.65,5.0,0
Glenn,North State,Agricultural Distribution,445298,All Other Specialty Food Retailers,25.22,1544770.42,585904.88,3.0,0
Glenn,North State,Agricultural Distribution,445320,"Beer, Wine, and Liquor Retailers",10.0,693963.71,261854.5,3.0,1
Glenn,North State,Agricultural Distribution,456191,Food (Health) Supplement Retailers,10.0,344950.52,109132.3,0.75,1
Glenn,North State,Agricultural Distribution,459310,Florists,10.0,769149.83,257576.94,3.0,1
Glenn,North State,Agricultural Distribution,484230,"Specialized Freight (except Used Goods) Trucking, Long-Distance",10.0,1022423.79,369487.69,2.0,1
Glenn,North State,Outdoor Recreation,487110,"Scenic and Sightseeing Transportation, Land",10.0,30219.51,13062.45,0.0,1
Glenn,North State,Outdoor Recreation,487210,"Scenic and Sightseeing Transportation, Water",10.0,112307.13,48486.65,0.0,1
Glenn,North State,Agricultural Distribution,493120,Refrigerated Warehousing and Storage,78.97,8877095.86,5585648.26,1.0,0
Glenn,North State,Agricultural Distribution,493130,Farm Product Warehousing and Storage,0.0,18809.95,11826.63,0.5,0
Glenn,North State,Outdoor Recreation,532284,Recreational Goods Rental,10.0,145856.09,38260.2,0.0,1
Glenn,North State,Mining,532412,"Construction, Mining, and Forestry Machinery and Equipment Rental and Leasing",10.0,1040380.25,130985.18,0.0,1
Glenn,North State,Agricultural Support,541620,Environmental Consulting Services,10.0,17091.85,10433.47,0.0,1
Glenn,North State,Agricultural Support,541690,Other Scientific and Technical Consulting Services,21.73,1122463.5,685267.05,5.0,0
Glenn,North State,Outdoor Recreation,713990,All Other Amusement and Recreation Industries,16.58,1409233.28,545445.96,3.0,0
Glenn,North State,Outdoor Recreation,721211,RV (Recreational Vehicle) Parks and Campgrounds,10.46,1389481.71,366352.27,1.0,0
Humboldt,Redwood,Agricultural Production,111000,Crop Production,813.43,229766530.35,52683245.89,107.25,0
Humboldt,Redwood,Agricultural Production,112000,Animal Production,479.52,180041712.59,31552847.56,58.0,0
Humboldt,Redwood,Forestry,113110,Timber Tract Operations,13.99,2609094.66,1067769.82,1.0,0
Humboldt,Redwood,Forestry,113210,Forest Nurseries and Gathering of Forest Products,10.0,706829.43,291128.85,0.0,1
Humboldt,Redwood,Forestry,113310,Logging,562.16,116735422.51,46153544.99,49.5,0
Humboldt,Redwood,Fishing,114111,Finfish Fishing,127.88,17929181.96,6889902.51,24.25,0
Humboldt,Redwood,Fishing,114112,Shellfish Fishing,119.55,11640820.73,4426744.5,13.0,0
Humboldt,Redwood,Fishing,114119,Other Marine Fishing,30.94,796126.48,303946.14,0.0,0
Humboldt,Redwood,Outdoor Recreation,114210,Hunting and Trapping,10.0,500856.12,189498.36,0.0,1
Humboldt,Redwood,Agricultural Processing,115111,Cotton Ginning,10.0,396998.77,342646.88,0.0,1
Humboldt,Redwood,Agricultural Production,115112,"Soil Preparation, Planting, and Cultivating",98.24,3785550.74,3282203.06,7.75,0
Humboldt,Redwood,Agricultural Production,115113,"Crop Harvesting, Primarily by Machine",20.73,1712224.59,1485753.0,1.0,0
Humboldt,Redwood,Agricultural Production,115114,Postharvest Crop Activities (except Cotton Ginning),35.73,1536391.64,1335693.29,1.0,0
Humboldt,Redwood,Agricultural Support,115115,Farm Labor Contractors and Crew Leaders,80.76,4944473.16,3947613.28,4.0,0
Humboldt,Redwood,Agricultural Support,115116,Farm Management Services,35.91,1784705.23,1551537.3,3.0,0
Humboldt,Redwood,Agricultural Support,115210,Support Activities for Animal Production,58.96,2885321.04,2498475.62,2.0,0
Humboldt,Redwood,Forestry,115310,Support Activities for Forestry,105.56,8478060.75,7336555.79,8.0,0
Humboldt,Redwood,Mining,211120,Crude Petroleum Extraction,50.26,3374004.47,308295.64,0.0,0
Humboldt,Redwood,Mining,212311,Dimension Stone Mining and Quarrying,10.0,665152.6,142392.84,0.0,1
Humboldt,Redwood,Mining,212312,Crushed and Broken Limestone Mining and Quarrying,10.0,467055.91,100105.69,0.0,1
Humboldt,Redwood,Mining,212313,Crushed and Broken Granite Mining and Quarrying,10.0,996376.5,214633.41,0.0,1
Humboldt,Redwood,Mining,212319,Other Crushed and Broken Stone Mining and Quarrying,10.0,779496.45,168885.12,0.0,1
Humboldt,Redwood,Mining,212321,Construction Sand and Gravel Mining,33.47,7394030.28,1986498.47,0.75,0
Humboldt,Redwood,Mining,212322,Industrial Sand Mining,10.0,270287.66,70727.12,0.0,1
Humboldt,Redwood,Mining,212323,"Kaolin, Clay, and Ceramic and Refractory Minerals Mining",10.0,210693.93,56401.42,0.0,1
Humboldt,Redwood,Mining,212390,Other Nonmetallic Mineral Mining and Quarrying,10.0,1280644.31,343996.15,0.0,1
Humboldt,Redwood,Mining,213111,Drilling Oil and Gas Wells,10.0,36904.93,10251.15,0.0,1
Humboldt,Redwood,Mining,213112,Support Activities for Oil and Gas Operations,10.0,103765.33,37628.2,0.0,1
Humboldt,Redwood,Renewable Energy,221111,Hydroelectric Power Generation,10.0,202564.48,28130.95,0.0,1
Humboldt,Redwood,Renewable Energy,221118,Other Electric Power Generation,10.0,145853.73,20110.51,0.0,1
Humboldt,Redwood,Agricultural Support,221310,Water Supply and Irrigation Systems,31.88,1492811.92,470535.82,2.75,0
Humboldt,Redwood,Agricultural Processing,311340,Nonchocolate Confectionery Manufacturing,10.0,1869626.1,264686.32,0.0,1
Humboldt,Redwood,Agricultural Processing,311411,"Frozen Fruit, Juice, and Vegetable Manufacturing",10.0,113399.6,20094.89,0.0,1
Humboldt,Redwood,Agricultural Processing,311412,Frozen Specialty Food Manufacturing,10.0,208634.64,36971.37,0.0,1
Humboldt,Redwood,Agricultural Processing,311421,Fruit and Vegetable Canning,16.99,2692672.21,504875.88,2.5,0
Humboldt,Redwood,Agricultural Processing,311422,Specialty Canning,10.0,200001.87,37394.24,0.0,1
Humboldt,Redwood,Agricultural Processing,311423,Dried and Dehydrated Food Manufacturing,10.0,736120.4,138362.67,1.0,1
Humboldt,Redwood,Agricultural Processing,311511,Fluid Milk Manufacturing,58.52,47969531.61,5430445.04,1.0,0
Humboldt,Redwood,Agricultural Processing,311513,Cheese Manufacturing,44.62,43202245.06,3287767.16,1.0,0
Humboldt,Redwood,Agricultural Processing,311520,Ice Cream and Frozen Dessert Manufacturing,66.13,20109381.19,3841390.55,1.0,0
Humboldt,Redwood,Agricultural Processing,311611,Animal (except Poultry) Slaughtering,10.0,1711659.75,203720.75,1.0,1
Humboldt,Redwood,Fishing,311710,Seafood Product Preparation and Packaging,150.76,41104473.87,7979085.02,3.5,0
Humboldt,Redwood,Agricultural Processing,311811,Retail Bakeries,48.93,4187410.52,1241925.9,5.0,0
Humboldt,Redwood,Agricultural Processing,311812,Commercial Bakeries,18.57,2308890.96,683021.45,1.5,0
Humboldt,Redwood,Agricultural Processing,311821,Cookie and Cracker Manufacturing,10.0,432431.35,82129.14,1.0,1
Humboldt,Redwood,Agricultural Processing,311824,"Dry Pasta, Dough, and Flour Mixes Manufacturing from Purchased Flour",10.0,339268.75,63859.72,0.0,1
Humboldt,Redwood,Agricultural Processing,311911,Roasted Nuts and Peanut Butter Manufacturing,10.0,724519.42,74097.35,0.0,1
Humboldt,Redwood,Agricultural Processing,311919,Other Snack Food Manufacturing,10.0,471746.9,48245.42,0.0,1
Humboldt,Redwood,Agricultural Processing,311920,Coffee and Tea Manufacturing,35.59,9616569.72,1362963.11,3.0,0
Humboldt,Redwood,Agricultural Processing,311930,Flavoring Syrup and Concentrate Manufacturing,10.0,1755464.02,349658.06,1.0,1
Humboldt,Redwood,Agricultural Processing,311941,"Mayonnaise, Dressing, and Other Prepared Sauce Manufacturing",11.86,1836708.9,318313.29,2.0,0
Humboldt,Redwood,Agricultural Processing,311942,Spice and Extract Manufacturing,10.0,712086.11,121682.73,0.0,1
Humboldt,Redwood,Agricultural Processing,311991,Perishable Prepared Food Manufacturing,29.24,4096647.77,744260.1,2.0,0
Humboldt,Redwood,Agricultural Processing,311999,All Other Miscellaneous Food Manufacturing,10.0,679143.31,123271.88,0.0,1
Humboldt,Redwood,Agricultural Processing,312111,Soft Drink Manufacturing,27.21,10708761.88,1973971.43,1.0,0
Humboldt,Redwood,Agricultural Processing,312112,Bottled Water Manufacturing,10.0,128802.98,23658.86,0.0,1
Humboldt,Redwood,Agricultural Processing,312120,Breweries,66.68,21016829.08,3220245.8,5.5,0
Humboldt,Redwood,Agricultural Processing,312130,Wineries,48.96,7408058.93,1621241.46,6.0,0
Humboldt,Redwood,Agricultural Processing,312140,Distilleries,10.0,2850910.77,225010.63,1.5,1
Humboldt,Redwood,Agricultural Processing,316990,Other Leather and Allied Product Manufacturing,104.77,23749200.26,6378688.43,1.0,0
Humboldt,Redwood,Forestry,321113,Sawmills,644.11,406886730.85,60419661.94,8.5,0
Humboldt,Redwood,Forestry,321114,Wood Preservation,10.0,1385581.49,204989.78,0.0,1
Humboldt,Redwood,Forestry,321215,Engineered Wood Member Manufacturing,10.0,138957.29,24281.77,0.0,1
Humboldt,Redwood,Forestry,321911,Wood Window and Door Manufacturing,11.57,1337450.96,285577.5,0.0,0
Humboldt,Redwood,Forestry,321912,"Cut Stock, Resawing Lumber, and Planing",48.14,11575637.83,2444036.5,2.0,0
Humboldt,Redwood,Forestry,321918,Other Millwork (including Flooring),11.7,1664678.06,352595.28,0.0,0
Humboldt,Redwood,Forestry,321920,Wood Container and Pallet Manufacturing,10.0,845794.68,210425.24,0.0,1
Humboldt,Redwood,Forestry,321992,Prefabricated Wood Building Manufacturing,10.0,143616.41,35766.41,0.0,1
Humboldt,Redwood,Forestry,321999,All Other Miscellaneous Wood Product Manufacturing,57.15,9575180.02,2379868.03,4.5,0
Humboldt,Redwood,Agricultural Support,325311,Nitrogenous Fertilizer Manufacturing,90.17,67040145.5,9312958.98,1.0,0
Humboldt,Redwood,Agricultural Support,325314,Fertilizer (Mixing Only) Manufacturing,59.67,30373963.38,4216539.12,2.0,0
Humboldt,Redwood,Mining,327120,Clay Building Material and Refractories Manufacturing,10.0,151885.53,52419.87,0.0,1
Humboldt,Redwood,Mining,327320,Ready-Mix Concrete Manufacturing,27.53,4510263.38,1017100.45,4.0,0
Humboldt,Redwood,Mining,327991,Cut Stone and Stone Product Manufacturing,10.0,279074.18,107028.26,0.0,1
Humboldt,Redwood,Agricultural Support,333111,Farm Machinery and Equipment Manufacturing,10.0,139770.99,28470.43,0.0,1
Humboldt,Redwood,Forestry,337110,Wood Kitchen Cabinet and Countertop Manufacturing,41.73,4746911.49,2142506.86,4.0,0
Humboldt,Redwood,Forestry,337211,Wood Office Furniture Manufacturing,10.0,7911.93,1984.39,0.0,1
Humboldt,Redwood,Forestry,423310,"Lumber, Plywood, Millwork, and Wood Panel Merchant Wholesalers",10.0,1929024.28,588088.05,1.0,1
Humboldt,Redwood,Agricultural Support,423820,Farm and Garden Machinery and Equipment Merchant Wholesalers,10.0,1634925.23,560749.81,1.0,1
Humboldt,Redwood,Agricultural Distribution,424410,General Line Grocery Merchant Wholesalers,42.99,9834290.55,3274052.0,2.0,0
Humboldt,Redwood,Agricultural Distribution,424420,Packaged Frozen Food Merchant Wholesalers,10.0,81116.11,26968.77,0.0,1
Humboldt,Redwood,Agricultural Distribution,424430,Dairy Product (except Dried or Canned) Merchant Wholesalers,33.09,7188829.24,2382617.8,1.0,0
Humboldt,Redwood,Agricultural Distribution,424450,Confectionery Merchant Wholesalers,10.0,725792.24,240717.48,3.0,1
Humboldt,Redwood,Fishing,424460,Fish and Seafood Merchant Wholesalers,10.0,733829.01,244729.74,4.0,1
Humboldt,Redwood,Agricultural Distribution,424470,Meat and Meat Product Merchant Wholesalers,10.0,161595.38,53835.33,0.0,1
Humboldt,Redwood,Agricultural Distribution,424480,Fresh Fruit and Vegetable Merchant Wholesalers,10.0,1189572.47,396737.42,1.0,1
Humboldt,Redwood,Agricultural Distribution,424490,Other Grocery and Related Products Merchant Wholesalers,105.44,26705105.35,8886814.25,12.0,0
Humboldt,Redwood,Agricultural Distribution,424510,Grain and Field Bean Merchant Wholesalers,10.0,527676.84,126544.65,0.0,1
Humboldt,Redwood,Agricultural Distribution,424520,Livestock Merchant Wholesalers,10.0,1166847.02,277210.63,1.0,1
Humboldt,Redwood,Agricultural Distribution,424590,Other Farm Product Raw Material Merchant Wholesalers,158.65,36984397.86,8914140.4,15.75,0
Humboldt,Redwood,Agricultural Distribution,424810,Beer and Ale Merchant Wholesalers,112.14,32463138.44,7802185.64,3.0,0
Humboldt,Redwood,Agricultural Distribution,424820,Wine and Distilled Alcoholic Beverage Merchant Wholesalers,20.08,6627898.02,1617095.41,2.75,0
Humboldt,Redwood,Agricultural Distribution,424910,Farm Supplies Merchant Wholesalers,67.31,21966012.75,5286906.34,11.25,0
Humboldt,Redwood,Agricultural Distribution,424930,"Flower, Nursery Stock, and Florists' Supplies Merchant Wholesalers",70.39,13013064.45,3142509.8,5.0,0
Humboldt,Redwood,Agricultural Distribution,424990,Other Miscellaneous Nondurable Goods Merchant Wholesalers,94.6,25445645.44,6165839.82,4.5,0
Humboldt,Redwood,Outdoor Recreation,441222,Boat Dealers,20.21,3370765.2,1027874.1,1.0,0
Humboldt,Redwood,Agricultural Support,444240,"Nursery, Garden Center, and Farm Supply Retailers",207.4,41117760.36,11776818.56,24.25,0
Humboldt,Redwood,Agricultural Distribution,445230,Fruit and Vegetable Markets,19.31,1822021.94,693580.67,2.0,0
Humboldt,Redwood,Agricultural Distribution,445240,Meat Retailers,13.49,1177335.74,444825.65,1.0,0
Humboldt,Redwood,Agricultural Distribution,445291,Baked Goods Stores,25.7,3020669.69,1140171.55,3.0,0
Humboldt,Redwood,Agricultural Distribution,445292,Confectionery and Nut Stores,10.0,284576.38,107710.98,0.0,1
Humboldt,Redwood,Agricultural Distribution,445298,All Other Specialty Food Retailers,217.28,20415803.79,7743363.65,6.5,0
Humboldt,Redwood,Agricultural Distribution,445320,"Beer, Wine, and Liquor Retailers",63.29,5900015.56,2226262.87,12.25,0
Humboldt,Redwood,Agricultural Distribution,456191,Food (Health) Supplement Retailers,46.82,3208409.87,1015047.47,7.0,0
Humboldt,Redwood,Agricultural Distribution,459310,Florists,68.92,4343151.24,1454457.35,7.0,0
Humboldt,Redwood,Agricultural Distribution,484230,"Specialized Freight (except Used Goods) Trucking, Long-Distance",30.66,8820604.34,3187626.04,2.5,0
Humboldt,Redwood,Outdoor Recreation,487110,"Scenic and Sightseeing Transportation, Land",10.0,179505.86,77591.82,1.0,1
Humboldt,Redwood,Outdoor Recreation,487210,"Scenic and Sightseeing Transportation, Water",13.72,830089.41,358376.7,4.0,0
Humboldt,Redwood,Outdoor Recreation,487990,"Scenic and Sightseeing Transportation, Other",10.0,1412.43,608.41,0.0,1
Humboldt,Redwood,Agricultural Distribution,493120,Refrigerated Warehousing and Storage,10.0,82210.27,51728.37,0.0,1
Humboldt,Redwood,Agricultural Distribution,493130,Farm Product Warehousing and Storage,10.0,718022.9,451452.14,1.0,1
Humboldt,Redwood,Outdoor Recreation,532284,Recreational Goods Rental,10.0,1010727.99,265128.87,0.0,1
Humboldt,Redwood,Mining,532412,"Construction, Mining, and Forestry Machinery and Equipment Rental and Leasing",38.66,24256444.69,3053916.94,4.0,0
Humboldt,Redwood,Mining,541360,Geophysical Surveying and Mapping Services,14.32,2256477.78,1133887.22,1.0,0
Humboldt,Redwood,Agricultural Support,541620,Environmental Consulting Services,182.26,17041078.6,10402480.49,15.75,0
Humboldt,Redwood,Agricultural Support,541690,Other Scientific and Technical Consulting Services,135.72,10123356.59,6180337.04,17.75,0
Humboldt,Redwood,Agricultural Distribution,624210,Community Food Services,44.28,2520295.55,1843611.42,4.0,0
Humboldt,Redwood,Outdoor Recreation,712130,Zoos and Botanical Gardens,10.0,563078.2,182568.0,2.0,1
Humboldt,Redwood,Outdoor Recreation,712190,Nature Parks and Other Similar Institutions,17.91,2011320.67,650525.48,2.0,0
Humboldt,Redwood,Outdoor Recreation,713930,Marinas,10.0,762837.62,297176.34,0.0,1
Humboldt,Redwood,Outdoor Recreation,713990,All Other Amusement and Recreation Industries,83.84,6906118.53,2673024.05,10.5,0
Humboldt,Redwood,Outdoor Recreation,721211,RV (Recreational Vehicle) Parks and Campgrounds,41.66,6116576.54,1612703.27,9.0,0
Humboldt,Redwood,Outdoor Recreation,721214,Recreational and Vacation Camps (except Campgrounds),13.44,1653274.61,434834.9,4.0,0
Imperial,Southern Border,Agricultural Production,111000,Crop Production,3366.4,968647594.32,222101536.33,134.0,0
Imperial,Southern Border,Agricultural Production,112000,Animal Production,590.43,236594622.82,41463913.89,30.75,0
Imperial,Southern Border,Forestry,113310,Logging,10.0,236835.75,93637.47,0.0,1
Imperial,Southern Border,Fishing,114111,Finfish Fishing,10.0,176718.35,67910.08,0.0,1
Imperial,Southern Border,Agricultural Processing,115111,Cotton Ginning,10.0,138354.9,119413.16,0.0,1
Imperial,Southern Border,Agricultural Production,115112,"Soil Preparation, Planting, and Cultivating",467.98,37070322.43,32141248.09,28.25,0
Imperial,Southern Border,Agricultural Production,115113,"Crop Harvesting, Primarily by Machine",354.14,26620086.7,23099115.55,24.25,0
Imperial,Southern Border,Agricultural Production,115114,Postharvest Crop Activities (except Cotton Ginning),2395.78,140515073.75,122159634.41,21.0,0
Imperial,Southern Border,Agricultural Support,115115,Farm Labor Contractors and Crew Leaders,2513.03,179006859.74,142917118.52,38.25,0
Imperial,Southern Border,Agricultural Support,115116,Farm Management Services,78.32,5572506.36,4844470.3,6.0,0
Imperial,Southern Border,Agricultural Support,115210,Support Activities for Animal Production,23.37,1567696.44,1357509.72,0.0,0
Imperial,Southern Border,Mining,211130,Natural Gas Extraction,10.0,55682.65,5122.65,0.0,1
Imperial,Southern Border,Mining,212114,Surface Coal Mining,14.85,19431779.69,2648786.55,1.0,0
Imperial,Southern Border,Mining,212220,Gold Ore and Silver Ore Mining,269.25,187059123.48,35441814.29,2.0,0
Imperial,Southern Border,Mining,212319,Other Crushed and Broken Stone Mining and Quarrying,43.4,17217202.16,3730266.22,1.0,0
Imperial,Southern Border,Mining,212321,Construction Sand and Gravel Mining,10.0,2767712.07,743580.38,2.0,1
Imperial,Southern Border,Mining,213111,Drilling Oil and Gas Wells,10.0,190881.37,53021.47,0.0,1
Imperial,Southern Border,Mining,213112,Support Activities for Oil and Gas Operations,10.0,503865.66,182715.72,0.0,1
Imperial,Southern Border,Renewable Energy,221111,Hydroelectric Power Generation,10.0,296357.86,41156.41,0.0,1
Imperial,Southern Border,Renewable Energy,221114,Solar Electric Power Generation,16.19,12053351.96,1667392.24,1.0,0
Imperial,Southern Border,Renewable Energy,221115,Wind Electric Power Generation,26.93,37951887.96,5098593.06,1.0,0
Imperial,Southern Border,Renewable Energy,221116,Geothermal Electric Power Generation,433.12,525486272.72,74374419.57,2.75,0
Imperial,Southern Border,Renewable Energy,221117,Biomass Electric Power Generation,0.0,119338.26,16459.32,0.25,0
Imperial,Southern Border,Renewable Energy,221118,Other Electric Power Generation,10.0,221547.23,30547.24,0.0,1
Imperial,Southern Border,Agricultural Support,221310,Water Supply and Irrigation Systems,17.55,1181414.57,372383.06,7.0,0
Imperial,Southern Border,Agricultural Processing,311119,Other Animal Food Manufacturing,73.94,72341353.64,6221635.58,5.0,0
Imperial,Southern Border,Agricultural Processing,311225,Fats and Oils Refining and Blending,10.0,1992724.79,118312.44,1.0,1
Imperial,Southern Border,Agricultural Processing,311313,Beet Sugar Manufacturing,208.86,113043910.9,15912113.5,1.0,0
Imperial,Southern Border,Agricultural Processing,311412,Frozen Specialty Food Manufacturing,10.0,95398.6,16905.23,0.0,1
Imperial,Southern Border,Agricultural Processing,311421,Fruit and Vegetable Canning,10.0,321637.7,60307.05,0.0,1
Imperial,Southern Border,Agricultural Processing,311422,Specialty Canning,10.0,87797.26,16415.4,0.0,1
Imperial,Southern Border,Agricultural Processing,311423,Dried and Dehydrated Food Manufacturing,10.0,125456.39,23581.03,0.0,1
Imperial,Southern Border,Agricultural Processing,311611,Animal (except Poultry) Slaughtering,342.33,184366723.89,21943220.22,1.0,0
Imperial,Southern Border,Agricultural Processing,311612,Meat Processed from Carcasses,572.74,283786355.55,33272639.95,1.0,0
Imperial,Southern Border,Agricultural Processing,311811,Retail Bakeries,48.29,5016577.08,1487844.81,1.0,0
Imperial,Southern Border,Agricultural Processing,311812,Commercial Bakeries,25.41,3929245.46,1162358.45,2.0,0
Imperial,Southern Border,Agricultural Processing,311821,Cookie and Cracker Manufacturing,10.0,156626.23,29747.1,0.0,1
Imperial,Southern Border,Agricultural Processing,311824,"Dry Pasta, Dough, and Flour Mixes Manufacturing from Purchased Flour",10.0,169001.39,31810.72,0.0,1
Imperial,Southern Border,Agricultural Processing,311830,Tortilla Manufacturing,10.72,2635544.22,499228.45,1.0,0
Imperial,Southern Border,Agricultural Processing,311911,Roasted Nuts and Peanut Butter Manufacturing,10.0,118042.9,12072.37,0.0,1
Imperial,Southern Border,Agricultural Processing,311920,Coffee and Tea Manufacturing,10.0,192947.16,27346.53,0.0,1
Imperial,Southern Border,Agricultural Processing,311941,"Mayonnaise, Dressing, and Other Prepared Sauce Manufacturing",10.0,79444.65,13768.26,0.0,1
Imperial,Southern Border,Agricultural Processing,311991,Perishable Prepared Food Manufacturing,10.0,125262.65,22757.14,0.0,1
Imperial,Southern Border,Agricultural Processing,311999,All Other Miscellaneous Food Manufacturing,10.0,84335.13,15307.74,0.0,1
Imperial,Southern Border,Agricultural Processing,312112,Bottled Water Manufacturing,10.0,3034232.5,557335.47,1.0,1
Imperial,Southern Border,Agricultural Processing,312113,Ice Manufacturing,45.71,17923572.87,3292459.59,1.0,0
Imperial,Southern Border,Agricultural Processing,312120,Breweries,11.56,3979408.86,609733.97,2.0,0
Imperial,Southern Border,Agricultural Processing,312130,Wineries,10.0,569689.7,124675.65,0.0,1
Imperial,Southern Border,Agricultural Processing,316990,Other Leather and Allied Product Manufacturing,10.0,154218.28,41420.78,0.0,1
Imperial,Southern Border,Forestry,321113,Sawmills,10.0,670356.38,99542.95,1.0,1
Imperial,Southern Border,Forestry,321215,Engineered Wood Member Manufacturing,10.0,2229349.94,389562.63,1.0,1
Imperial,Southern Border,Forestry,321911,Wood Window and Door Manufacturing,10.0,254223.38,54282.72,0.0,1
Imperial,Southern Border,Forestry,321920,Wood Container and Pallet Manufacturing,24.68,4364385.16,1085815.3,4.0,0
Imperial,Southern Border,Forestry,321999,All Other Miscellaneous Wood Product Manufacturing,10.0,373909.32,92933.48,0.0,1
Imperial,Southern Border,Agricultural Support,325314,Fertilizer (Mixing Only) Manufacturing,10.0,1254916.22,174208.52,0.0,1
Imperial,Southern Border,Agricultural Support,325315,Compost Manufacturing,10.0,3943055.22,555318.05,1.0,1
Imperial,Southern Border,Agricultural Support,325320,Pesticide and Other Agricultural Chemical Manufacturing,10.0,1268578.35,127895.36,0.0,1
Imperial,Southern Border,Mining,327320,Ready-Mix Concrete Manufacturing,56.77,20774937.08,4684914.38,2.0,0
Imperial,Southern Border,Mining,327390,Other Concrete Product Manufacturing,10.0,136957.99,39462.5,0.0,1
Imperial,Southern Border,Agricultural Support,333111,Farm Machinery and Equipment Manufacturing,73.13,29502606.84,6009487.27,2.0,0
Imperial,Southern Border,Forestry,337110,Wood Kitchen Cabinet and Countertop Manufacturing,10.0,465100.73,209922.07,0.0,1
Imperial,Southern Border,Forestry,337211,Wood Office Furniture Manufacturing,10.0,1397587.27,350529.3,1.0,1
Imperial,Southern Border,Forestry,423310,"Lumber, Plywood, Millwork, and Wood Panel Merchant Wholesalers",10.0,1678215.81,511625.84,2.0,1
Imperial,Southern Border,Mining,423320,"Brick, Stone, and Related Construction Material Merchant Wholesalers",15.58,3808240.82,1162960.4,3.5,0
Imperial,Southern Border,Agricultural Support,423820,Farm and Garden Machinery and Equipment Merchant Wholesalers,189.15,64276765.29,22045769.02,11.5,0
Imperial,Southern Border,Agricultural Distribution,424410,General Line Grocery Merchant Wholesalers,24.12,5213222.47,1735596.62,2.0,0
Imperial,Southern Border,Agricultural Distribution,424420,Packaged Frozen Food Merchant Wholesalers,10.0,117794.17,39163.17,0.0,1
Imperial,Southern Border,Agricultural Distribution,424430,Dairy Product (except Dried or Canned) Merchant Wholesalers,10.0,179958.69,59644.31,0.0,1
Imperial,Southern Border,Agricultural Distribution,424450,Confectionery Merchant Wholesalers,13.51,2397911.62,795295.4,1.5,0
Imperial,Southern Border,Fishing,424460,Fish and Seafood Merchant Wholesalers,10.0,274103.9,91412.82,1.0,1
Imperial,Southern Border,Agricultural Distribution,424470,Meat and Meat Product Merchant Wholesalers,56.64,11072417.21,3688764.28,2.0,0
Imperial,Southern Border,Agricultural Distribution,424480,Fresh Fruit and Vegetable Merchant Wholesalers,132.58,45698752.21,15241110.14,10.5,0
Imperial,Southern Border,Agricultural Distribution,424490,Other Grocery and Related Products Merchant Wholesalers,87.06,20478942.12,6814897.46,8.25,0
Imperial,Southern Border,Agricultural Distribution,424510,Grain and Field Bean Merchant Wholesalers,12.14,1861308.47,446369.08,0.0,0
Imperial,Southern Border,Agricultural Distribution,424520,Livestock Merchant Wholesalers,10.0,238921.39,56761.12,0.0,1
Imperial,Southern Border,Agricultural Distribution,424590,Other Farm Product Raw Material Merchant Wholesalers,10.0,1187441.33,286202.27,0.5,1
Imperial,Southern Border,Agricultural Distribution,424810,Beer and Ale Merchant Wholesalers,81.92,23270884.88,5592920.85,2.0,0
Imperial,Southern Border,Agricultural Distribution,424910,Farm Supplies Merchant Wholesalers,586.15,219265663.57,52774121.59,38.75,0
Imperial,Southern Border,Agricultural Distribution,424990,Other Miscellaneous Nondurable Goods Merchant Wholesalers,56.22,16515448.8,4001926.86,6.0,0
Imperial,Southern Border,Agricultural Support,444240,"Nursery, Garden Center, and Farm Supply Retailers",77.61,14268795.49,4086823.16,6.0,0
Imperial,Southern Border,Agricultural Distribution,445230,Fruit and Vegetable Markets,14.78,1509993.86,574802.38,2.0,0
Imperial,Southern Border,Agricultural Distribution,445240,Meat Retailers,21.17,2942801.96,1111861.08,3.0,0
Imperial,Southern Border,Agricultural Distribution,445291,Baked Goods Stores,20.4,1998164.39,754220.23,1.0,0
Imperial,Southern Border,Agricultural Distribution,445292,Confectionery and Nut Stores,22.9,2105695.09,796996.89,2.0,0
Imperial,Southern Border,Agricultural Distribution,445298,All Other Specialty Food Retailers,24.54,2385019.77,904597.03,0.0,0
Imperial,Southern Border,Agricultural Distribution,445320,"Beer, Wine, and Liquor Retailers",67.29,6419239.9,2422182.68,12.0,0
Imperial,Southern Border,Agricultural Distribution,456191,Food (Health) Supplement Retailers,66.04,3560947.41,1126580.08,2.0,0
Imperial,Southern Border,Agricultural Distribution,459310,Florists,87.87,7599411.8,2544931.03,2.0,0
Imperial,Southern Border,Agricultural Distribution,484230,"Specialized Freight (except Used Goods) Trucking, Long-Distance",43.4,7364740.61,2661500.06,8.0,0
Imperial,Southern Border,Outdoor Recreation,487110,"Scenic and Sightseeing Transportation, Land",10.0,115666.34,49997.04,0.0,1
Imperial,Southern Border,Outdoor Recreation,487210,"Scenic and Sightseeing Transportation, Water",10.0,528576.42,228203.7,0.0,1
Imperial,Southern Border,Agricultural Distribution,493120,Refrigerated Warehousing and Storage,162.5,13738281.8,8644404.77,8.0,0
Imperial,Southern Border,Agricultural Distribution,493130,Farm Product Warehousing and Storage,10.0,284752.18,179036.05,1.0,1
Imperial,Southern Border,Outdoor Recreation,532284,Recreational Goods Rental,10.0,677135.05,177622.52,0.5,1
Imperial,Southern Border,Mining,532412,"Construction, Mining, and Forestry Machinery and Equipment Rental and Leasing",65.9,42974466.8,5410539.51,3.75,0
Imperial,Southern Border,Agricultural Support,541620,Environmental Consulting Services,10.0,349021.72,213055.27,0.0,1
Imperial,Southern Border,Agricultural Support,541690,Other Scientific and Technical Consulting Services,139.38,15083935.71,9208784.24,17.75,0
Imperial,Southern Border,Agricultural Distribution,624210,Community Food Services,29.64,2006740.71,1467942.95,4.0,0
Imperial,Southern Border,Outdoor Recreation,712190,Nature Parks and Other Similar Institutions,10.0,53605.53,17337.74,0.0,1
Imperial,Southern Border,Outdoor Recreation,713930,Marinas,10.0,64367.66,25075.51,0.0,1
Imperial,Southern Border,Outdoor Recreation,713990,All Other Amusement and Recreation Industries,21.37,1762318.52,682108.16,1.0,0
Imperial,Southern Border,Outdoor Recreation,721211,RV (Recreational Vehicle) Parks and Campgrounds,88.64,11626695.1,3065507.17,7.0,0
Imperial,Southern Border,Outdoor Recreation,721214,Recreational and Vacation Camps (except Campgrounds),10.0,1147844.13,301899.44,0.0,1
Inyo,Sierra,Agricultural Production,111000,Crop Production,12.82,5219349.15,1196746.34,2.0,0
Inyo,Sierra,Agricultural Production,112000,Animal Production,70.74,30368839.47,5322229.77,6.5,0
Inyo,Sierra,Forestry,113310,Logging,10.0,85912.69,33967.2,0.0,1
Inyo,Sierra,Fishing,114111,Finfish Fishing,10.0,377556.06,145088.85,0.0,1
Inyo,Sierra,Outdoor Recreation,114210,Hunting and Trapping,10.0,1831999.69,693135.05,1.0,1
Inyo,Sierra,Agricultural Production,115112,"Soil Preparation, Planting, and Cultivating",10.0,235721.62,204378.77,0.0,1
Inyo,Sierra,Agricultural Production,115113,"Crop Harvesting, Primarily by Machine",10.0,159786.73,138652.15,0.0,1
Inyo,Sierra,Agricultural Production,115114,Postharvest Crop Activities (except Cotton Ginning),10.0,101615.36,88341.38,0.0,1
Inyo,Sierra,Agricultural Support,115115,Farm Labor Contractors and Crew Leaders,10.0,214541.54,171287.62,0.0,1
Inyo,Sierra,Agricultural Support,115116,Farm Management Services,10.0,129828.27,112866.48,0.0,1
Inyo,Sierra,Agricultural Support,115210,Support Activities for Animal Production,14.34,424966.99,367990.13,2.0,0
Inyo,Sierra,Mining,212220,Gold Ore and Silver Ore Mining,10.0,560829.72,106259.57,0.0,1
Inyo,Sierra,Mining,212290,Other Metal Ore Mining,16.21,9741133.26,1733086.5,1.0,0
Inyo,Sierra,Mining,212319,Other Crushed and Broken Stone Mining and Quarrying,15.54,6747494.42,1461907.13,1.0,0
Inyo,Sierra,Mining,212321,Construction Sand and Gravel Mining,10.0,1965627.61,528090.38,2.0,1
Inyo,Sierra,Mining,212390,Other Nonmetallic Mineral Mining and Quarrying,10.0,569961.47,153098.36,2.0,1
Inyo,Sierra,Mining,213112,Support Activities for Oil and Gas Operations,10.0,142286.19,51596.94,0.0,1
Inyo,Sierra,Renewable Energy,221111,Hydroelectric Power Generation,10.0,4305266.7,597889.74,3.0,1
Inyo,Sierra,Renewable Energy,221116,Geothermal Electric Power Generation,97.46,124789604.07,17662030.11,1.0,0
Inyo,Sierra,Agricultural Support,221310,Water Supply and Irrigation Systems,20.47,2558509.42,806444.74,7.0,0
Inyo,Sierra,Agricultural Processing,311111,Dog and Cat Food Manufacturing,10.0,35650.07,3746.02,0.0,1
Inyo,Sierra,Agricultural Processing,311119,Other Animal Food Manufacturing,10.0,96588.53,8306.99,0.0,1
Inyo,Sierra,Agricultural Processing,311421,Fruit and Vegetable Canning,10.0,292480.29,54840.04,0.0,1
Inyo,Sierra,Agricultural Processing,311423,Dried and Dehydrated Food Manufacturing,10.0,118108.89,22199.98,0.0,1
Inyo,Sierra,Agricultural Processing,311611,Animal (except Poultry) Slaughtering,10.0,1099667.04,130881.73,0.0,1
Inyo,Sierra,Agricultural Processing,311612,Meat Processed from Carcasses,105.14,53646493.68,6289803.7,1.0,0
Inyo,Sierra,Agricultural Processing,311615,Poultry Processing,10.0,341222.12,55523.02,0.0,1
Inyo,Sierra,Fishing,311710,Seafood Product Preparation and Packaging,10.0,293632.12,56999.04,0.0,1
Inyo,Sierra,Agricultural Processing,311811,Retail Bakeries,19.93,3571954.71,1059390.53,2.0,0
Inyo,Sierra,Agricultural Processing,311920,Coffee and Tea Manufacturing,10.0,1094444.28,155116.35,2.0,1
Inyo,Sierra,Agricultural Processing,312111,Soft Drink Manufacturing,10.0,412298.02,75999.87,1.0,1
Inyo,Sierra,Agricultural Processing,312112,Bottled Water Manufacturing,89.47,49277991.35,9051505.66,1.0,0
Inyo,Sierra,Agricultural Processing,312120,Breweries,21.97,8981426.71,1376154.39,2.0,0
Inyo,Sierra,Agricultural Processing,312130,Wineries,56.48,25870775.47,5661776.49,2.0,0
Inyo,Sierra,Forestry,321215,Engineered Wood Member Manufacturing,17.71,5258093.19,918813.39,1.0,0
Inyo,Sierra,Forestry,321911,Wood Window and Door Manufacturing,10.0,276362.48,59009.95,0.0,1
Inyo,Sierra,Forestry,321918,Other Millwork (including Flooring),10.0,243817.55,51642.97,0.0,1
Inyo,Sierra,Forestry,321920,Wood Container and Pallet Manufacturing,10.0,172348.0,42878.46,0.0,1
Inyo,Sierra,Forestry,321999,All Other Miscellaneous Wood Product Manufacturing,10.0,594985.23,147880.91,0.0,1
Inyo,Sierra,Forestry,322220,Paper Bag and Coated and Treated Paper Manufacturing,10.0,195801.97,42503.5,0.5,1
Inyo,Sierra,Mining,327320,Ready-Mix Concrete Manufacturing,10.0,694417.62,156596.72,1.5,1
Inyo,Sierra,Forestry,337110,Wood Kitchen Cabinet and Countertop Manufacturing,10.0,226255.55,102119.89,1.0,1
Inyo,Sierra,Agricultural Distribution,424450,Confectionery Merchant Wholesalers,11.16,2945076.19,976768.92,1.0,0
Inyo,Sierra,Agricultural Distribution,424810,Beer and Ale Merchant Wholesalers,29.36,8292694.59,1993064.93,1.0,0
Inyo,Sierra,Agricultural Distribution,424820,Wine and Distilled Alcoholic Beverage Merchant Wholesalers,10.0,513139.83,125197.47,1.75,1
Inyo,Sierra,Outdoor Recreation,441222,Boat Dealers,10.0,533413.4,162657.97,0.0,1
Inyo,Sierra,Agricultural Support,444240,"Nursery, Garden Center, and Farm Supply Retailers",10.0,1232014.99,352869.83,2.0,1
Inyo,Sierra,Agricultural Distribution,445230,Fruit and Vegetable Markets,10.0,93761.74,35691.85,1.0,1
Inyo,Sierra,Agricultural Distribution,445240,Meat Retailers,25.43,2374835.83,897269.87,2.0,0
Inyo,Sierra,Agricultural Distribution,445291,Baked Goods Stores,10.0,710988.1,268367.11,0.0,1
Inyo,Sierra,Agricultural Distribution,445292,Confectionery and Nut Stores,10.0,79490.49,30086.82,0.0,1
Inyo,Sierra,Agricultural Distribution,445298,All Other Specialty Food Retailers,10.0,409743.91,155408.83,0.0,1
Inyo,Sierra,Agricultural Distribution,445320,"Beer, Wine, and Liquor Retailers",10.0,308154.51,116276.46,2.0,1
Inyo,Sierra,Agricultural Distribution,456191,Food (Health) Supplement Retailers,10.0,728442.41,230457.97,1.0,1
Inyo,Sierra,Agricultural Distribution,459310,Florists,13.16,1245330.7,417042.9,1.0,0
Inyo,Sierra,Outdoor Recreation,487110,"Scenic and Sightseeing Transportation, Land",10.0,298054.26,128834.64,1.0,1
Inyo,Sierra,Outdoor Recreation,487210,"Scenic and Sightseeing Transportation, Water",10.0,34369.07,14838.25,0.0,1
Inyo,Sierra,Mining,532412,"Construction, Mining, and Forestry Machinery and Equipment Rental and Leasing",10.0,2646869.78,333244.24,1.0,1
Inyo,Sierra,Agricultural Support,541620,Environmental Consulting Services,24.62,2244581.23,1370172.21,3.0,0
Inyo,Sierra,Agricultural Support,541690,Other Scientific and Technical Consulting Services,14.17,1009957.12,616581.6,0.0,0
Inyo,Sierra,Outdoor Recreation,712190,Nature Parks and Other Similar Institutions,10.0,46833.95,15147.6,0.0,1
Inyo,Sierra,Outdoor Recreation,713930,Marinas,10.0,63654.79,24797.8,0.0,1
Inyo,Sierra,Outdoor Recreation,713990,All Other Amusement and Recreation Industries,48.9,4563415.64,1766277.21,8.75,0
Inyo,Sierra,Outdoor Recreation,721211,RV (Recreational Vehicle) Parks and Campgrounds,44.27,5970844.71,1574279.46,5.0,0
Inyo,Sierra,Outdoor Recreation,721214,Recreational and Vacation Camps (except Campgrounds),10.0,544855.39,143304.77,1.0,1
Kern,Kern County,Agricultural Production,111000,Crop Production,15344.78,4429486941.35,1015638567.21,321.0,0
Kern,Kern County,Agricultural Production,112000,Animal Production,2273.05,941096053.58,164929892.6,95.25,0
Kern,Kern County,Forestry,113210,Forest Nurseries and Gathering of Forest Products,10.0,85794.7,35337.12,0.0,1
Kern,Kern County,Forestry,113310,Logging,32.63,4771823.61,1886630.22,2.75,0
Kern,Kern County,Fishing,114111,Finfish Fishing,18.36,2799518.54,1075810.92,2.0,0
Kern,Kern County,Fishing,114112,Shellfish Fishing,10.0,529647.65,201413.19,0.0,1
Kern,Kern County,Fishing,114119,Other Marine Fishing,10.0,1026.54,391.91,0.0,1
Kern,Kern County,Outdoor Recreation,114210,Hunting and Trapping,10.0,151478.03,57311.54,0.0,1
Kern,Kern County,Agricultural Processing,115111,Cotton Ginning,115.05,12015446.42,10370448.27,2.0,0
Kern,Kern County,Agricultural Production,115112,"Soil Preparation, Planting, and Cultivating",1042.27,68602737.92,59480939.86,38.0,0
Kern,Kern County,Agricultural Production,115113,"Crop Harvesting, Primarily by Machine",419.46,23289721.5,20209249.28,21.0,0
Kern,Kern County,Agricultural Production,115114,Postharvest Crop Activities (except Cotton Ginning),3142.74,274179424.71,238363453.77,37.0,0
Kern,Kern County,Agricultural Support,115115,Farm Labor Contractors and Crew Leaders,37249.88,1745251432.91,1393389651.37,289.0,0
Kern,Kern County,Agricultural Support,115116,Farm Management Services,977.15,99261105.7,86292854.01,34.0,0
Kern,Kern County,Agricultural Support,115210,Support Activities for Animal Production,160.75,5651421.11,4893714.66,7.5,0
Kern,Kern County,Forestry,115310,Support Activities for Forestry,40.24,2772199.75,2398944.61,1.0,0
Kern,Kern County,Mining,211120,Crude Petroleum Extraction,1543.7,4806431471.04,439181947.95,24.5,0
Kern,Kern County,Mining,211130,Natural Gas Extraction,640.65,1246582178.52,114682055.58,7.5,0
Kern,Kern County,Mining,212210,Iron Ore Mining,17.06,1518286.33,275642.11,0.0,0
Kern,Kern County,Mining,212220,Gold Ore and Silver Ore Mining,828.87,181399400.5,34369474.98,1.0,0
Kern,Kern County,Mining,212311,Dimension Stone Mining and Quarrying,52.46,43339638.43,9277952.4,1.0,0
Kern,Kern County,Mining,212321,Construction Sand and Gravel Mining,41.55,17173648.59,4613914.93,2.0,0
Kern,Kern County,Mining,212323,"Kaolin, Clay, and Ceramic and Refractory Minerals Mining",66.07,23686695.1,6340776.89,2.0,0
Kern,Kern County,Mining,212390,Other Nonmetallic Mineral Mining and Quarrying,763.14,383824560.83,103099798.15,3.0,0
Kern,Kern County,Mining,213111,Drilling Oil and Gas Wells,851.45,459506430.39,127637957.13,33.0,0
Kern,Kern County,Mining,213112,Support Activities for Oil and Gas Operations,3721.25,1075362159.68,389956262.72,98.5,0
Kern,Kern County,Mining,213114,Support Activities for Metal Mining,10.0,1249020.67,438071.25,0.0,1
Kern,Kern County,Mining,213115,Support Activities for Nonmetallic Minerals (except Fuels) Mining,15.47,4279635.19,1469348.62,1.0,0
Kern,Kern County,Renewable Energy,221111,Hydroelectric Power Generation,10.0,4329943.72,601316.74,0.75,1
Kern,Kern County,Renewable Energy,221114,Solar Electric Power Generation,131.22,151981156.72,21024209.94,13.25,0
Kern,Kern County,Renewable Energy,221115,Wind Electric Power Generation,313.4,361455880.63,48559282.35,14.5,0
Kern,Kern County,Renewable Energy,221116,Geothermal Electric Power Generation,10.0,816104.04,115506.85,0.0,1
Kern,Kern County,Renewable Energy,221117,Biomass Electric Power Generation,10.0,8018236.21,1105887.79,1.0,1
Kern,Kern County,Renewable Energy,221118,Other Electric Power Generation,19.26,13070643.96,1802198.44,1.0,0
Kern,Kern County,Agricultural Support,221310,Water Supply and Irrigation Systems,340.44,127717225.32,40256597.98,25.5,0
Kern,Kern County,Agricultural Processing,311111,Dog and Cat Food Manufacturing,10.0,599557.23,62999.96,0.0,1
Kern,Kern County,Agricultural Processing,311119,Other Animal Food Manufacturing,124.96,103878438.19,8933946.55,7.0,0
Kern,Kern County,Agricultural Processing,311313,Beet Sugar Manufacturing,10.0,628211.53,88427.35,0.0,1
Kern,Kern County,Agricultural Processing,311340,Nonchocolate Confectionery Manufacturing,10.0,1545796.2,218841.14,2.25,1
Kern,Kern County,Agricultural Processing,311411,"Frozen Fruit, Juice, and Vegetable Manufacturing",176.98,74934929.82,13278785.63,3.0,0
Kern,Kern County,Agricultural Processing,311412,Frozen Specialty Food Manufacturing,10.0,589255.47,104419.77,0.5,1
Kern,Kern County,Agricultural Processing,311421,Fruit and Vegetable Canning,83.24,29650562.39,5559478.71,2.0,0
Kern,Kern County,Agricultural Processing,311422,Specialty Canning,10.0,185008.47,34590.93,0.0,1
Kern,Kern County,Agricultural Processing,311423,Dried and Dehydrated Food Manufacturing,10.0,333839.6,62749.16,0.0,1
Kern,Kern County,Agricultural Processing,311511,Fluid Milk Manufacturing,112.46,108473130.22,12279823.3,3.0,0
Kern,Kern County,Agricultural Processing,311513,Cheese Manufacturing,10.0,383658.35,29197.08,0.0,1
Kern,Kern County,Agricultural Processing,311514,"Dry, Condensed, and Evaporated Dairy Product Manufacturing",10.0,684128.79,51662.23,0.25,1
Kern,Kern County,Agricultural Processing,311520,Ice Cream and Frozen Dessert Manufacturing,971.81,378868246.89,72373231.62,3.0,0
Kern,Kern County,Fishing,311710,Seafood Product Preparation and Packaging,10.0,1863820.56,361799.61,0.0,1
Kern,Kern County,Agricultural Processing,311811,Retail Bakeries,205.38,26235176.54,7780977.07,20.75,0
Kern,Kern County,Agricultural Processing,311812,Commercial Bakeries,78.42,11219777.67,3319060.51,7.0,0
Kern,Kern County,Agricultural Processing,311821,Cookie and Cracker Manufacturing,10.51,2159617.26,410163.37,2.0,0
Kern,Kern County,Agricultural Processing,311824,"Dry Pasta, Dough, and Flour Mixes Manufacturing from Purchased Flour",10.0,218183.59,41068.16,0.0,1
Kern,Kern County,Agricultural Processing,311830,Tortilla Manufacturing,12.76,2285197.52,432865.29,1.0,0
Kern,Kern County,Agricultural Processing,311911,Roasted Nuts and Peanut Butter Manufacturing,1313.94,1248490978.68,127684468.86,5.5,0
Kern,Kern County,Agricultural Processing,311919,Other Snack Food Manufacturing,489.45,381458903.14,39011691.39,3.0,0
Kern,Kern County,Agricultural Processing,311920,Coffee and Tea Manufacturing,30.26,8805247.92,1247973.91,1.0,0
Kern,Kern County,Agricultural Processing,311930,Flavoring Syrup and Concentrate Manufacturing,10.0,1158120.7,230677.61,1.0,1
Kern,Kern County,Agricultural Processing,311941,"Mayonnaise, Dressing, and Other Prepared Sauce Manufacturing",10.0,161786.86,28038.69,0.0,1
Kern,Kern County,Agricultural Processing,311942,Spice and Extract Manufacturing,10.0,288428.15,49287.19,0.0,1
Kern,Kern County,Agricultural Processing,311991,Perishable Prepared Food Manufacturing,980.74,331023274.92,60138784.14,3.0,0
Kern,Kern County,Agricultural Processing,311999,All Other Miscellaneous Food Manufacturing,16.34,7371464.76,1338000.88,1.0,0
Kern,Kern County,Agricultural Processing,312111,Soft Drink Manufacturing,29.46,16829150.88,3102157.22,2.0,0
Kern,Kern County,Agricultural Processing,312112,Bottled Water Manufacturing,94.26,47389752.68,8704669.22,2.75,0
Kern,Kern County,Agricultural Processing,312113,Ice Manufacturing,94.33,35964518.78,6606479.96,1.0,0
Kern,Kern County,Agricultural Processing,312120,Breweries,126.19,33681803.89,5160801.71,12.0,0
Kern,Kern County,Agricultural Processing,312130,Wineries,94.22,28552624.72,6248694.77,9.0,0
Kern,Kern County,Agricultural Processing,312140,Distilleries,10.0,827892.44,65342.13,1.0,1
Kern,Kern County,Agricultural Processing,316110,Leather and Hide Tanning and Finishing,10.0,506536.15,136587.98,0.0,1
Kern,Kern County,Forestry,321113,Sawmills,10.0,406787.75,60404.96,0.0,1
Kern,Kern County,Forestry,321114,Wood Preservation,52.09,29598208.35,4378905.27,1.0,0
Kern,Kern County,Forestry,321215,Engineered Wood Member Manufacturing,12.38,3413121.07,596417.99,1.0,0
Kern,Kern County,Forestry,321911,Wood Window and Door Manufacturing,42.23,14434690.95,3082148.92,1.25,0
Kern,Kern County,Forestry,321912,"Cut Stock, Resawing Lumber, and Planing",10.0,183223.15,38685.04,0.0,1
Kern,Kern County,Forestry,321918,Other Millwork (including Flooring),10.0,643227.03,136241.85,0.0,1
Kern,Kern County,Forestry,321920,Wood Container and Pallet Manufacturing,177.22,38322504.29,9534255.11,7.5,0
Kern,Kern County,Forestry,321992,Prefabricated Wood Building Manufacturing,11.03,2893126.91,720508.01,1.5,0
Kern,Kern County,Forestry,321999,All Other Miscellaneous Wood Product Manufacturing,29.31,5200104.34,1292462.6,1.0,0
Kern,Kern County,Forestry,322120,Paper Mills,10.0,2693257.92,480893.82,1.25,1
Kern,Kern County,Forestry,322211,Corrugated and Solid Fiber Box Manufacturing,97.22,32468638.54,6063819.34,3.0,0
Kern,Kern County,Agricultural Support,325311,Nitrogenous Fertilizer Manufacturing,50.28,45752930.25,6355820.97,2.5,0
Kern,Kern County,Agricultural Support,325314,Fertilizer (Mixing Only) Manufacturing,44.23,24319555.72,3376061.16,5.0,0
Kern,Kern County,Agricultural Support,325320,Pesticide and Other Agricultural Chemical Manufacturing,64.43,73677191.74,7427977.37,1.0,0
Kern,Kern County,Mining,327120,Clay Building Material and Refractories Manufacturing,10.0,108690.06,37511.93,0.0,1
Kern,Kern County,Mining,327310,Cement Manufacturing,400.33,309118047.6,50040454.5,3.25,0
Kern,Kern County,Mining,327320,Ready-Mix Concrete Manufacturing,186.04,68078937.21,15352344.53,12.5,0
Kern,Kern County,Mining,327331,Concrete Block and Brick Manufacturing,10.0,1585314.17,473964.47,2.0,1
Kern,Kern County,Mining,327390,Other Concrete Product Manufacturing,50.78,11047937.93,3183306.36,3.0,0
Kern,Kern County,Mining,327991,Cut Stone and Stone Product Manufacturing,10.0,172860.66,66294.11,1.0,1
Kern,Kern County,Mining,327992,Ground or Treated Mineral and Earth Manufacturing,34.99,25597812.76,3233389.94,1.0,0
Kern,Kern County,Agricultural Support,333111,Farm Machinery and Equipment Manufacturing,67.35,19875281.97,4048464.42,6.0,0
Kern,Kern County,Mining,333131,Mining Machinery and Equipment Manufacturing,10.0,265374.04,101743.03,0.0,1
Kern,Kern County,Mining,333132,Oil and Gas Field Machinery and Equipment Manufacturing,228.58,54373620.2,20761808.8,9.25,0
Kern,Kern County,Agricultural Processing,333241,Food Product Machinery Manufacturing,10.0,230351.68,62434.44,0.0,1
Kern,Kern County,Forestry,333243,"Sawmill, Woodworking, and Paper Machinery Manufacturing",10.0,1200559.03,323152.94,1.0,1
Kern,Kern County,Agricultural Processing,333993,Packaging Machinery Manufacturing,10.0,1013767.89,276127.41,1.0,1
Kern,Kern County,Forestry,337110,Wood Kitchen Cabinet and Countertop Manufacturing,86.28,10443395.66,4713601.02,12.0,0
Kern,Kern County,Forestry,423310,"Lumber, Plywood, Millwork, and Wood Panel Merchant Wholesalers",105.52,27957820.48,8523303.93,7.0,0
Kern,Kern County,Mining,423320,"Brick, Stone, and Related Construction Material Merchant Wholesalers",75.97,19523575.5,5962108.56,11.0,0
Kern,Kern County,Mining,423520,Coal and Other Mineral and Ore Merchant Wholesalers,10.0,321091.07,100636.26,1.0,1
Kern,Kern County,Agricultural Support,423820,Farm and Garden Machinery and Equipment Merchant Wholesalers,493.97,127600429.09,43764641.44,32.75,0
Kern,Kern County,Agricultural Distribution,424410,General Line Grocery Merchant Wholesalers,240.93,52293827.21,17409767.26,13.75,0
Kern,Kern County,Agricultural Distribution,424420,Packaged Frozen Food Merchant Wholesalers,10.0,745510.89,247860.91,0.0,1
Kern,Kern County,Agricultural Distribution,424430,Dairy Product (except Dried or Canned) Merchant Wholesalers,43.79,9993581.1,3312206.12,3.0,0
Kern,Kern County,Agricultural Distribution,424440,Poultry and Poultry Product Merchant Wholesalers,10.0,89600.95,29854.3,0.0,1
Kern,Kern County,Agricultural Distribution,424450,Confectionery Merchant Wholesalers,128.3,27354849.79,9072555.53,4.0,0
Kern,Kern County,Fishing,424460,Fish and Seafood Merchant Wholesalers,10.0,517330.72,172528.22,0.0,1
Kern,Kern County,Agricultural Distribution,424470,Meat and Meat Product Merchant Wholesalers,32.3,4674446.74,1557287.07,3.0,0
Kern,Kern County,Agricultural Distribution,424480,Fresh Fruit and Vegetable Merchant Wholesalers,853.49,206929823.08,69013705.46,31.5,0
Kern,Kern County,Agricultural Distribution,424490,Other Grocery and Related Products Merchant Wholesalers,391.42,105950919.55,35257907.76,16.75,0
Kern,Kern County,Agricultural Distribution,424510,Grain and Field Bean Merchant Wholesalers,10.86,1671768.3,400914.57,0.0,0
Kern,Kern County,Agricultural Distribution,424520,Livestock Merchant Wholesalers,10.21,1344958.17,319524.93,2.0,0
Kern,Kern County,Agricultural Distribution,424590,Other Farm Product Raw Material Merchant Wholesalers,48.2,14697777.1,3542522.15,5.0,0
Kern,Kern County,Agricultural Distribution,424810,Beer and Ale Merchant Wholesalers,269.11,91708916.03,22041306.62,2.0,0
Kern,Kern County,Agricultural Distribution,424820,Wine and Distilled Alcoholic Beverage Merchant Wholesalers,26.08,12663114.6,3089586.53,2.5,0
Kern,Kern County,Agricultural Distribution,424910,Farm Supplies Merchant Wholesalers,473.0,218436748.04,52574613.43,33.75,0
Kern,Kern County,Agricultural Distribution,424930,"Flower, Nursery Stock, and Florists' Supplies Merchant Wholesalers",31.39,7573019.22,1828799.6,2.5,0
Kern,Kern County,Agricultural Distribution,424990,Other Miscellaneous Nondurable Goods Merchant Wholesalers,189.32,38598537.55,9352971.63,15.25,0
Kern,Kern County,Outdoor Recreation,441222,Boat Dealers,10.41,1196978.13,365004.01,1.0,0
Kern,Kern County,Agricultural Support,444240,"Nursery, Garden Center, and Farm Supply Retailers",285.97,33261977.97,9526790.27,23.25,0
Kern,Kern County,Agricultural Distribution,445230,Fruit and Vegetable Markets,129.94,13913318.71,5296318.74,6.5,0
Kern,Kern County,Agricultural Distribution,445240,Meat Retailers,258.3,32015487.03,12096218.0,22.5,0
Kern,Kern County,Agricultural Distribution,445291,Baked Goods Stores,100.76,9460845.34,3571058.01,2.5,0
Kern,Kern County,Agricultural Distribution,445292,Confectionery and Nut Stores,62.85,6097186.37,2307759.84,7.25,0
Kern,Kern County,Agricultural Distribution,445298,All Other Specialty Food Retailers,242.21,22723754.9,8618729.86,9.0,0
Kern,Kern County,Agricultural Distribution,445320,"Beer, Wine, and Liquor Retailers",332.26,31568674.78,11911861.58,72.0,0
Kern,Kern County,Agricultural Distribution,456191,Food (Health) Supplement Retailers,240.23,14460826.05,4574984.32,17.5,0
Kern,Kern County,Agricultural Distribution,459310,Florists,187.37,12837958.67,4299243.19,20.0,0
Kern,Kern County,Agricultural Distribution,484230,"Specialized Freight (except Used Goods) Trucking, Long-Distance",390.66,92762610.29,33522931.16,40.75,0
Kern,Kern County,Outdoor Recreation,487110,"Scenic and Sightseeing Transportation, Land",10.0,49220.07,21275.49,0.0,1
Kern,Kern County,Outdoor Recreation,487210,"Scenic and Sightseeing Transportation, Water",38.22,3299192.7,1424369.21,2.0,0
Kern,Kern County,Outdoor Recreation,487990,"Scenic and Sightseeing Transportation, Other",10.0,1973.5,850.1,0.0,1
Kern,Kern County,Agricultural Distribution,493120,Refrigerated Warehousing and Storage,153.63,23937134.72,15061729.31,9.5,0
Kern,Kern County,Agricultural Distribution,493130,Farm Product Warehousing and Storage,31.56,2542286.55,1598445.83,1.0,0
Kern,Kern County,Outdoor Recreation,532284,Recreational Goods Rental,15.55,1286985.11,337595.19,2.0,0
Kern,Kern County,Mining,532412,"Construction, Mining, and Forestry Machinery and Equipment Rental and Leasing",668.86,542052907.73,68245143.93,36.0,0
Kern,Kern County,Mining,541360,Geophysical Surveying and Mapping Services,14.35,2167392.24,1089121.45,4.0,0
Kern,Kern County,Agricultural Support,541620,Environmental Consulting Services,426.66,58034184.55,35426130.39,22.5,0
Kern,Kern County,Agricultural Support,541690,Other Scientific and Technical Consulting Services,1136.6,142049881.01,86721843.05,120.0,0
Kern,Kern County,Agricultural Distribution,624210,Community Food Services,64.44,3948311.52,2888213.73,10.0,0
Kern,Kern County,Outdoor Recreation,712130,Zoos and Botanical Gardens,10.0,118135.16,38303.21,0.0,1
Kern,Kern County,Outdoor Recreation,713920,Skiing Facilities,45.02,4337501.46,1651387.13,1.0,0
Kern,Kern County,Outdoor Recreation,713930,Marinas,10.0,863894.6,336544.81,1.0,1
Kern,Kern County,Outdoor Recreation,713990,All Other Amusement and Recreation Industries,713.8,48642374.85,18827107.78,37.25,0
Kern,Kern County,Outdoor Recreation,721211,RV (Recreational Vehicle) Parks and Campgrounds,71.37,10595708.91,2793676.22,11.0,0
Kern,Kern County,Outdoor Recreation,721214,Recreational and Vacation Camps (except Campgrounds),42.88,6662661.39,1752375.36,2.0,0
Kings,Central San Joaquin,Agricultural Production,111000,Crop Production,2213.69,669480034.43,153505304.78,151.25,0
Kings,Central San Joaquin,Agricultural Production,112000,Animal Production,2542.76,1052017793.16,184369258.57,115.75,0
Kings,Central San Joaquin,Forestry,113310,Logging,10.0,232460.86,91907.77,0.0,1
Kings,Central San Joaquin,Fishing,114111,Finfish Fishing,10.0,178400.05,68556.33,0.0,1
Kings,Central San Joaquin,Agricultural Processing,115111,Cotton Ginning,10.0,828401.97,714987.98,2.0,1
Kings,Central San Joaquin,Agricultural Production,115112,"Soil Preparation, Planting, and Cultivating",359.29,33569081.8,29105551.71,27.0,0
Kings,Central San Joaquin,Agricultural Production,115113,"Crop Harvesting, Primarily by Machine",380.78,35759882.92,31030014.17,8.0,0
Kings,Central San Joaquin,Agricultural Production,115114,Postharvest Crop Activities (except Cotton Ginning),18.64,1584967.06,1377923.32,1.5,0
Kings,Central San Joaquin,Agricultural Support,115115,Farm Labor Contractors and Crew Leaders,3170.72,198897131.06,158797293.55,31.25,0
Kings,Central San Joaquin,Agricultural Support,115116,Farm Management Services,54.91,4743535.05,4123802.32,7.0,0
Kings,Central San Joaquin,Agricultural Support,115210,Support Activities for Animal Production,72.49,4685612.08,4057395.14,5.0,0
Kings,Central San Joaquin,Forestry,115310,Support Activities for Forestry,10.0,82910.41,71747.17,0.0,1
Kings,Central San Joaquin,Mining,211120,Crude Petroleum Extraction,10.0,1814188.27,165769.29,0.0,1
Kings,Central San Joaquin,Mining,212220,Gold Ore and Silver Ore Mining,10.0,165161.78,31292.96,0.0,1
Kings,Central San Joaquin,Mining,213111,Drilling Oil and Gas Wells,10.0,1870479.54,519566.59,1.0,1
Kings,Central San Joaquin,Mining,213112,Support Activities for Oil and Gas Operations,10.0,37483.34,13592.5,0.0,1
Kings,Central San Joaquin,Renewable Energy,221114,Solar Electric Power Generation,10.0,869350.47,120261.01,1.0,1
Kings,Central San Joaquin,Agricultural Support,221310,Water Supply and Irrigation Systems,45.96,11569756.15,3646798.78,5.0,0
Kings,Central San Joaquin,Agricultural Processing,311119,Other Animal Food Manufacturing,88.5,87878265.09,7557869.92,7.5,0
Kings,Central San Joaquin,Agricultural Processing,311211,Flour Milling,17.44,15332215.63,1649046.05,1.0,0
Kings,Central San Joaquin,Agricultural Processing,311224,Soybean and Other Oilseed Processing,10.0,8260554.61,179570.81,1.0,1
Kings,Central San Joaquin,Agricultural Processing,311421,Fruit and Vegetable Canning,819.37,287488492.77,53904075.5,4.0,0
Kings,Central San Joaquin,Agricultural Processing,311423,Dried and Dehydrated Food Manufacturing,46.73,18396117.37,3457771.1,2.0,0
Kings,Central San Joaquin,Agricultural Processing,311511,Fluid Milk Manufacturing,10.0,210424.82,23821.38,0.0,1
Kings,Central San Joaquin,Agricultural Processing,311513,Cheese Manufacturing,1718.41,2111244629.67,160669445.34,3.0,0
Kings,Central San Joaquin,Agricultural Processing,311514,"Dry, Condensed, and Evaporated Dairy Product Manufacturing",10.0,462582.78,34932.1,0.0,1
Kings,Central San Joaquin,Agricultural Processing,311520,Ice Cream and Frozen Dessert Manufacturing,10.0,467967.86,89393.47,0.0,1
Kings,Central San Joaquin,Agricultural Processing,311611,Animal (except Poultry) Slaughtering,656.34,372547608.19,44340399.6,2.0,0
Kings,Central San Joaquin,Agricultural Processing,311612,Meat Processed from Carcasses,54.38,29113469.25,3413419.85,2.0,0
Kings,Central San Joaquin,Agricultural Processing,311613,Rendering and Meat Byproduct Processing,10.0,1832414.74,214890.98,2.0,1
Kings,Central San Joaquin,Agricultural Processing,311615,Poultry Processing,10.0,778243.13,126634.26,1.0,1
Kings,Central San Joaquin,Agricultural Processing,311811,Retail Bakeries,32.41,5096803.45,1511638.8,1.25,0
Kings,Central San Joaquin,Agricultural Processing,311812,Commercial Bakeries,10.0,461941.56,136652.62,0.0,1
Kings,Central San Joaquin,Agricultural Processing,311824,"Dry Pasta, Dough, and Flour Mixes Manufacturing from Purchased Flour",10.0,406994.93,76607.66,0.0,1
Kings,Central San Joaquin,Agricultural Processing,311911,Roasted Nuts and Peanut Butter Manufacturing,579.69,456666963.13,46703804.54,2.0,0
Kings,Central San Joaquin,Agricultural Processing,311919,Other Snack Food Manufacturing,10.0,88520.85,9053.0,0.0,1
Kings,Central San Joaquin,Agricultural Processing,311920,Coffee and Tea Manufacturing,10.0,429782.62,60913.39,0.0,1
Kings,Central San Joaquin,Agricultural Processing,311930,Flavoring Syrup and Concentrate Manufacturing,10.0,147554.88,29390.38,0.0,1
Kings,Central San Joaquin,Agricultural Processing,311941,"Mayonnaise, Dressing, and Other Prepared Sauce Manufacturing",10.0,130653.86,22643.14,0.0,1
Kings,Central San Joaquin,Agricultural Processing,311942,Spice and Extract Manufacturing,10.0,617806.61,105572.06,0.0,1
Kings,Central San Joaquin,Agricultural Processing,311991,Perishable Prepared Food Manufacturing,10.0,287785.57,52283.56,0.0,1
Kings,Central San Joaquin,Agricultural Processing,311999,All Other Miscellaneous Food Manufacturing,10.0,437614.2,79431.73,1.0,1
Kings,Central San Joaquin,Agricultural Processing,312111,Soft Drink Manufacturing,14.48,5557668.72,1024458.23,1.0,0
Kings,Central San Joaquin,Agricultural Processing,312120,Breweries,49.01,13450919.43,2060980.11,3.0,0
Kings,Central San Joaquin,Agricultural Processing,312130,Wineries,10.0,694848.23,152066.39,0.0,1
Kings,Central San Joaquin,Agricultural Processing,316990,Other Leather and Allied Product Manufacturing,10.0,68458.83,18387.04,0.0,1
Kings,Central San Joaquin,Forestry,321911,Wood Window and Door Manufacturing,37.18,13548014.0,2892822.36,1.0,0
Kings,Central San Joaquin,Forestry,321918,Other Millwork (including Flooring),10.0,132656.12,28097.88,0.0,1
Kings,Central San Joaquin,Forestry,321920,Wood Container and Pallet Manufacturing,10.0,430003.73,106980.62,1.0,1
Kings,Central San Joaquin,Forestry,321999,All Other Miscellaneous Wood Product Manufacturing,10.0,374101.09,92981.15,0.0,1
Kings,Central San Joaquin,Forestry,322220,Paper Bag and Coated and Treated Paper Manufacturing,10.01,4027614.05,874289.94,2.0,0
Kings,Central San Joaquin,Forestry,322291,Sanitary Paper Product Manufacturing,52.36,18980376.71,4790061.58,1.0,0
Kings,Central San Joaquin,Agricultural Support,325311,Nitrogenous Fertilizer Manufacturing,11.01,6487668.19,901241.89,2.0,0
Kings,Central San Joaquin,Mining,327320,Ready-Mix Concrete Manufacturing,86.35,32143561.84,7248630.14,1.25,0
Kings,Central San Joaquin,Mining,327991,Cut Stone and Stone Product Manufacturing,10.0,1305702.44,500752.37,1.0,1
Kings,Central San Joaquin,Agricultural Support,333111,Farm Machinery and Equipment Manufacturing,10.0,3062715.49,623855.03,2.0,1
Kings,Central San Joaquin,Forestry,337110,Wood Kitchen Cabinet and Countertop Manufacturing,40.45,5884710.7,2656049.74,3.0,0
Kings,Central San Joaquin,Mining,423320,"Brick, Stone, and Related Construction Material Merchant Wholesalers",10.0,1595470.11,487224.59,1.0,1
Kings,Central San Joaquin,Agricultural Support,423820,Farm and Garden Machinery and Equipment Merchant Wholesalers,89.73,21550352.58,7391381.52,9.0,0
Kings,Central San Joaquin,Agricultural Distribution,424410,General Line Grocery Merchant Wholesalers,10.0,465819.21,155081.48,0.5,1
Kings,Central San Joaquin,Agricultural Distribution,424420,Packaged Frozen Food Merchant Wholesalers,10.0,90677.13,30147.53,0.0,1
Kings,Central San Joaquin,Agricultural Distribution,424430,Dairy Product (except Dried or Canned) Merchant Wholesalers,15.09,4289513.45,1421687.84,2.0,0
Kings,Central San Joaquin,Agricultural Distribution,424450,Confectionery Merchant Wholesalers,10.0,92689.02,30741.4,0.0,1
Kings,Central San Joaquin,Fishing,424460,Fish and Seafood Merchant Wholesalers,10.0,84345.72,28129.04,0.0,1
Kings,Central San Joaquin,Agricultural Distribution,424470,Meat and Meat Product Merchant Wholesalers,10.0,360733.86,120178.11,0.0,1
Kings,Central San Joaquin,Agricultural Distribution,424480,Fresh Fruit and Vegetable Merchant Wholesalers,10.0,1095596.9,365395.38,2.0,1
Kings,Central San Joaquin,Agricultural Distribution,424490,Other Grocery and Related Products Merchant Wholesalers,10.0,363289.99,120894.14,0.0,1
Kings,Central San Joaquin,Agricultural Distribution,424510,Grain and Field Bean Merchant Wholesalers,10.0,739162.25,177261.95,0.0,1
Kings,Central San Joaquin,Agricultural Distribution,424520,Livestock Merchant Wholesalers,49.16,18771171.33,4459512.01,3.0,0
Kings,Central San Joaquin,Agricultural Distribution,424590,Other Farm Product Raw Material Merchant Wholesalers,10.0,1024343.21,246891.65,0.0,1
Kings,Central San Joaquin,Agricultural Distribution,424820,Wine and Distilled Alcoholic Beverage Merchant Wholesalers,10.0,610138.17,148863.43,1.0,1
Kings,Central San Joaquin,Agricultural Distribution,424910,Farm Supplies Merchant Wholesalers,246.28,99168150.07,23868360.98,14.5,0
Kings,Central San Joaquin,Agricultural Distribution,424990,Other Miscellaneous Nondurable Goods Merchant Wholesalers,19.55,4792796.9,1161362.48,1.0,0
Kings,Central San Joaquin,Agricultural Support,444240,"Nursery, Garden Center, and Farm Supply Retailers",43.55,4989917.56,1429196.37,2.0,0
Kings,Central San Joaquin,Agricultural Distribution,445230,Fruit and Vegetable Markets,10.0,447806.54,170464.44,0.0,1
Kings,Central San Joaquin,Agricultural Distribution,445240,Meat Retailers,17.55,2158925.62,815693.82,3.0,0
Kings,Central San Joaquin,Agricultural Distribution,445291,Baked Goods Stores,10.0,162305.99,61263.46,0.0,1
Kings,Central San Joaquin,Agricultural Distribution,445292,Confectionery and Nut Stores,10.0,389321.79,147356.69,0.75,1
Kings,Central San Joaquin,Agricultural Distribution,445298,All Other Specialty Food Retailers,40.41,2072837.95,786191.82,3.0,0
Kings,Central San Joaquin,Agricultural Distribution,445320,"Beer, Wine, and Liquor Retailers",42.75,3766846.71,1421350.66,5.0,0
Kings,Central San Joaquin,Agricultural Distribution,456191,Food (Health) Supplement Retailers,29.98,860298.6,272173.43,1.25,0
Kings,Central San Joaquin,Agricultural Distribution,459310,Florists,35.92,1542921.51,516701.68,4.0,0
Kings,Central San Joaquin,Agricultural Distribution,484230,"Specialized Freight (except Used Goods) Trucking, Long-Distance",10.0,898220.88,324602.73,0.0,1
Kings,Central San Joaquin,Outdoor Recreation,487110,"Scenic and Sightseeing Transportation, Land",10.0,48644.73,21026.8,0.0,1
Kings,Central San Joaquin,Outdoor Recreation,487210,"Scenic and Sightseeing Transportation, Water",10.0,211835.81,91456.43,0.0,1
Kings,Central San Joaquin,Agricultural Distribution,493120,Refrigerated Warehousing and Storage,10.0,59362.88,37352.32,0.0,1
Kings,Central San Joaquin,Agricultural Distribution,493130,Farm Product Warehousing and Storage,39.08,2422704.71,1523259.54,1.0,0
Kings,Central San Joaquin,Mining,532412,"Construction, Mining, and Forestry Machinery and Equipment Rental and Leasing",10.0,1028969.42,129548.55,0.0,1
Kings,Central San Joaquin,Agricultural Support,541620,Environmental Consulting Services,10.0,567081.6,346166.78,1.5,1
Kings,Central San Joaquin,Agricultural Support,541690,Other Scientific and Technical Consulting Services,97.81,10214619.16,6236053.09,11.5,0
Kings,Central San Joaquin,Agricultural Distribution,624210,Community Food Services,10.0,123211.96,90130.3,2.0,1
Kings,Central San Joaquin,Outdoor Recreation,712130,Zoos and Botanical Gardens,10.0,1170852.7,379627.97,1.0,1
Kings,Central San Joaquin,Outdoor Recreation,712190,Nature Parks and Other Similar Institutions,35.86,5724868.59,1851605.72,1.0,0
Kings,Central San Joaquin,Outdoor Recreation,713930,Marinas,10.0,137850.96,53702.18,0.0,1
Kings,Central San Joaquin,Outdoor Recreation,713990,All Other Amusement and Recreation Industries,34.42,3120355.79,1207738.62,3.0,0
Kings,Central San Joaquin,Outdoor Recreation,721211,RV (Recreational Vehicle) Parks and Campgrounds,27.96,2398525.05,632397.74,1.0,0
Kings,Central San Joaquin,Outdoor Recreation,721214,Recreational and Vacation Camps (except Campgrounds),15.39,1488718.54,391554.3,1.0,0
Lake,Redwood,Agricultural Production,111000,Crop Production,676.24,103171348.36,23656193.55,31.75,0
Lake,Redwood,Agricultural Production,112000,Animal Production,66.96,15710761.84,2753357.91,4.5,0
Lake,Redwood,Forestry,113110,Timber Tract Operations,10.0,738185.83,302101.94,0.0,1
Lake,Redwood,Forestry,113310,Logging,60.57,9382966.69,3709732.37,1.0,0
Lake,Redwood,Fishing,114111,Finfish Fishing,10.0,1417605.9,544763.64,0.0,1
Lake,Redwood,Fishing,114112,Shellfish Fishing,10.0,207891.34,79056.44,0.0,1
Lake,Redwood,Fishing,114119,Other Marine Fishing,10.0,944.02,360.41,0.0,1
Lake,Redwood,Agricultural Production,115112,"Soil Preparation, Planting, and Cultivating",235.66,13448248.14,11660094.96,6.75,0
Lake,Redwood,Agricultural Production,115113,"Crop Harvesting, Primarily by Machine",63.17,5532114.4,4800395.7,1.0,0
Lake,Redwood,Agricultural Production,115114,Postharvest Crop Activities (except Cotton Ginning),57.29,4707341.7,4092423.15,2.0,0
Lake,Redwood,Agricultural Support,115115,Farm Labor Contractors and Crew Leaders,344.76,24276684.77,19382239.54,6.0,0
Lake,Redwood,Agricultural Support,115116,Farm Management Services,22.68,1790272.48,1556377.2,1.0,0
Lake,Redwood,Agricultural Support,115210,Support Activities for Animal Production,14.54,579984.14,502223.57,2.0,0
Lake,Redwood,Forestry,115310,Support Activities for Forestry,10.0,461171.32,399078.18,0.0,1
Lake,Redwood,Mining,211120,Crude Petroleum Extraction,10.0,384598.81,35142.26,0.0,1
Lake,Redwood,Mining,212220,Gold Ore and Silver Ore Mining,10.0,87743.12,16624.56,0.0,1
Lake,Redwood,Mining,212311,Dimension Stone Mining and Quarrying,13.8,6934908.2,1484593.56,1.0,0
Lake,Redwood,Mining,212319,Other Crushed and Broken Stone Mining and Quarrying,26.4,12865699.69,2787472.93,1.0,0
Lake,Redwood,Mining,212321,Construction Sand and Gravel Mining,10.0,119814.98,32189.79,0.0,1
Lake,Redwood,Mining,213111,Drilling Oil and Gas Wells,10.0,55541.75,15427.94,0.0,1
Lake,Redwood,Mining,213112,Support Activities for Oil and Gas Operations,10.0,152501.84,55301.41,0.0,1
Lake,Redwood,Renewable Energy,221114,Solar Electric Power Generation,10.0,209911.25,29037.93,0.0,1
Lake,Redwood,Renewable Energy,221116,Geothermal Electric Power Generation,10.0,1349375.25,190983.11,1.0,1
Lake,Redwood,Agricultural Support,221310,Water Supply and Irrigation Systems,76.51,17543315.19,5529670.61,7.5,0
Lake,Redwood,Agricultural Processing,311423,Dried and Dehydrated Food Manufacturing,10.0,859213.0,161499.4,0.5,1
Lake,Redwood,Agricultural Processing,311514,"Dry, Condensed, and Evaporated Dairy Product Manufacturing",10.0,1037485.78,78346.11,1.0,1
Lake,Redwood,Agricultural Processing,311611,Animal (except Poultry) Slaughtering,10.0,864894.13,102939.2,1.0,1
Lake,Redwood,Agricultural Processing,311811,Retail Bakeries,10.0,408711.02,121217.83,1.0,1
Lake,Redwood,Agricultural Processing,311812,Commercial Bakeries,10.0,263582.29,77973.52,1.0,1
Lake,Redwood,Agricultural Processing,311911,Roasted Nuts and Peanut Butter Manufacturing,10.0,62410.16,6382.75,0.0,1
Lake,Redwood,Agricultural Processing,311920,Coffee and Tea Manufacturing,10.0,96829.66,13723.74,0.0,1
Lake,Redwood,Agricultural Processing,311930,Flavoring Syrup and Concentrate Manufacturing,10.0,37529.3,7475.19,0.0,1
Lake,Redwood,Agricultural Processing,311941,"Mayonnaise, Dressing, and Other Prepared Sauce Manufacturing",10.0,32984.59,5716.44,0.0,1
Lake,Redwood,Agricultural Processing,311942,Spice and Extract Manufacturing,10.0,45858.82,7836.45,0.0,1
Lake,Redwood,Agricultural Processing,311991,Perishable Prepared Food Manufacturing,10.0,58738.21,10671.29,0.0,1
Lake,Redwood,Agricultural Processing,311999,All Other Miscellaneous Food Manufacturing,10.0,46232.79,8391.75,0.0,1
Lake,Redwood,Agricultural Processing,312120,Breweries,10.0,972952.78,149078.01,1.0,1
Lake,Redwood,Agricultural Processing,312130,Wineries,175.63,56522419.87,12369838.25,19.25,0
Lake,Redwood,Agricultural Processing,316990,Other Leather and Allied Product Manufacturing,10.0,62941.85,16905.26,0.0,1
Lake,Redwood,Forestry,321215,Engineered Wood Member Manufacturing,10.0,1644700.59,287399.42,1.0,1
Lake,Redwood,Forestry,321911,Wood Window and Door Manufacturing,10.0,430182.97,91854.27,1.0,1
Lake,Redwood,Forestry,321920,Wood Container and Pallet Manufacturing,10.0,104792.28,26071.27,0.0,1
Lake,Redwood,Forestry,321999,All Other Miscellaneous Wood Product Manufacturing,10.0,815706.3,202740.14,2.0,1
Lake,Redwood,Agricultural Support,325311,Nitrogenous Fertilizer Manufacturing,10.0,3936449.81,546836.46,1.0,1
Lake,Redwood,Mining,327320,Ready-Mix Concrete Manufacturing,10.0,814267.71,183623.88,1.0,1
Lake,Redwood,Forestry,337110,Wood Kitchen Cabinet and Countertop Manufacturing,29.01,3522803.0,1590008.5,5.0,0
Lake,Redwood,Mining,423320,"Brick, Stone, and Related Construction Material Merchant Wholesalers",10.0,86084.8,26288.57,1.0,1
Lake,Redwood,Agricultural Distribution,424410,General Line Grocery Merchant Wholesalers,10.0,2482417.8,826451.58,1.0,1
Lake,Redwood,Agricultural Distribution,424420,Packaged Frozen Food Merchant Wholesalers,10.0,350249.6,116447.91,0.0,1
Lake,Redwood,Agricultural Distribution,424430,Dairy Product (except Dried or Canned) Merchant Wholesalers,10.0,212627.57,70471.87,0.0,1
Lake,Redwood,Agricultural Distribution,424450,Confectionery Merchant Wholesalers,15.33,3504429.96,1162285.14,1.0,0
Lake,Redwood,Fishing,424460,Fish and Seafood Merchant Wholesalers,10.0,326434.06,108864.77,0.0,1
Lake,Redwood,Agricultural Distribution,424470,Meat and Meat Product Merchant Wholesalers,10.0,224214.07,74696.68,0.0,1
Lake,Redwood,Agricultural Distribution,424480,Fresh Fruit and Vegetable Merchant Wholesalers,10.0,1127573.55,376060.0,1.0,1
Lake,Redwood,Agricultural Distribution,424490,Other Grocery and Related Products Merchant Wholesalers,10.0,799499.6,266054.16,0.0,1
Lake,Redwood,Agricultural Distribution,424590,Other Farm Product Raw Material Merchant Wholesalers,10.0,2562231.15,617560.09,1.0,1
Lake,Redwood,Agricultural Distribution,424910,Farm Supplies Merchant Wholesalers,10.47,3483320.81,838385.7,2.0,0
Lake,Redwood,Agricultural Distribution,424990,Other Miscellaneous Nondurable Goods Merchant Wholesalers,37.63,5294094.97,1282834.1,1.0,0
Lake,Redwood,Outdoor Recreation,441222,Boat Dealers,21.36,5226760.09,1593837.3,3.0,0
Lake,Redwood,Agricultural Support,444240,"Nursery, Garden Center, and Farm Supply Retailers",75.47,10286775.82,2946305.71,6.75,0
Lake,Redwood,Agricultural Distribution,445230,Fruit and Vegetable Markets,10.0,176075.08,67025.69,1.0,1
Lake,Redwood,Agricultural Distribution,445291,Baked Goods Stores,10.0,463422.39,174921.81,0.0,1
Lake,Redwood,Agricultural Distribution,445292,Confectionery and Nut Stores,10.0,228768.15,86587.8,0.0,1
Lake,Redwood,Agricultural Distribution,445298,All Other Specialty Food Retailers,34.24,2493397.24,945702.74,3.0,0
Lake,Redwood,Agricultural Distribution,445320,"Beer, Wine, and Liquor Retailers",10.0,539466.4,203557.77,2.5,1
Lake,Redwood,Agricultural Distribution,456191,Food (Health) Supplement Retailers,27.15,3829053.31,1211400.98,3.0,0
Lake,Redwood,Agricultural Distribution,459310,Florists,20.85,1044007.88,349622.85,1.0,0
Lake,Redwood,Outdoor Recreation,487110,"Scenic and Sightseeing Transportation, Land",10.0,65259.66,28208.64,0.0,1
Lake,Redwood,Outdoor Recreation,487210,"Scenic and Sightseeing Transportation, Water",10.0,274176.19,118370.81,0.0,1
Lake,Redwood,Outdoor Recreation,487990,"Scenic and Sightseeing Transportation, Other",10.0,12957.53,5581.52,0.0,1
Lake,Redwood,Agricultural Distribution,493120,Refrigerated Warehousing and Storage,10.0,261160.69,164327.59,0.0,1
Lake,Redwood,Agricultural Distribution,493130,Farm Product Warehousing and Storage,10.0,90529.31,56919.7,0.0,1
Lake,Redwood,Outdoor Recreation,532284,Recreational Goods Rental,10.0,476606.18,125020.83,1.0,1
Lake,Redwood,Mining,532412,"Construction, Mining, and Forestry Machinery and Equipment Rental and Leasing",10.0,4825352.55,607517.96,1.0,1
Lake,Redwood,Agricultural Support,541620,Environmental Consulting Services,23.15,1694656.5,1034478.6,1.0,0
Lake,Redwood,Agricultural Support,541690,Other Scientific and Technical Consulting Services,35.29,2534890.83,1547557.82,5.75,0
Lake,Redwood,Agricultural Distribution,624210,Community Food Services,10.0,297312.82,217486.13,4.0,1
Lake,Redwood,Outdoor Recreation,713930,Marinas,10.0,334314.37,130237.84,1.0,1
Lake,Redwood,Outdoor Recreation,713990,All Other Amusement and Recreation Industries,12.4,1726116.97,668096.29,0.0,0
Lake,Redwood,Outdoor Recreation,721211,RV (Recreational Vehicle) Parks and Campgrounds,31.11,3277996.32,864280.1,6.0,0
Lake,Redwood,Outdoor Recreation,721214,Recreational and Vacation Camps (except Campgrounds),10.0,2434130.89,640211.28,0.0,1
Lassen,North State,Agricultural Production,111000,Crop Production,529.26,157422454.57,36095448.15,19.0,0
Lassen,North State,Agricultural Production,112000,Animal Production,71.43,24885934.14,4361334.24,10.75,0
Lassen,North State,Forestry,113310,Logging,80.12,18001347.4,7117171.29,6.0,0
Lassen,North State,Fishing,114111,Finfish Fishing,10.0,81657.5,31379.69,0.0,1
Lassen,North State,Outdoor Recreation,114210,Hunting and Trapping,10.0,171396.65,64847.73,0.0,1
Lassen,North State,Agricultural Production,115112,"Soil Preparation, Planting, and Cultivating",10.0,81492.91,70657.16,0.0,1
Lassen,North State,Agricultural Production,115113,"Crop Harvesting, Primarily by Machine",10.0,30018.84,26048.33,0.0,1
Lassen,North State,Agricultural Production,115114,Postharvest Crop Activities (except Cotton Ginning),10.0,21360.13,18569.87,0.0,1
Lassen,North State,Agricultural Support,115115,Farm Labor Contractors and Crew Leaders,10.0,617627.94,493107.39,0.0,1
Lassen,North State,Agricultural Support,115116,Farm Management Services,10.0,27226.26,23669.21,0.0,1
Lassen,North State,Agricultural Support,115210,Support Activities for Animal Production,22.41,656198.57,568219.66,0.0,0
Lassen,North State,Forestry,115310,Support Activities for Forestry,18.84,810029.82,700965.6,2.0,0
Lassen,North State,Mining,212220,Gold Ore and Silver Ore Mining,10.0,149898.78,28401.1,0.0,1
Lassen,North State,Mining,213112,Support Activities for Oil and Gas Operations,10.0,28713.38,10412.27,0.0,1
Lassen,North State,Renewable Energy,221111,Hydroelectric Power Generation,10.0,313806.1,43579.52,0.0,1
Lassen,North State,Agricultural Support,221310,Water Supply and Irrigation Systems,10.0,2864901.18,903019.74,2.0,1
Lassen,North State,Agricultural Processing,311811,Retail Bakeries,15.57,1600937.94,474815.23,0.0,0
Lassen,North State,Agricultural Processing,311812,Commercial Bakeries,10.0,817791.63,241921.01,0.0,1
Lassen,North State,Agricultural Processing,312120,Breweries,10.0,306537.2,46968.32,0.0,1
Lassen,North State,Agricultural Processing,312130,Wineries,10.0,1008490.67,220706.52,0.0,1
Lassen,North State,Forestry,321911,Wood Window and Door Manufacturing,10.0,40776.78,8706.81,0.0,1
Lassen,North State,Forestry,321920,Wood Container and Pallet Manufacturing,10.0,115102.88,28636.44,0.0,1
Lassen,North State,Forestry,321992,Prefabricated Wood Building Manufacturing,16.96,4121045.45,1026310.4,1.0,0
Lassen,North State,Forestry,321999,All Other Miscellaneous Wood Product Manufacturing,10.0,263039.05,65377.18,0.0,1
Lassen,North State,Mining,327320,Ready-Mix Concrete Manufacturing,20.94,6766955.01,1526002.45,1.0,0
Lassen,North State,Forestry,337110,Wood Kitchen Cabinet and Countertop Manufacturing,10.0,409840.61,184980.55,1.0,1
Lassen,North State,Forestry,423310,"Lumber, Plywood, Millwork, and Wood Panel Merchant Wholesalers",88.78,28440363.51,8670413.43,2.0,0
Lassen,North State,Agricultural Support,423820,Farm and Garden Machinery and Equipment Merchant Wholesalers,10.0,1817199.61,623266.63,0.75,1
Lassen,North State,Agricultural Distribution,424430,Dairy Product (except Dried or Canned) Merchant Wholesalers,17.04,3361771.04,1114203.06,1.0,0
Lassen,North State,Agricultural Distribution,424450,Confectionery Merchant Wholesalers,10.0,1380117.91,457732.23,1.0,1
Lassen,North State,Agricultural Distribution,424810,Beer and Ale Merchant Wholesalers,26.28,8780483.62,2110300.07,1.0,0
Lassen,North State,Agricultural Distribution,424910,Farm Supplies Merchant Wholesalers,10.0,3053717.03,734986.19,1.0,1
Lassen,North State,Agricultural Distribution,424930,"Flower, Nursery Stock, and Florists' Supplies Merchant Wholesalers",10.0,339788.77,82055.19,0.0,1
Lassen,North State,Outdoor Recreation,441222,Boat Dealers,10.0,265743.1,81035.14,0.0,1
Lassen,North State,Agricultural Support,444240,"Nursery, Garden Center, and Farm Supply Retailers",30.34,2393505.54,685540.27,2.25,0
Lassen,North State,Agricultural Distribution,445230,Fruit and Vegetable Markets,10.0,141506.66,53866.69,2.0,1
Lassen,North State,Agricultural Distribution,445240,Meat Retailers,12.19,1336400.95,504924.3,2.0,0
Lassen,North State,Agricultural Distribution,445291,Baked Goods Stores,10.0,152681.2,57630.52,0.0,1
Lassen,North State,Agricultural Distribution,445298,All Other Specialty Food Retailers,18.88,1301220.24,493530.48,2.0,0
Lassen,North State,Agricultural Distribution,445320,"Beer, Wine, and Liquor Retailers",10.0,140314.73,52945.19,0.0,1
Lassen,North State,Agricultural Distribution,456191,Food (Health) Supplement Retailers,10.21,331899.23,105003.25,0.0,0
Lassen,North State,Agricultural Distribution,459310,Florists,10.0,471556.46,157917.31,1.0,1
Lassen,North State,Agricultural Distribution,484230,"Specialized Freight (except Used Goods) Trucking, Long-Distance",10.0,893391.69,322857.54,1.75,1
Lassen,North State,Outdoor Recreation,487210,"Scenic and Sightseeing Transportation, Water",10.0,49595.35,21411.93,0.0,1
Lassen,North State,Agricultural Distribution,493120,Refrigerated Warehousing and Storage,10.0,13118.2,8254.23,0.0,1
Lassen,North State,Mining,532412,"Construction, Mining, and Forestry Machinery and Equipment Rental and Leasing",10.0,1748103.03,220088.37,2.0,1
Lassen,North State,Mining,541360,Geophysical Surveying and Mapping Services,10.0,418793.88,210445.25,0.0,1
Lassen,North State,Agricultural Support,541620,Environmental Consulting Services,10.0,32962.85,20121.7,0.0,1
Lassen,North State,Agricultural Support,541690,Other Scientific and Technical Consulting Services,10.0,418799.49,255678.24,3.5,1
Lassen,North State,Agricultural Distribution,624210,Community Food Services,10.0,123768.75,90537.59,2.0,1
Lassen,North State,Outdoor Recreation,713930,Marinas,10.0,291385.54,113514.18,0.0,1
Lassen,North State,Outdoor Recreation,713990,All Other Amusement and Recreation Industries,17.43,1616365.62,625616.86,1.0,0
Lassen,North State,Outdoor Recreation,721211,RV (Recreational Vehicle) Parks and Campgrounds,12.46,1581979.53,417106.46,3.0,0
Lassen,North State,Outdoor Recreation,721214,Recreational and Vacation Camps (except Campgrounds),11.07,1372635.67,361022.84,1.0,0
Los Angeles,Los Angeles County,Agricultural Production,111000,Crop Production,4230.57,1184272772.81,271542306.84,302.0,0
Los Angeles,Los Angeles County,Agricultural Production,112000,Animal Production,261.35,105044194.02,18409308.56,56.25,0
Los Angeles,Los Angeles County,Forestry,113110,Timber Tract Operations,10.0,658202.23,269368.72,0.0,1
Los Angeles,Los Angeles County,Forestry,113210,Forest Nurseries and Gathering of Forest Products,10.0,626997.95,258247.87,1.0,1
Los Angeles,Los Angeles County,Forestry,113310,Logging,171.11,10600344.06,4191045.41,3.75,0
Los Angeles,Los Angeles County,Fishing,114111,Finfish Fishing,260.33,27292871.11,10488220.91,14.75,0
Los Angeles,Los Angeles County,Fishing,114112,Shellfish Fishing,128.13,10086967.86,3835848.9,4.0,0
Los Angeles,Los Angeles County,Fishing,114119,Other Marine Fishing,10.0,572356.18,218514.84,1.0,1
Los Angeles,Los Angeles County,Outdoor Recreation,114210,Hunting and Trapping,35.91,2403801.93,909475.79,1.0,0
Los Angeles,Los Angeles County,Agricultural Processing,115111,Cotton Ginning,10.0,356413.65,307618.14,1.0,1
Los Angeles,Los Angeles County,Agricultural Production,115112,"Soil Preparation, Planting, and Cultivating",437.47,15137848.24,13125036.52,20.0,0
Los Angeles,Los Angeles County,Agricultural Production,115113,"Crop Harvesting, Primarily by Machine",80.0,8618322.53,7478398.93,2.0,0
Los Angeles,Los Angeles County,Agricultural Production,115114,Postharvest Crop Activities (except Cotton Ginning),441.29,33039452.19,28723519.07,12.0,0
Los Angeles,Los Angeles County,Agricultural Support,115115,Farm Labor Contractors and Crew Leaders,229.68,13678314.4,10920616.58,10.5,0
Los Angeles,Los Angeles County,Agricultural Support,115116,Farm Management Services,290.68,13777120.17,11977168.81,15.0,0
Los Angeles,Los Angeles County,Agricultural Support,115210,Support Activities for Animal Production,1215.59,37960273.84,32870802.75,83.5,0
Los Angeles,Los Angeles County,Forestry,115310,Support Activities for Forestry,213.26,7933994.13,6865743.51,4.5,0
Los Angeles,Los Angeles County,Mining,211120,Crude Petroleum Extraction,3913.76,2031752111.3,185648927.98,15.0,0
Los Angeles,Los Angeles County,Mining,211130,Natural Gas Extraction,1016.82,306534193.14,28200283.93,5.0,0
Los Angeles,Los Angeles County,Mining,212114,Surface Coal Mining,58.68,6557511.71,893868.14,1.0,0
Los Angeles,Los Angeles County,Mining,212115,Underground Coal Mining,56.73,30157144.46,4070093.28,0.0,0
Los Angeles,Los Angeles County,Mining,212210,Iron Ore Mining,10.0,4567753.55,829267.32,0.25,1
Los Angeles,Los Angeles County,Mining,212220,Gold Ore and Silver Ore Mining,658.5,116665243.13,22104390.33,2.5,0
Los Angeles,Los Angeles County,Mining,212290,Other Metal Ore Mining,10.0,1081782.26,192464.49,1.0,1
Los Angeles,Los Angeles County,Mining,212311,Dimension Stone Mining and Quarrying,21.22,6920708.46,1481553.75,3.0,0
Los Angeles,Los Angeles County,Mining,212312,Crushed and Broken Limestone Mining and Quarrying,24.33,3712972.21,795814.01,0.0,0
Los Angeles,Los Angeles County,Mining,212313,Crushed and Broken Granite Mining and Quarrying,17.69,2549359.9,549167.71,0.0,0
Los Angeles,Los Angeles County,Mining,212319,Other Crushed and Broken Stone Mining and Quarrying,79.87,33974620.62,7360916.06,2.25,0
Los Angeles,Los Angeles County,Mining,212321,Construction Sand and Gravel Mining,478.67,181408287.78,48737599.57,12.0,0
Los Angeles,Los Angeles County,Mining,212322,Industrial Sand Mining,10.0,588765.91,154064.44,0.0,1
Los Angeles,Los Angeles County,Mining,212323,"Kaolin, Clay, and Ceramic and Refractory Minerals Mining",29.57,8175327.04,2188482.8,1.0,0
Los Angeles,Los Angeles County,Mining,212390,Other Nonmetallic Mineral Mining and Quarrying,112.37,19481663.14,5233004.2,1.5,0
Los Angeles,Los Angeles County,Mining,213111,Drilling Oil and Gas Wells,232.1,336378240.41,93436410.44,18.5,0
Los Angeles,Los Angeles County,Mining,213112,Support Activities for Oil and Gas Operations,984.92,275532616.25,99915798.9,36.25,0
Los Angeles,Los Angeles County,Mining,213113,Support Activities for Coal Mining,10.0,1351648.07,449148.74,1.25,1
Los Angeles,Los Angeles County,Mining,213114,Support Activities for Metal Mining,47.33,21972747.58,7706540.95,1.0,0
Los Angeles,Los Angeles County,Mining,213115,Support Activities for Nonmetallic Minerals (except Fuels) Mining,10.0,497072.06,170662.24,0.0,1
Los Angeles,Los Angeles County,Renewable Energy,221111,Hydroelectric Power Generation,43.05,33161635.87,4605290.04,1.0,0
Los Angeles,Los Angeles County,Renewable Energy,221114,Solar Electric Power Generation,388.63,605205301.81,83720663.77,67.75,0
Los Angeles,Los Angeles County,Renewable Energy,221115,Wind Electric Power Generation,62.37,97527106.85,13102142.12,2.0,0
Los Angeles,Los Angeles County,Renewable Energy,221116,Geothermal Electric Power Generation,129.26,194986550.11,27597317.46,2.0,0
Los Angeles,Los Angeles County,Renewable Energy,221117,Biomass Electric Power Generation,22.18,12077935.54,1665807.93,5.0,0
Los Angeles,Los Angeles County,Renewable Energy,221118,Other Electric Power Generation,152.56,213056361.81,29376505.47,19.25,0
Los Angeles,Los Angeles County,Agricultural Support,221310,Water Supply and Irrigation Systems,1713.25,783374378.34,246920392.59,95.0,0
Los Angeles,Los Angeles County,Agricultural Processing,311111,Dog and Cat Food Manufacturing,334.64,227549775.95,23910355.42,17.0,0
Los Angeles,Los Angeles County,Agricultural Processing,311119,Other Animal Food Manufacturing,145.7,124215686.87,10683028.42,8.75,0
Los Angeles,Los Angeles County,Agricultural Processing,311211,Flour Milling,227.38,222360315.92,23915812.92,6.75,0
Los Angeles,Los Angeles County,Agricultural Processing,311212,Rice Milling,10.0,4981998.54,527811.9,2.0,1
Los Angeles,Los Angeles County,Agricultural Processing,311213,Malt Manufacturing,10.0,98006.29,10238.29,0.0,1
Los Angeles,Los Angeles County,Agricultural Processing,311224,Soybean and Other Oilseed Processing,42.01,190984758.76,4151693.02,3.0,0
Los Angeles,Los Angeles County,Agricultural Processing,311225,Fats and Oils Refining and Blending,109.46,207077496.27,12294645.01,3.5,0
Los Angeles,Los Angeles County,Agricultural Processing,311230,Breakfast Cereal Manufacturing,66.22,56930710.1,7534952.44,5.0,0
Los Angeles,Los Angeles County,Agricultural Processing,311313,Beet Sugar Manufacturing,67.57,36124310.97,5084874.82,1.0,0
Los Angeles,Los Angeles County,Agricultural Processing,311314,Cane Sugar Manufacturing,10.0,14998.29,2136.14,0.0,1
Los Angeles,Los Angeles County,Agricultural Processing,311340,Nonchocolate Confectionery Manufacturing,648.17,390369937.7,55265371.35,28.25,0
Los Angeles,Los Angeles County,Agricultural Processing,311411,"Frozen Fruit, Juice, and Vegetable Manufacturing",451.5,287617992.59,50967121.42,11.75,0
Los Angeles,Los Angeles County,Agricultural Processing,311412,Frozen Specialty Food Manufacturing,2388.49,1117803973.98,198081883.3,38.25,0
Los Angeles,Los Angeles County,Agricultural Processing,311421,Fruit and Vegetable Canning,921.11,325791746.12,61085933.25,26.5,0
Los Angeles,Los Angeles County,Agricultural Processing,311422,Specialty Canning,273.09,147296361.14,27539918.79,3.25,0
Los Angeles,Los Angeles County,Agricultural Processing,311423,Dried and Dehydrated Food Manufacturing,76.74,21388502.53,4020225.81,8.25,0
Los Angeles,Los Angeles County,Agricultural Processing,311511,Fluid Milk Manufacturing,1944.39,2269916556.65,256968469.12,23.5,0
Los Angeles,Los Angeles County,Agricultural Processing,311512,Creamery Butter Manufacturing,17.36,9785254.8,1087035.15,2.0,0
Los Angeles,Los Angeles County,Agricultural Processing,311513,Cheese Manufacturing,604.64,756902296.36,57601601.64,14.5,0
Los Angeles,Los Angeles County,Agricultural Processing,311514,"Dry, Condensed, and Evaporated Dairy Product Manufacturing",294.18,382336903.69,28872308.27,9.25,0
Los Angeles,Los Angeles County,Agricultural Processing,311520,Ice Cream and Frozen Dessert Manufacturing,421.6,127699447.39,24393761.58,29.5,0
Los Angeles,Los Angeles County,Agricultural Processing,311611,Animal (except Poultry) Slaughtering,320.64,208697268.56,24839027.5,8.25,0
Los Angeles,Los Angeles County,Agricultural Processing,311612,Meat Processed from Carcasses,2058.66,1312579498.27,153893886.02,53.25,0
Los Angeles,Los Angeles County,Agricultural Processing,311613,Rendering and Meat Byproduct Processing,119.24,107092565.72,12558961.83,4.0,0
Los Angeles,Los Angeles County,Agricultural Processing,311615,Poultry Processing,943.88,351114302.59,57132658.61,18.5,0
Los Angeles,Los Angeles County,Fishing,311710,Seafood Product Preparation and Packaging,902.78,409698119.22,79529448.25,18.0,0
Los Angeles,Los Angeles County,Agricultural Processing,311811,Retail Bakeries,7523.27,987748091.79,292951916.77,457.25,0
Los Angeles,Los Angeles County,Agricultural Processing,311812,Commercial Bakeries,5276.77,1412196814.83,417759318.98,173.0,0
Los Angeles,Los Angeles County,Agricultural Processing,311813,"Frozen Cakes, Pies, and Other Pastries Manufacturing",703.5,191714000.91,57012973.82,11.5,0
Los Angeles,Los Angeles County,Agricultural Processing,311821,Cookie and Cracker Manufacturing,879.68,300248536.56,57024434.44,23.0,0
Los Angeles,Los Angeles County,Agricultural Processing,311824,"Dry Pasta, Dough, and Flour Mixes Manufacturing from Purchased Flour",1225.31,642456474.15,120928003.09,26.0,0
Los Angeles,Los Angeles County,Agricultural Processing,311830,Tortilla Manufacturing,2016.31,680131298.87,128831416.6,35.0,0
Los Angeles,Los Angeles County,Agricultural Processing,311911,Roasted Nuts and Peanut Butter Manufacturing,490.0,424692601.64,43433753.38,12.0,0
Los Angeles,Los Angeles County,Agricultural Processing,311919,Other Snack Food Manufacturing,550.77,443874297.21,45394895.64,27.75,0
Los Angeles,Los Angeles County,Agricultural Processing,311920,Coffee and Tea Manufacturing,2029.54,1109367974.02,157231494.28,54.25,0
Los Angeles,Los Angeles County,Agricultural Processing,311930,Flavoring Syrup and Concentrate Manufacturing,449.17,191758826.98,38195040.72,17.0,0
Los Angeles,Los Angeles County,Agricultural Processing,311941,"Mayonnaise, Dressing, and Other Prepared Sauce Manufacturing",1602.92,926160513.76,160509486.12,24.0,0
Los Angeles,Los Angeles County,Agricultural Processing,311942,Spice and Extract Manufacturing,1091.81,743059479.56,126975522.55,29.0,0
Los Angeles,Los Angeles County,Agricultural Processing,311991,Perishable Prepared Food Manufacturing,4081.9,1307599077.59,237558578.57,96.5,0
Los Angeles,Los Angeles County,Agricultural Processing,311999,All Other Miscellaneous Food Manufacturing,1717.64,837791990.08,152068341.42,67.5,0
Los Angeles,Los Angeles County,Agricultural Processing,312111,Soft Drink Manufacturing,2932.01,1729170911.32,318742167.88,37.25,0
Los Angeles,Los Angeles County,Agricultural Processing,312112,Bottled Water Manufacturing,804.21,423442426.61,77778972.26,21.0,0
Los Angeles,Los Angeles County,Agricultural Processing,312113,Ice Manufacturing,247.79,90860715.15,16690602.68,14.0,0
Los Angeles,Los Angeles County,Agricultural Processing,312120,Breweries,2593.66,1544040684.84,236581384.94,99.25,0
Los Angeles,Los Angeles County,Agricultural Processing,312130,Wineries,948.17,389268346.55,85190734.8,53.25,0
Los Angeles,Los Angeles County,Agricultural Processing,312140,Distilleries,89.4,138262484.11,10912487.49,19.75,0
Los Angeles,Los Angeles County,Agricultural Processing,313110,"Fiber, Yarn, and Thread Mills",138.24,35763600.3,6956810.91,15.0,0
Los Angeles,Los Angeles County,Agricultural Processing,316110,Leather and Hide Tanning and Finishing,57.94,11527292.83,3108346.08,10.5,0
Los Angeles,Los Angeles County,Agricultural Processing,316990,Other Leather and Allied Product Manufacturing,1313.61,356396151.99,95722802.75,45.0,0
Los Angeles,Los Angeles County,Forestry,321113,Sawmills,81.89,45573673.92,6767352.59,1.0,0
Los Angeles,Los Angeles County,Forestry,321114,Wood Preservation,145.1,76625465.9,11336350.25,3.75,0
Los Angeles,Los Angeles County,Forestry,321211,Hardwood Veneer and Plywood Manufacturing,160.19,72025198.12,12458958.23,8.0,0
Los Angeles,Los Angeles County,Forestry,321212,Softwood Veneer and Plywood Manufacturing,10.0,439010.36,74649.94,0.0,1
Los Angeles,Los Angeles County,Forestry,321215,Engineered Wood Member Manufacturing,247.15,106020417.59,18526293.89,3.5,0
Los Angeles,Los Angeles County,Forestry,321219,Reconstituted Wood Product Manufacturing,10.0,1131647.86,192165.24,0.0,1
Los Angeles,Los Angeles County,Forestry,321911,Wood Window and Door Manufacturing,241.96,78140738.74,16684901.26,26.5,0
Los Angeles,Los Angeles County,Forestry,321912,"Cut Stock, Resawing Lumber, and Planing",173.51,55720727.54,11764664.18,11.75,0
Los Angeles,Los Angeles County,Forestry,321918,Other Millwork (including Flooring),210.36,63789345.54,13511214.28,21.75,0
Los Angeles,Los Angeles County,Forestry,321920,Wood Container and Pallet Manufacturing,1277.34,337054201.43,83855708.32,96.5,0
Los Angeles,Los Angeles County,Forestry,321992,Prefabricated Wood Building Manufacturing,92.89,32268080.57,8036083.85,4.75,0
Los Angeles,Los Angeles County,Forestry,321999,All Other Miscellaneous Wood Product Manufacturing,730.17,185015946.29,45984883.32,44.0,0
Los Angeles,Los Angeles County,Forestry,322110,Pulp Mills,10.0,1849637.84,156978.84,1.0,1
Los Angeles,Los Angeles County,Forestry,322120,Paper Mills,38.15,13697045.29,2445671.59,3.5,0
Los Angeles,Los Angeles County,Forestry,322130,Paperboard Mills,128.03,126332824.79,12055307.3,2.0,0
Los Angeles,Los Angeles County,Forestry,322211,Corrugated and Solid Fiber Box Manufacturing,3193.35,1771145261.51,330777802.11,42.75,0
Los Angeles,Los Angeles County,Forestry,322212,Folding Paperboard Box Manufacturing,1192.75,665637793.5,124905547.74,19.5,0
Los Angeles,Los Angeles County,Forestry,322219,Other Paperboard Container Manufacturing,226.86,100969756.5,18680576.68,9.0,0
Los Angeles,Los Angeles County,Forestry,322220,Paper Bag and Coated and Treated Paper Manufacturing,646.82,283984380.54,61645600.55,25.0,0
Los Angeles,Los Angeles County,Forestry,322230,Stationery Product Manufacturing,361.24,127439225.42,28362929.4,16.25,0
Los Angeles,Los Angeles County,Forestry,322291,Sanitary Paper Product Manufacturing,221.41,64655560.61,16317069.01,4.5,0
Los Angeles,Los Angeles County,Forestry,322299,All Other Converted Paper Product Manufacturing,320.75,100167480.02,26277437.51,15.75,0
Los Angeles,Los Angeles County,Agricultural Support,325311,Nitrogenous Fertilizer Manufacturing,33.06,32436643.72,4505973.7,3.0,0
Los Angeles,Los Angeles County,Agricultural Support,325312,Phosphatic Fertilizer Manufacturing,10.0,7334787.55,998906.34,1.0,1
Los Angeles,Los Angeles County,Agricultural Support,325314,Fertilizer (Mixing Only) Manufacturing,59.74,55380245.85,7687932.27,2.75,0
Los Angeles,Los Angeles County,Agricultural Support,325315,Compost Manufacturing,37.93,30603757.02,4310063.58,1.25,0
Los Angeles,Los Angeles County,Agricultural Support,325320,Pesticide and Other Agricultural Chemical Manufacturing,125.33,186975469.46,18850468.15,2.5,0
Los Angeles,Los Angeles County,Mining,327120,Clay Building Material and Refractories Manufacturing,200.48,31761688.28,10961831.75,10.75,0
Los Angeles,Los Angeles County,Mining,327310,Cement Manufacturing,13.47,10539246.28,1706107.68,3.0,0
Los Angeles,Los Angeles County,Mining,327320,Ready-Mix Concrete Manufacturing,1748.35,758892031.88,171136219.43,64.5,0
Los Angeles,Los Angeles County,Mining,327331,Concrete Block and Brick Manufacturing,173.72,62231705.8,18605534.62,10.25,0
Los Angeles,Los Angeles County,Mining,327390,Other Concrete Product Manufacturing,483.3,136481251.89,39325133.74,18.75,0
Los Angeles,Los Angeles County,Mining,327410,Lime Manufacturing,10.0,6547442.06,968620.5,2.0,1
Los Angeles,Los Angeles County,Mining,327991,Cut Stone and Stone Product Manufacturing,426.74,75388302.65,28912308.28,31.5,0
Los Angeles,Los Angeles County,Mining,327992,Ground or Treated Mineral and Earth Manufacturing,37.51,15686685.47,1981465.04,3.5,0
Los Angeles,Los Angeles County,Mining,331410,Nonferrous Metal (except Aluminum) Smelting and Refining,46.75,52828054.75,3808141.11,4.0,0
Los Angeles,Los Angeles County,Agricultural Support,333111,Farm Machinery and Equipment Manufacturing,35.28,7590217.95,1546077.55,4.0,0
Los Angeles,Los Angeles County,Mining,333131,Mining Machinery and Equipment Manufacturing,32.56,7930277.45,3040427.22,3.5,0
Los Angeles,Los Angeles County,Mining,333132,Oil and Gas Field Machinery and Equipment Manufacturing,136.9,38078947.79,14539915.32,7.0,0
Los Angeles,Los Angeles County,Agricultural Processing,333241,Food Product Machinery Manufacturing,875.64,312540924.21,84710985.33,28.0,0
Los Angeles,Los Angeles County,Forestry,333243,"Sawmill, Woodworking, and Paper Machinery Manufacturing",30.3,6683694.13,1799041.42,5.5,0
Los Angeles,Los Angeles County,Agricultural Processing,333993,Packaging Machinery Manufacturing,368.4,158045617.37,43048045.63,22.5,0
Los Angeles,Los Angeles County,Forestry,337110,Wood Kitchen Cabinet and Countertop Manufacturing,2607.32,386529054.64,174458940.99,178.0,0
Los Angeles,Los Angeles County,Forestry,337211,Wood Office Furniture Manufacturing,186.37,53641258.22,13453780.8,19.25,0
Los Angeles,Los Angeles County,Forestry,423310,"Lumber, Plywood, Millwork, and Wood Panel Merchant Wholesalers",2644.29,845981582.03,257908450.01,222.75,0
Los Angeles,Los Angeles County,Mining,423320,"Brick, Stone, and Related Construction Material Merchant Wholesalers",1159.85,326643151.97,99750270.17,116.0,0
Los Angeles,Los Angeles County,Mining,423520,Coal and Other Mineral and Ore Merchant Wholesalers,64.93,22181061.75,6951981.49,10.25,0
Los Angeles,Los Angeles County,Agricultural Support,423820,Farm and Garden Machinery and Equipment Merchant Wholesalers,457.17,132479882.69,45438205.86,62.75,0
Los Angeles,Los Angeles County,Agricultural Distribution,424410,General Line Grocery Merchant Wholesalers,7259.53,2138161182.87,711840967.6,437.0,0
Los Angeles,Los Angeles County,Agricultural Distribution,424420,Packaged Frozen Food Merchant Wholesalers,1790.73,490317754.38,163016537.99,124.0,0
Los Angeles,Los Angeles County,Agricultural Distribution,424430,Dairy Product (except Dried or Canned) Merchant Wholesalers,861.4,223620982.81,74115452.74,59.5,0
Los Angeles,Los Angeles County,Agricultural Distribution,424440,Poultry and Poultry Product Merchant Wholesalers,544.85,98210158.36,32722814.54,24.75,0
Los Angeles,Los Angeles County,Agricultural Distribution,424450,Confectionery Merchant Wholesalers,2789.2,658131174.42,218276893.06,106.75,0
Los Angeles,Los Angeles County,Fishing,424460,Fish and Seafood Merchant Wholesalers,3043.35,809225540.44,269874258.02,197.75,0
Los Angeles,Los Angeles County,Agricultural Distribution,424470,Meat and Meat Product Merchant Wholesalers,3682.1,1062885059.06,354099052.44,148.5,0
Los Angeles,Los Angeles County,Agricultural Distribution,424480,Fresh Fruit and Vegetable Merchant Wholesalers,9017.53,2386009890.64,795764387.04,438.25,0
Los Angeles,Los Angeles County,Agricultural Distribution,424490,Other Grocery and Related Products Merchant Wholesalers,8596.15,2576221602.16,857304344.41,659.5,0
Los Angeles,Los Angeles County,Agricultural Distribution,424510,Grain and Field Bean Merchant Wholesalers,130.03,26695111.97,6401879.55,13.5,0
Los Angeles,Los Angeles County,Agricultural Distribution,424520,Livestock Merchant Wholesalers,46.72,8392804.27,1993898.56,4.5,0
Los Angeles,Los Angeles County,Agricultural Distribution,424590,Other Farm Product Raw Material Merchant Wholesalers,1050.11,327442456.85,78921604.81,94.0,0
Los Angeles,Los Angeles County,Agricultural Distribution,424810,Beer and Ale Merchant Wholesalers,2547.16,983073095.28,236271634.84,52.75,0
Los Angeles,Los Angeles County,Agricultural Distribution,424820,Wine and Distilled Alcoholic Beverage Merchant Wholesalers,2512.54,1274969307.23,311071022.18,169.25,0
Los Angeles,Los Angeles County,Agricultural Distribution,424910,Farm Supplies Merchant Wholesalers,520.17,171523348.58,41283226.5,84.5,0
Los Angeles,Los Angeles County,Agricultural Distribution,424930,"Flower, Nursery Stock, and Florists' Supplies Merchant Wholesalers",2176.94,543585429.28,131269813.05,182.0,0
Los Angeles,Los Angeles County,Agricultural Distribution,424990,Other Miscellaneous Nondurable Goods Merchant Wholesalers,13820.23,4374223454.75,1059936216.81,1490.0,0
Los Angeles,Los Angeles County,Outdoor Recreation,441222,Boat Dealers,265.92,53774738.49,16397956.36,38.25,0
Los Angeles,Los Angeles County,Agricultural Support,444240,"Nursery, Garden Center, and Farm Supply Retailers",2395.62,349338276.94,100056361.67,203.5,0
Los Angeles,Los Angeles County,Agricultural Distribution,445230,Fruit and Vegetable Markets,1812.76,232381206.64,88459480.06,96.75,0
Los Angeles,Los Angeles County,Agricultural Distribution,445240,Meat Retailers,2902.37,402660449.93,152134764.63,276.25,0
Los Angeles,Los Angeles County,Agricultural Distribution,445291,Baked Goods Stores,2034.65,202491266.12,76431654.09,74.0,0
Los Angeles,Los Angeles County,Agricultural Distribution,445292,Confectionery and Nut Stores,1934.67,189676294.94,71791693.81,141.0,0
Los Angeles,Los Angeles County,Agricultural Distribution,445298,All Other Specialty Food Retailers,4864.01,499185966.65,189332661.57,290.0,0
Los Angeles,Los Angeles County,Agricultural Distribution,445320,"Beer, Wine, and Liquor Retailers",6506.49,731574969.68,276046423.85,1258.75,0
Los Angeles,Los Angeles County,Agricultural Distribution,456191,Food (Health) Supplement Retailers,5471.52,561637217.1,177685662.63,430.25,0
Los Angeles,Los Angeles County,Agricultural Distribution,459310,Florists,5599.15,503958943.9,168768424.47,371.5,0
Los Angeles,Los Angeles County,Agricultural Distribution,484230,"Specialized Freight (except Used Goods) Trucking, Long-Distance",1243.93,313830377.16,113413304.1,167.75,0
Los Angeles,Los Angeles County,Outdoor Recreation,487110,"Scenic and Sightseeing Transportation, Land",470.93,41786354.91,18062247.86,31.0,0
Los Angeles,Los Angeles County,Outdoor Recreation,487210,"Scenic and Sightseeing Transportation, Water",550.04,48042221.47,20741395.66,44.25,0
Los Angeles,Los Angeles County,Outdoor Recreation,487990,"Scenic and Sightseeing Transportation, Other",59.76,6126607.34,2639067.56,7.0,0
Los Angeles,Los Angeles County,Agricultural Distribution,493120,Refrigerated Warehousing and Storage,2767.68,390220158.96,245534416.42,73.5,0
Los Angeles,Los Angeles County,Agricultural Distribution,493130,Farm Product Warehousing and Storage,154.84,8473617.34,5327730.78,3.5,0
Los Angeles,Los Angeles County,Outdoor Recreation,532284,Recreational Goods Rental,753.62,134849980.42,35373139.71,68.75,0
Los Angeles,Los Angeles County,Mining,532412,"Construction, Mining, and Forestry Machinery and Equipment Rental and Leasing",2340.27,2064996618.11,259985675.6,138.5,0
Los Angeles,Los Angeles County,Mining,541360,Geophysical Surveying and Mapping Services,225.78,47260415.54,23748508.13,21.0,0
Los Angeles,Los Angeles County,Agricultural Support,541620,Environmental Consulting Services,3992.34,607006961.84,370538639.38,246.75,0
Los Angeles,Los Angeles County,Agricultural Support,541690,Other Scientific and Technical Consulting Services,18725.84,3356545394.84,2049180195.42,2448.0,0
Los Angeles,Los Angeles County,Agricultural Distribution,624210,Community Food Services,1426.61,124792399.68,91286394.34,81.5,0
Los Angeles,Los Angeles County,Outdoor Recreation,712130,Zoos and Botanical Gardens,669.52,128189240.39,41563060.36,19.75,0
Los Angeles,Los Angeles County,Outdoor Recreation,712190,Nature Parks and Other Similar Institutions,64.55,8957287.36,2897073.41,7.0,0
Los Angeles,Los Angeles County,Outdoor Recreation,713920,Skiing Facilities,10.0,319303.92,121566.39,0.0,1
Los Angeles,Los Angeles County,Outdoor Recreation,713930,Marinas,408.81,65046847.16,25340103.61,31.0,0
Los Angeles,Los Angeles County,Outdoor Recreation,713990,All Other Amusement and Recreation Industries,6554.15,865084264.73,334832226.85,417.5,0
Los Angeles,Los Angeles County,Outdoor Recreation,721211,RV (Recreational Vehicle) Parks and Campgrounds,231.97,39992450.29,10544453.28,22.5,0
Los Angeles,Los Angeles County,Outdoor Recreation,721214,Recreational and Vacation Camps (except Campgrounds),657.49,119615827.21,31460675.5,41.5,0
Madera,Central San Joaquin,Agricultural Production,111000,Crop Production,2073.2,607032695.55,139186733.21,203.25,0
Madera,Central San Joaquin,Agricultural Production,112000,Animal Production,1731.97,694961216.77,121794027.73,79.25,0
Madera,Central San Joaquin,Forestry,113110,Timber Tract Operations,10.0,155908.04,63805.24,0.0,1
Madera,Central San Joaquin,Forestry,113210,Forest Nurseries and Gathering of Forest Products,10.0,1214230.32,500117.09,1.0,1
Madera,Central San Joaquin,Forestry,113310,Logging,25.18,4048970.62,1600836.69,4.5,0
Madera,Central San Joaquin,Fishing,114111,Finfish Fishing,10.0,99364.84,38184.35,0.0,1
Madera,Central San Joaquin,Fishing,114112,Shellfish Fishing,10.0,3613.69,1374.21,0.0,1
Madera,Central San Joaquin,Outdoor Recreation,114210,Hunting and Trapping,10.0,943746.92,357065.6,0.0,1
Madera,Central San Joaquin,Agricultural Processing,115111,Cotton Ginning,10.0,209855.25,181124.6,0.5,1
Madera,Central San Joaquin,Agricultural Production,115112,"Soil Preparation, Planting, and Cultivating",886.48,46431123.64,40257385.59,16.5,0
Madera,Central San Joaquin,Agricultural Production,115113,"Crop Harvesting, Primarily by Machine",48.91,3538681.28,3070628.91,11.0,0
Madera,Central San Joaquin,Agricultural Production,115114,Postharvest Crop Activities (except Cotton Ginning),1025.49,84490199.09,73453271.29,20.5,0
Madera,Central San Joaquin,Agricultural Support,115115,Farm Labor Contractors and Crew Leaders,7424.86,365786704.72,292040103.42,77.0,0
Madera,Central San Joaquin,Agricultural Support,115116,Farm Management Services,614.53,47234887.11,41063749.88,16.0,0
Madera,Central San Joaquin,Agricultural Support,115210,Support Activities for Animal Production,67.61,2191967.89,1898082.83,6.0,0
Madera,Central San Joaquin,Forestry,115310,Support Activities for Forestry,46.99,2836397.72,2454498.82,2.0,0
Madera,Central San Joaquin,Mining,211120,Crude Petroleum Extraction,10.0,651443.49,59524.87,0.0,1
Madera,Central San Joaquin,Mining,212220,Gold Ore and Silver Ore Mining,10.0,250801.08,47518.91,0.0,1
Madera,Central San Joaquin,Mining,212311,Dimension Stone Mining and Quarrying,10.22,6170983.54,1321056.05,1.0,0
Madera,Central San Joaquin,Mining,212321,Construction Sand and Gravel Mining,10.0,2700154.09,725430.08,2.0,1
Madera,Central San Joaquin,Mining,213111,Drilling Oil and Gas Wells,110.84,38054207.75,10570388.17,1.0,0
Madera,Central San Joaquin,Mining,213112,Support Activities for Oil and Gas Operations,10.0,72401.19,26254.69,0.0,1
Madera,Central San Joaquin,Renewable Energy,221111,Hydroelectric Power Generation,10.0,1680084.45,233320.1,0.0,1
Madera,Central San Joaquin,Renewable Energy,221114,Solar Electric Power Generation,15.71,33306762.36,4607468.32,0.5,0
Madera,Central San Joaquin,Renewable Energy,221115,Wind Electric Power Generation,10.0,838358.76,112628.13,0.0,1
Madera,Central San Joaquin,Renewable Energy,221117,Biomass Electric Power Generation,11.08,7543520.91,1040414.31,1.0,0
Madera,Central San Joaquin,Renewable Energy,221118,Other Electric Power Generation,11.95,9434015.92,1300775.15,1.0,0
Madera,Central San Joaquin,Agricultural Support,221310,Water Supply and Irrigation Systems,69.67,18631126.65,5872549.87,4.0,0
Madera,Central San Joaquin,Agricultural Processing,311119,Other Animal Food Manufacturing,114.08,123167490.08,10592879.45,2.0,0
Madera,Central San Joaquin,Agricultural Processing,311211,Flour Milling,88.88,70756494.62,7610166.77,1.0,0
Madera,Central San Joaquin,Agricultural Processing,311411,"Frozen Fruit, Juice, and Vegetable Manufacturing",52.12,17075568.65,3025862.79,1.0,0
Madera,Central San Joaquin,Agricultural Processing,311421,Fruit and Vegetable Canning,48.22,14264977.0,2674682.35,1.5,0
Madera,Central San Joaquin,Agricultural Processing,311423,Dried and Dehydrated Food Manufacturing,10.0,1054641.9,198232.61,1.0,1
Madera,Central San Joaquin,Agricultural Processing,311514,"Dry, Condensed, and Evaporated Dairy Product Manufacturing",96.48,124661201.01,9413835.26,1.0,0
Madera,Central San Joaquin,Agricultural Processing,311615,Poultry Processing,31.04,11564422.51,1881741.07,1.0,0
Madera,Central San Joaquin,Agricultural Processing,311811,Retail Bakeries,10.0,322798.06,95737.27,2.75,1
Madera,Central San Joaquin,Agricultural Processing,311812,Commercial Bakeries,10.0,1604335.06,474598.1,1.0,1
Madera,Central San Joaquin,Agricultural Processing,311911,Roasted Nuts and Peanut Butter Manufacturing,63.99,57391436.59,5869481.82,1.0,0
Madera,Central San Joaquin,Agricultural Processing,311919,Other Snack Food Manufacturing,239.01,176285428.29,18028659.62,1.0,0
Madera,Central San Joaquin,Agricultural Processing,311920,Coffee and Tea Manufacturing,10.08,7886096.74,1117701.97,0.0,0
Madera,Central San Joaquin,Agricultural Processing,311930,Flavoring Syrup and Concentrate Manufacturing,10.0,2538458.86,505617.09,0.0,1
Madera,Central San Joaquin,Agricultural Processing,311941,"Mayonnaise, Dressing, and Other Prepared Sauce Manufacturing",10.0,2677026.94,463945.73,0.0,1
Madera,Central San Joaquin,Agricultural Processing,311942,Spice and Extract Manufacturing,10.0,4068903.34,695302.52,0.0,1
Madera,Central San Joaquin,Agricultural Processing,311991,Perishable Prepared Food Manufacturing,10.0,5542093.07,1006861.95,0.0,1
Madera,Central San Joaquin,Agricultural Processing,311999,All Other Miscellaneous Food Manufacturing,10.0,3807779.24,691153.27,0.0,1
Madera,Central San Joaquin,Agricultural Processing,312111,Soft Drink Manufacturing,10.0,653181.61,120402.51,0.75,1
Madera,Central San Joaquin,Agricultural Processing,312120,Breweries,10.0,2525200.89,386916.96,0.0,1
Madera,Central San Joaquin,Agricultural Processing,312130,Wineries,210.99,83629406.61,18302157.53,16.0,0
Madera,Central San Joaquin,Agricultural Processing,312140,Distilleries,10.0,2474933.68,195336.31,0.0,1
Madera,Central San Joaquin,Agricultural Processing,316990,Other Leather and Allied Product Manufacturing,10.0,156401.53,42007.17,0.0,1
Madera,Central San Joaquin,Forestry,321911,Wood Window and Door Manufacturing,10.0,1077797.65,230135.36,0.0,1
Madera,Central San Joaquin,Forestry,321918,Other Millwork (including Flooring),10.0,141606.85,29993.73,0.0,1
Madera,Central San Joaquin,Forestry,321920,Wood Container and Pallet Manufacturing,126.3,39167079.9,9744377.06,1.0,0
Madera,Central San Joaquin,Forestry,321999,All Other Miscellaneous Wood Product Manufacturing,14.42,4480683.97,1113653.9,1.0,0
Madera,Central San Joaquin,Forestry,322211,Corrugated and Solid Fiber Box Manufacturing,185.51,87720517.03,16382620.02,3.0,0
Madera,Central San Joaquin,Forestry,322212,Folding Paperboard Box Manufacturing,80.53,33094979.69,6210204.12,1.5,0
Madera,Central San Joaquin,Agricultural Support,325311,Nitrogenous Fertilizer Manufacturing,10.0,5420184.92,752951.23,1.0,1
Madera,Central San Joaquin,Agricultural Support,325314,Fertilizer (Mixing Only) Manufacturing,10.0,3990202.05,553923.2,0.5,1
Madera,Central San Joaquin,Agricultural Support,325315,Compost Manufacturing,10.0,1080468.3,152167.17,0.0,1
Madera,Central San Joaquin,Agricultural Support,325320,Pesticide and Other Agricultural Chemical Manufacturing,10.0,2319216.58,233818.47,0.0,1
Madera,Central San Joaquin,Mining,327120,Clay Building Material and Refractories Manufacturing,10.0,206535.61,71281.12,0.0,1
Madera,Central San Joaquin,Mining,327320,Ready-Mix Concrete Manufacturing,58.89,18694876.64,4215844.12,3.0,0
Madera,Central San Joaquin,Agricultural Support,333111,Farm Machinery and Equipment Manufacturing,112.15,46223154.15,9415352.95,2.0,0
Madera,Central San Joaquin,Agricultural Processing,333241,Food Product Machinery Manufacturing,143.62,74689685.12,20243866.74,1.0,0
Madera,Central San Joaquin,Forestry,337110,Wood Kitchen Cabinet and Countertop Manufacturing,52.73,7246246.87,3270575.76,2.0,0
Madera,Central San Joaquin,Forestry,423310,"Lumber, Plywood, Millwork, and Wood Panel Merchant Wholesalers",26.33,6446905.39,1965422.67,2.0,0
Madera,Central San Joaquin,Mining,423320,"Brick, Stone, and Related Construction Material Merchant Wholesalers",163.06,38262028.95,11684456.58,2.0,0
Madera,Central San Joaquin,Agricultural Support,423820,Farm and Garden Machinery and Equipment Merchant Wholesalers,36.16,8159327.66,2798501.95,4.0,0
Madera,Central San Joaquin,Agricultural Distribution,424410,General Line Grocery Merchant Wholesalers,33.41,6786291.7,2259306.03,2.0,0
Madera,Central San Joaquin,Agricultural Distribution,424420,Packaged Frozen Food Merchant Wholesalers,10.0,404332.7,134428.98,2.0,1
Madera,Central San Joaquin,Agricultural Distribution,424430,Dairy Product (except Dried or Canned) Merchant Wholesalers,10.0,829280.37,274851.17,1.0,1
Madera,Central San Joaquin,Agricultural Distribution,424450,Confectionery Merchant Wholesalers,21.96,3135304.29,1039860.3,3.0,0
Madera,Central San Joaquin,Fishing,424460,Fish and Seafood Merchant Wholesalers,10.0,364501.42,121560.12,2.0,1
Madera,Central San Joaquin,Agricultural Distribution,424470,Meat and Meat Product Merchant Wholesalers,10.0,403888.89,134555.16,0.0,1
Madera,Central San Joaquin,Agricultural Distribution,424480,Fresh Fruit and Vegetable Merchant Wholesalers,87.09,31211851.82,10409546.17,7.0,0
Madera,Central San Joaquin,Agricultural Distribution,424490,Other Grocery and Related Products Merchant Wholesalers,36.6,6836335.69,2274967.45,5.0,0
Madera,Central San Joaquin,Agricultural Distribution,424510,Grain and Field Bean Merchant Wholesalers,10.0,1099454.21,263665.25,1.0,1
Madera,Central San Joaquin,Agricultural Distribution,424520,Livestock Merchant Wholesalers,10.0,254747.8,60521.04,2.0,1
Madera,Central San Joaquin,Agricultural Distribution,424590,Other Farm Product Raw Material Merchant Wholesalers,25.84,5124874.01,1235219.42,3.0,0
Madera,Central San Joaquin,Agricultural Distribution,424820,Wine and Distilled Alcoholic Beverage Merchant Wholesalers,45.83,21732199.32,5302290.35,3.0,0
Madera,Central San Joaquin,Agricultural Distribution,424910,Farm Supplies Merchant Wholesalers,76.12,36984402.45,8901618.8,9.5,0
Madera,Central San Joaquin,Agricultural Distribution,424990,Other Miscellaneous Nondurable Goods Merchant Wholesalers,35.03,1796423.3,435298.78,1.0,0
Madera,Central San Joaquin,Outdoor Recreation,441222,Boat Dealers,44.27,10540673.23,3214250.86,4.0,0
Madera,Central San Joaquin,Agricultural Support,444240,"Nursery, Garden Center, and Farm Supply Retailers",184.84,36159099.5,10356574.63,9.25,0
Madera,Central San Joaquin,Agricultural Distribution,445230,Fruit and Vegetable Markets,20.42,2229144.86,848558.27,3.0,0
Madera,Central San Joaquin,Agricultural Distribution,445240,Meat Retailers,37.2,4824026.8,1822632.9,5.5,0
Madera,Central San Joaquin,Agricultural Distribution,445291,Baked Goods Stores,10.0,493196.23,186160.15,1.0,1
Madera,Central San Joaquin,Agricultural Distribution,445292,Confectionery and Nut Stores,19.93,1857761.58,703155.08,1.0,0
Madera,Central San Joaquin,Agricultural Distribution,445298,All Other Specialty Food Retailers,56.03,4964725.85,1883035.23,2.0,0
Madera,Central San Joaquin,Agricultural Distribution,445320,"Beer, Wine, and Liquor Retailers",38.14,3503088.25,1321826.23,11.0,0
Madera,Central San Joaquin,Agricultural Distribution,456191,Food (Health) Supplement Retailers,49.53,5090553.71,1610502.98,9.0,0
Madera,Central San Joaquin,Agricultural Distribution,459310,Florists,44.95,2483172.15,831577.76,4.25,0
Madera,Central San Joaquin,Agricultural Distribution,484230,"Specialized Freight (except Used Goods) Trucking, Long-Distance",34.43,6106890.11,2206932.9,9.75,0
Madera,Central San Joaquin,Outdoor Recreation,487110,"Scenic and Sightseeing Transportation, Land",35.88,2716250.5,1174105.51,1.0,0
Madera,Central San Joaquin,Outdoor Recreation,487210,"Scenic and Sightseeing Transportation, Water",10.0,201930.29,87179.9,0.0,1
Madera,Central San Joaquin,Agricultural Distribution,493120,Refrigerated Warehousing and Storage,20.18,1205178.79,758322.87,1.0,0
Madera,Central San Joaquin,Agricultural Distribution,493130,Farm Product Warehousing and Storage,10.0,45904.64,28862.24,0.25,1
Madera,Central San Joaquin,Outdoor Recreation,532284,Recreational Goods Rental,10.0,298986.57,78428.59,0.0,1
Madera,Central San Joaquin,Mining,532412,"Construction, Mining, and Forestry Machinery and Equipment Rental and Leasing",43.53,27634797.9,3479255.87,3.0,0
Madera,Central San Joaquin,Mining,541360,Geophysical Surveying and Mapping Services,39.82,5633495.17,2830849.12,1.0,0
Madera,Central San Joaquin,Agricultural Support,541620,Environmental Consulting Services,37.02,4464872.84,2725517.19,5.0,0
Madera,Central San Joaquin,Agricultural Support,541690,Other Scientific and Technical Consulting Services,186.98,25921531.88,15825166.51,12.5,0
Madera,Central San Joaquin,Agricultural Distribution,624210,Community Food Services,10.0,55056.56,40274.2,1.0,1
Madera,Central San Joaquin,Outdoor Recreation,712190,Nature Parks and Other Similar Institutions,10.23,1035144.08,334798.73,1.0,0
Madera,Central San Joaquin,Outdoor Recreation,713930,Marinas,10.0,1164831.14,453779.74,1.0,1
Madera,Central San Joaquin,Outdoor Recreation,713990,All Other Amusement and Recreation Industries,41.3,3155005.65,1221149.91,7.0,0
Madera,Central San Joaquin,Outdoor Recreation,721211,RV (Recreational Vehicle) Parks and Campgrounds,27.96,3788592.18,998904.37,3.5,0
Madera,Central San Joaquin,Outdoor Recreation,721214,Recreational and Vacation Camps (except Campgrounds),62.37,14906126.09,3920524.62,6.0,0
Marin,Bay Area,Agricultural Production,111000,Crop Production,131.84,40856473.79,9367994.77,22.25,0
Marin,Bay Area,Agricultural Production,112000,Animal Production,251.84,101845050.74,17848649.15,28.5,0
Marin,Bay Area,Forestry,113210,Forest Nurseries and Gathering of Forest Products,10.0,1197498.54,493225.6,0.0,1
Marin,Bay Area,Forestry,113310,Logging,10.0,706545.73,279346.14,0.0,1
Marin,Bay Area,Fishing,114111,Finfish Fishing,59.69,6124741.8,2353641.9,1.0,0
Marin,Bay Area,Fishing,114112,Shellfish Fishing,14.71,1049700.48,399177.68,1.0,0
Marin,Bay Area,Fishing,114119,Other Marine Fishing,10.0,462271.58,176486.61,1.0,1
Marin,Bay Area,Agricultural Production,115112,"Soil Preparation, Planting, and Cultivating",19.34,381246.4,330553.78,0.0,0
Marin,Bay Area,Agricultural Production,115113,"Crop Harvesting, Primarily by Machine",10.0,27804.78,24127.11,0.0,1
Marin,Bay Area,Agricultural Production,115114,Postharvest Crop Activities (except Cotton Ginning),69.92,4832390.44,4201136.81,2.0,0
Marin,Bay Area,Agricultural Support,115115,Farm Labor Contractors and Crew Leaders,10.17,639541.02,510602.55,0.0,0
Marin,Bay Area,Agricultural Support,115116,Farm Management Services,74.81,4610245.29,4007926.58,3.0,0
Marin,Bay Area,Agricultural Support,115210,Support Activities for Animal Production,84.46,3022964.17,2617664.44,7.0,0
Marin,Bay Area,Forestry,115310,Support Activities for Forestry,33.71,1658303.55,1435025.87,1.0,0
Marin,Bay Area,Mining,211120,Crude Petroleum Extraction,10.0,407987.89,37279.41,0.0,1
Marin,Bay Area,Mining,212312,Crushed and Broken Limestone Mining and Quarrying,10.0,72084.6,15450.14,0.0,1
Marin,Bay Area,Mining,212313,Crushed and Broken Granite Mining and Quarrying,10.0,106104.14,22856.31,0.0,1
Marin,Bay Area,Mining,212319,Other Crushed and Broken Stone Mining and Quarrying,10.0,41727.21,9040.59,0.0,1
Marin,Bay Area,Mining,212321,Construction Sand and Gravel Mining,10.0,333978.96,89727.61,0.0,1
Marin,Bay Area,Mining,212390,Other Nonmetallic Mineral Mining and Quarrying,10.0,135291.22,36340.82,0.0,1
Marin,Bay Area,Mining,213111,Drilling Oil and Gas Wells,10.0,248262.07,68960.22,0.0,1
Marin,Bay Area,Mining,213112,Support Activities for Oil and Gas Operations,15.1,7127993.97,2584809.09,1.75,0
Marin,Bay Area,Renewable Energy,221114,Solar Electric Power Generation,16.44,28498425.97,3942310.37,2.0,0
Marin,Bay Area,Renewable Energy,221118,Other Electric Power Generation,73.66,101567972.44,14004332.34,3.0,0
Marin,Bay Area,Agricultural Support,221310,Water Supply and Irrigation Systems,14.05,2694231.39,849224.44,3.0,0
Marin,Bay Area,Agricultural Processing,311111,Dog and Cat Food Manufacturing,10.0,263768.97,27716.18,0.0,1
Marin,Bay Area,Agricultural Processing,311119,Other Animal Food Manufacturing,10.0,869156.12,74750.78,0.0,1
Marin,Bay Area,Agricultural Processing,311211,Flour Milling,10.0,2183870.87,234884.75,1.0,1
Marin,Bay Area,Agricultural Processing,311230,Breakfast Cereal Manufacturing,10.0,266280.71,35243.06,2.0,1
Marin,Bay Area,Agricultural Processing,311340,Nonchocolate Confectionery Manufacturing,10.0,975379.53,138086.23,0.0,1
Marin,Bay Area,Agricultural Processing,311412,Frozen Specialty Food Manufacturing,11.81,2834652.1,502318.15,1.0,0
Marin,Bay Area,Agricultural Processing,311421,Fruit and Vegetable Canning,10.0,214173.19,40157.46,1.0,1
Marin,Bay Area,Agricultural Processing,311423,Dried and Dehydrated Food Manufacturing,10.0,139697.22,26257.77,0.5,1
Marin,Bay Area,Agricultural Processing,311513,Cheese Manufacturing,124.97,111938644.55,8518728.56,2.0,0
Marin,Bay Area,Agricultural Processing,311811,Retail Bakeries,159.09,22885500.84,6787511.3,12.25,0
Marin,Bay Area,Agricultural Processing,311812,Commercial Bakeries,100.96,16399555.79,4851354.42,2.0,0
Marin,Bay Area,Agricultural Processing,311813,"Frozen Cakes, Pies, and Other Pastries Manufacturing",14.8,2236178.87,665007.29,2.0,0
Marin,Bay Area,Agricultural Processing,311821,Cookie and Cracker Manufacturing,15.27,2788119.86,529531.17,1.0,0
Marin,Bay Area,Agricultural Processing,311824,"Dry Pasta, Dough, and Flour Mixes Manufacturing from Purchased Flour",14.91,3767149.99,709081.38,1.0,0
Marin,Bay Area,Agricultural Processing,311830,Tortilla Manufacturing,10.0,1621639.19,307173.15,0.5,1
Marin,Bay Area,Agricultural Processing,311911,Roasted Nuts and Peanut Butter Manufacturing,10.0,1399442.71,143122.46,0.0,1
Marin,Bay Area,Agricultural Processing,311919,Other Snack Food Manufacturing,48.22,31656815.21,3237533.31,2.25,0
Marin,Bay Area,Agricultural Processing,311920,Coffee and Tea Manufacturing,130.52,54509037.03,7725603.72,3.0,0
Marin,Bay Area,Agricultural Processing,311930,Flavoring Syrup and Concentrate Manufacturing,49.52,23137798.72,4608649.2,1.0,0
Marin,Bay Area,Agricultural Processing,311941,"Mayonnaise, Dressing, and Other Prepared Sauce Manufacturing",10.0,2094805.19,363043.01,0.0,1
Marin,Bay Area,Agricultural Processing,311942,Spice and Extract Manufacturing,10.0,1716931.46,293392.76,1.0,1
Marin,Bay Area,Agricultural Processing,311991,Perishable Prepared Food Manufacturing,27.58,11030477.09,2003966.28,2.0,0
Marin,Bay Area,Agricultural Processing,311999,All Other Miscellaneous Food Manufacturing,32.46,17271089.46,3134890.24,5.25,0
Marin,Bay Area,Agricultural Processing,312111,Soft Drink Manufacturing,10.0,339872.8,62649.56,0.0,1
Marin,Bay Area,Agricultural Processing,312112,Bottled Water Manufacturing,10.0,960238.81,176379.09,0.0,1
Marin,Bay Area,Agricultural Processing,312120,Breweries,21.61,7600860.12,1164620.88,2.5,0
Marin,Bay Area,Agricultural Processing,312130,Wineries,114.93,39095137.81,8555906.35,12.5,0
Marin,Bay Area,Agricultural Processing,312140,Distilleries,10.0,1372166.69,108299.46,0.0,1
Marin,Bay Area,Agricultural Processing,316990,Other Leather and Allied Product Manufacturing,10.0,766375.57,205837.29,0.0,1
Marin,Bay Area,Forestry,321113,Sawmills,10.0,134305.44,19943.36,0.0,1
Marin,Bay Area,Forestry,321114,Wood Preservation,10.0,427172.27,63197.98,0.0,1
Marin,Bay Area,Forestry,321215,Engineered Wood Member Manufacturing,10.0,54178.27,9467.26,0.0,1
Marin,Bay Area,Forestry,321911,Wood Window and Door Manufacturing,10.0,512039.08,109332.49,0.0,1
Marin,Bay Area,Forestry,321912,"Cut Stock, Resawing Lumber, and Planing",10.0,87229.58,18417.32,0.0,1
Marin,Bay Area,Forestry,321918,Other Millwork (including Flooring),10.0,227646.88,48217.86,0.0,1
Marin,Bay Area,Forestry,321920,Wood Container and Pallet Manufacturing,10.0,310288.0,77196.55,0.0,1
Marin,Bay Area,Forestry,321999,All Other Miscellaneous Wood Product Manufacturing,27.14,5963614.68,1482229.67,2.0,0
Marin,Bay Area,Forestry,322219,Other Paperboard Container Manufacturing,10.0,202055.17,37382.55,0.5,1
Marin,Bay Area,Forestry,322299,All Other Converted Paper Product Manufacturing,10.0,273792.58,71825.38,1.0,1
Marin,Bay Area,Mining,327120,Clay Building Material and Refractories Manufacturing,133.91,36216435.91,12499287.62,2.0,0
Marin,Bay Area,Mining,327320,Ready-Mix Concrete Manufacturing,25.08,13353353.8,3011288.02,2.0,0
Marin,Bay Area,Mining,327991,Cut Stone and Stone Product Manufacturing,10.0,638198.12,244756.55,2.25,1
Marin,Bay Area,Agricultural Support,333111,Farm Machinery and Equipment Manufacturing,10.0,461616.61,94028.27,2.0,1
Marin,Bay Area,Agricultural Processing,333241,Food Product Machinery Manufacturing,22.1,10405229.35,2820229.81,1.0,0
Marin,Bay Area,Agricultural Processing,333993,Packaging Machinery Manufacturing,10.0,1922758.8,523715.94,2.0,1
Marin,Bay Area,Forestry,337110,Wood Kitchen Cabinet and Countertop Manufacturing,43.86,6937098.95,3131042.6,8.75,0
Marin,Bay Area,Forestry,337211,Wood Office Furniture Manufacturing,24.22,8040950.3,2016753.27,1.0,0
Marin,Bay Area,Forestry,423310,"Lumber, Plywood, Millwork, and Wood Panel Merchant Wholesalers",107.07,43303971.54,13201776.99,7.75,0
Marin,Bay Area,Mining,423320,"Brick, Stone, and Related Construction Material Merchant Wholesalers",48.93,14374702.76,4389746.04,5.0,0
Marin,Bay Area,Agricultural Support,423820,Farm and Garden Machinery and Equipment Merchant Wholesalers,23.13,6452796.23,2213192.5,4.0,0
Marin,Bay Area,Agricultural Distribution,424410,General Line Grocery Merchant Wholesalers,22.32,6829417.69,2273663.62,6.5,0
Marin,Bay Area,Agricultural Distribution,424420,Packaged Frozen Food Merchant Wholesalers,14.39,4574072.27,1520747.35,2.0,0
Marin,Bay Area,Agricultural Distribution,424430,Dairy Product (except Dried or Canned) Merchant Wholesalers,58.55,26694885.14,8847575.36,3.0,0
Marin,Bay Area,Agricultural Distribution,424450,Confectionery Merchant Wholesalers,19.99,7164167.29,2376079.78,3.0,0
Marin,Bay Area,Fishing,424460,Fish and Seafood Merchant Wholesalers,44.77,13600610.82,4535762.37,5.0,0
Marin,Bay Area,Agricultural Distribution,424470,Meat and Meat Product Merchant Wholesalers,24.64,10381326.67,3458528.19,2.0,0
Marin,Bay Area,Agricultural Distribution,424480,Fresh Fruit and Vegetable Merchant Wholesalers,10.0,2075555.26,692223.85,3.0,1
Marin,Bay Area,Agricultural Distribution,424490,Other Grocery and Related Products Merchant Wholesalers,167.9,53204303.91,17705107.68,18.75,0
Marin,Bay Area,Agricultural Distribution,424510,Grain and Field Bean Merchant Wholesalers,10.0,1964391.01,471089.79,1.0,1
Marin,Bay Area,Agricultural Distribution,424520,Livestock Merchant Wholesalers,10.0,194847.33,46290.35,0.0,1
Marin,Bay Area,Agricultural Distribution,424590,Other Farm Product Raw Material Merchant Wholesalers,60.32,19395677.33,4674830.49,4.0,0
Marin,Bay Area,Agricultural Distribution,424810,Beer and Ale Merchant Wholesalers,20.68,7943299.54,1909091.38,0.0,0
Marin,Bay Area,Agricultural Distribution,424820,Wine and Distilled Alcoholic Beverage Merchant Wholesalers,395.59,236955563.29,57813163.71,24.5,0
Marin,Bay Area,Agricultural Distribution,424910,Farm Supplies Merchant Wholesalers,10.58,3483662.78,838468.0,2.0,0
Marin,Bay Area,Agricultural Distribution,424930,"Flower, Nursery Stock, and Florists' Supplies Merchant Wholesalers",29.41,7253712.37,1751690.56,2.0,0
Marin,Bay Area,Agricultural Distribution,424990,Other Miscellaneous Nondurable Goods Merchant Wholesalers,258.31,99467776.9,24102449.32,12.25,0
Marin,Bay Area,Outdoor Recreation,441222,Boat Dealers,58.98,16837431.69,5134371.23,5.0,0
Marin,Bay Area,Agricultural Support,444240,"Nursery, Garden Center, and Farm Supply Retailers",164.46,22618690.61,6478373.65,18.25,0
Marin,Bay Area,Agricultural Distribution,445230,Fruit and Vegetable Markets,36.33,5509578.54,2097305.8,3.0,0
Marin,Bay Area,Agricultural Distribution,445240,Meat Retailers,46.45,6774836.99,2559695.72,3.0,0
Marin,Bay Area,Agricultural Distribution,445291,Baked Goods Stores,10.0,774527.35,292350.42,0.0,1
Marin,Bay Area,Agricultural Distribution,445292,Confectionery and Nut Stores,33.73,3351051.66,1268359.21,4.0,0
Marin,Bay Area,Agricultural Distribution,445298,All Other Specialty Food Retailers,149.14,14709344.42,5579001.65,8.25,0
Marin,Bay Area,Agricultural Distribution,445320,"Beer, Wine, and Liquor Retailers",144.07,20963090.12,7910038.34,21.0,0
Marin,Bay Area,Agricultural Distribution,456191,Food (Health) Supplement Retailers,88.49,11633907.14,3680629.48,11.25,0
Marin,Bay Area,Agricultural Distribution,459310,Florists,163.62,14935146.78,5001560.59,11.5,0
Marin,Bay Area,Agricultural Distribution,484230,"Specialized Freight (except Used Goods) Trucking, Long-Distance",10.0,319079.19,115310.14,1.0,1
Marin,Bay Area,Outdoor Recreation,487110,"Scenic and Sightseeing Transportation, Land",15.19,2002024.57,865379.72,2.0,0
Marin,Bay Area,Outdoor Recreation,487210,"Scenic and Sightseeing Transportation, Water",23.09,2137027.77,922624.67,2.0,0
Marin,Bay Area,Outdoor Recreation,487990,"Scenic and Sightseeing Transportation, Other",10.0,295943.77,127479.3,2.0,1
Marin,Bay Area,Agricultural Distribution,493120,Refrigerated Warehousing and Storage,10.0,375389.64,236202.75,0.0,1
Marin,Bay Area,Agricultural Distribution,493130,Farm Product Warehousing and Storage,10.0,176626.46,111052.71,0.0,1
Marin,Bay Area,Outdoor Recreation,532284,Recreational Goods Rental,16.16,6739845.2,1767960.85,5.75,0
Marin,Bay Area,Mining,532412,"Construction, Mining, and Forestry Machinery and Equipment Rental and Leasing",32.91,28296173.95,3562523.95,3.0,0
Marin,Bay Area,Mining,541360,Geophysical Surveying and Mapping Services,12.29,1987306.91,998628.0,2.0,0
Marin,Bay Area,Agricultural Support,541620,Environmental Consulting Services,452.81,74936364.44,45743822.17,24.25,0
Marin,Bay Area,Agricultural Support,541690,Other Scientific and Technical Consulting Services,1000.5,138908620.42,84804094.82,97.0,0
Marin,Bay Area,Agricultural Distribution,624210,Community Food Services,54.42,6993910.42,5116087.73,3.0,0
Marin,Bay Area,Outdoor Recreation,712130,Zoos and Botanical Gardens,10.0,83383.31,27035.54,0.0,1
Marin,Bay Area,Outdoor Recreation,712190,Nature Parks and Other Similar Institutions,85.99,15157831.58,4902527.86,8.0,0
Marin,Bay Area,Outdoor Recreation,713930,Marinas,185.54,35598943.27,13868172.71,9.0,0
Marin,Bay Area,Outdoor Recreation,713990,All Other Amusement and Recreation Industries,407.66,44514045.28,17229231.32,36.0,0
Marin,Bay Area,Outdoor Recreation,721211,RV (Recreational Vehicle) Parks and Campgrounds,59.42,10852592.51,2861406.44,5.0,0
Marin,Bay Area,Outdoor Recreation,721214,Recreational and Vacation Camps (except Campgrounds),66.89,11982490.59,3151566.62,5.5,0
Mariposa,Sierra,Agricultural Production,111000,Crop Production,54.94,6932366.42,1589524.65,0.0,0
Mariposa,Sierra,Agricultural Production,112000,Animal Production,217.65,73693242.86,12914960.79,10.5,0
Mariposa,Sierra,Forestry,113110,Timber Tract Operations,10.0,484465.31,198267.03,1.0,1
Mariposa,Sierra,Forestry,113310,Logging,23.99,2886685.03,1141305.22,1.75,0
Mariposa,Sierra,Fishing,114111,Finfish Fishing,10.0,69662.7,26770.28,0.0,1
Mariposa,Sierra,Agricultural Support,115115,Farm Labor Contractors and Crew Leaders,10.0,60186.96,48052.61,0.0,1
Mariposa,Sierra,Agricultural Support,115210,Support Activities for Animal Production,23.96,737992.85,639047.48,1.0,0
Mariposa,Sierra,Forestry,115310,Support Activities for Forestry,17.03,1041535.21,901300.59,3.0,0
Mariposa,Sierra,Mining,212220,Gold Ore and Silver Ore Mining,10.0,1537206.83,291252.29,1.0,1
Mariposa,Sierra,Mining,212321,Construction Sand and Gravel Mining,10.0,178298.36,47902.08,0.0,1
Mariposa,Sierra,Mining,213111,Drilling Oil and Gas Wells,10.0,1743345.53,484252.34,1.0,1
Mariposa,Sierra,Renewable Energy,221114,Solar Electric Power Generation,10.0,1111518.7,153761.18,0.0,1
Mariposa,Sierra,Renewable Energy,221116,Geothermal Electric Power Generation,10.0,640541.56,90658.71,1.0,1
Mariposa,Sierra,Agricultural Support,221310,Water Supply and Irrigation Systems,10.0,579235.02,182575.46,1.0,1
Mariposa,Sierra,Agricultural Processing,311119,Other Animal Food Manufacturing,10.0,452028.53,38876.2,0.0,1
Mariposa,Sierra,Agricultural Processing,311340,Nonchocolate Confectionery Manufacturing,10.0,233399.9,33042.84,0.0,1
Mariposa,Sierra,Agricultural Processing,311421,Fruit and Vegetable Canning,10.0,279216.63,52353.1,0.0,1
Mariposa,Sierra,Agricultural Processing,311423,Dried and Dehydrated Food Manufacturing,10.0,159770.61,30030.8,0.0,1
Mariposa,Sierra,Agricultural Processing,311611,Animal (except Poultry) Slaughtering,10.0,812717.4,96729.15,0.0,1
Mariposa,Sierra,Agricultural Processing,311612,Meat Processed from Carcasses,10.0,1180821.71,138445.89,0.0,1
Mariposa,Sierra,Agricultural Processing,311615,Poultry Processing,10.0,1361783.72,221586.88,1.0,1
Mariposa,Sierra,Fishing,311710,Seafood Product Preparation and Packaging,10.0,820532.16,159279.4,0.0,1
Mariposa,Sierra,Agricultural Processing,311920,Coffee and Tea Manufacturing,10.0,1148674.06,162802.37,1.0,1
Mariposa,Sierra,Agricultural Processing,312120,Breweries,10.0,270705.89,41478.17,0.0,1
Mariposa,Sierra,Agricultural Processing,312130,Wineries,10.0,1605468.85,351354.21,4.0,1
Mariposa,Sierra,Forestry,321113,Sawmills,10.0,713303.57,105920.29,0.0,1
Mariposa,Sierra,Forestry,321918,Other Millwork (including Flooring),10.0,65079.75,13784.53,0.0,1
Mariposa,Sierra,Forestry,321999,All Other Miscellaneous Wood Product Manufacturing,10.0,122870.39,30538.88,0.0,1
Mariposa,Sierra,Mining,327320,Ready-Mix Concrete Manufacturing,10.0,1904783.65,429543.94,1.0,1
Mariposa,Sierra,Mining,327410,Lime Manufacturing,10.0,118833.99,17580.15,0.0,1
Mariposa,Sierra,Mining,333131,Mining Machinery and Equipment Manufacturing,10.0,250337.45,95978.08,0.0,1
Mariposa,Sierra,Forestry,337110,Wood Kitchen Cabinet and Countertop Manufacturing,10.0,309510.78,139696.93,0.0,1
Mariposa,Sierra,Agricultural Distribution,424990,Other Miscellaneous Nondurable Goods Merchant Wholesalers,14.01,1728336.17,418800.3,0.0,0
Mariposa,Sierra,Agricultural Support,444240,"Nursery, Garden Center, and Farm Supply Retailers",10.0,1242586.41,355897.66,1.0,1
Mariposa,Sierra,Agricultural Distribution,445230,Fruit and Vegetable Markets,10.0,51417.61,19572.91,0.0,1
Mariposa,Sierra,Agricultural Distribution,445240,Meat Retailers,10.0,487970.35,184366.89,0.0,1
Mariposa,Sierra,Agricultural Distribution,445298,All Other Specialty Food Retailers,10.0,121996.68,46271.24,2.0,1
Mariposa,Sierra,Agricultural Distribution,445320,"Beer, Wine, and Liquor Retailers",15.19,1307515.81,493367.16,1.0,0
Mariposa,Sierra,Agricultural Distribution,456191,Food (Health) Supplement Retailers,10.0,1097771.43,347302.92,1.0,1
Mariposa,Sierra,Agricultural Distribution,459310,Florists,10.0,35865.79,12010.93,0.0,1
Mariposa,Sierra,Outdoor Recreation,487110,"Scenic and Sightseeing Transportation, Land",14.79,1073946.06,464215.65,1.0,0
Mariposa,Sierra,Outdoor Recreation,487210,"Scenic and Sightseeing Transportation, Water",10.0,53549.37,23119.01,0.0,1
Mariposa,Sierra,Agricultural Distribution,493120,Refrigerated Warehousing and Storage,10.0,15761.77,9917.62,0.0,1
Mariposa,Sierra,Outdoor Recreation,532284,Recreational Goods Rental,10.0,257215.89,67471.52,0.0,1
Mariposa,Sierra,Agricultural Support,541620,Environmental Consulting Services,10.0,551960.89,336936.56,2.5,1
Mariposa,Sierra,Agricultural Support,541690,Other Scientific and Technical Consulting Services,13.21,687553.87,419753.53,1.25,0
Mariposa,Sierra,Outdoor Recreation,712130,Zoos and Botanical Gardens,10.0,69069.64,22394.59,0.0,1
Mariposa,Sierra,Outdoor Recreation,712190,Nature Parks and Other Similar Institutions,10.0,37433.96,12107.34,0.0,1
Mariposa,Sierra,Outdoor Recreation,713930,Marinas,10.0,333453.06,129902.3,1.0,1
Mariposa,Sierra,Outdoor Recreation,713990,All Other Amusement and Recreation Industries,15.54,1298792.23,502699.58,2.0,0
Mariposa,Sierra,Outdoor Recreation,721211,RV (Recreational Vehicle) Parks and Campgrounds,10.0,232798.96,61380.03,1.0,1
Mendocino,Redwood,Agricultural Production,111000,Crop Production,1497.63,261264335.37,59905388.31,118.5,0
Mendocino,Redwood,Agricultural Production,112000,Animal Production,75.02,20765668.37,3639245.37,13.0,0
Mendocino,Redwood,Forestry,113110,Timber Tract Operations,13.72,2892821.04,1183884.61,4.0,0
Mendocino,Redwood,Forestry,113210,Forest Nurseries and Gathering of Forest Products,61.77,12816684.69,5278935.05,1.0,0
Mendocino,Redwood,Forestry,113310,Logging,354.13,65585036.74,25930277.88,29.0,0
Mendocino,Redwood,Fishing,114111,Finfish Fishing,171.43,23733969.26,9120590.93,11.5,0
Mendocino,Redwood,Fishing,114112,Shellfish Fishing,41.67,2030130.52,772013.36,1.0,0
Mendocino,Redwood,Fishing,114119,Other Marine Fishing,10.0,458214.61,174937.73,1.0,1
Mendocino,Redwood,Outdoor Recreation,114210,Hunting and Trapping,10.0,251997.38,95342.93,0.0,1
Mendocino,Redwood,Agricultural Processing,115111,Cotton Ginning,10.0,149487.9,129021.96,0.0,1
Mendocino,Redwood,Agricultural Production,115112,"Soil Preparation, Planting, and Cultivating",144.58,6337588.98,5494908.23,7.0,0
Mendocino,Redwood,Agricultural Production,115113,"Crop Harvesting, Primarily by Machine",18.1,1496063.53,1298183.02,0.0,0
Mendocino,Redwood,Agricultural Production,115114,Postharvest Crop Activities (except Cotton Ginning),11.75,537075.15,466917.2,1.0,0
Mendocino,Redwood,Agricultural Support,115115,Farm Labor Contractors and Crew Leaders,270.63,15398149.17,12293713.85,7.0,0
Mendocino,Redwood,Agricultural Support,115116,Farm Management Services,265.46,14828010.09,12890762.21,8.0,0
Mendocino,Redwood,Agricultural Support,115210,Support Activities for Animal Production,50.34,1056435.29,914795.19,0.0,0
Mendocino,Redwood,Forestry,115310,Support Activities for Forestry,236.34,25441274.24,22015804.48,18.25,0
Mendocino,Redwood,Mining,212114,Surface Coal Mining,10.0,56240.05,7666.2,0.0,1
Mendocino,Redwood,Mining,212115,Underground Coal Mining,10.0,269413.43,36360.8,0.0,1
Mendocino,Redwood,Mining,212210,Iron Ore Mining,10.0,71323.82,12948.71,0.0,1
Mendocino,Redwood,Mining,212220,Gold Ore and Silver Ore Mining,10.0,364628.46,69085.61,0.0,1
Mendocino,Redwood,Mining,212311,Dimension Stone Mining and Quarrying,10.0,45614.31,9764.9,0.0,1
Mendocino,Redwood,Mining,212313,Crushed and Broken Granite Mining and Quarrying,10.0,71372.7,15374.68,0.0,1
Mendocino,Redwood,Mining,212319,Other Crushed and Broken Stone Mining and Quarrying,10.0,40323.84,8736.53,0.0,1
Mendocino,Redwood,Mining,212321,Construction Sand and Gravel Mining,34.61,12684419.0,3407827.4,2.0,0
Mendocino,Redwood,Mining,212390,Other Nonmetallic Mineral Mining and Quarrying,10.0,84690.78,22748.94,0.0,1
Mendocino,Redwood,Mining,213112,Support Activities for Oil and Gas Operations,10.0,52123.86,18901.56,0.0,1
Mendocino,Redwood,Mining,213115,Support Activities for Nonmetallic Minerals (except Fuels) Mining,12.93,4641797.84,1593691.74,1.0,0
Mendocino,Redwood,Renewable Energy,221111,Hydroelectric Power Generation,10.0,417608.54,57994.98,0.0,1
Mendocino,Redwood,Renewable Energy,221114,Solar Electric Power Generation,10.0,1079906.94,149388.19,1.0,1
Mendocino,Redwood,Renewable Energy,221115,Wind Electric Power Generation,10.0,237842.61,31952.63,0.0,1
Mendocino,Redwood,Renewable Energy,221118,Other Electric Power Generation,10.0,303660.11,41869.08,0.0,1
Mendocino,Redwood,Agricultural Support,221310,Water Supply and Irrigation Systems,52.51,6218484.87,1960072.69,6.0,0
Mendocino,Redwood,Agricultural Processing,311421,Fruit and Vegetable Canning,37.07,9500599.02,1781361.76,2.0,0
Mendocino,Redwood,Fishing,311710,Seafood Product Preparation and Packaging,20.95,4078605.93,791727.53,1.5,0
Mendocino,Redwood,Agricultural Processing,311811,Retail Bakeries,15.7,982774.47,291476.81,1.0,0
Mendocino,Redwood,Agricultural Processing,311812,Commercial Bakeries,10.0,1503430.09,444748.16,3.0,1
Mendocino,Redwood,Agricultural Processing,311911,Roasted Nuts and Peanut Butter Manufacturing,10.0,782381.76,80014.99,0.0,1
Mendocino,Redwood,Agricultural Processing,311919,Other Snack Food Manufacturing,10.0,360068.98,36824.15,0.0,1
Mendocino,Redwood,Agricultural Processing,311920,Coffee and Tea Manufacturing,10.0,2166065.53,306997.97,1.0,1
Mendocino,Redwood,Agricultural Processing,311930,Flavoring Syrup and Concentrate Manufacturing,10.0,587722.08,117064.07,0.0,1
Mendocino,Redwood,Agricultural Processing,311941,"Mayonnaise, Dressing, and Other Prepared Sauce Manufacturing",28.13,5910422.77,1024313.72,0.0,0
Mendocino,Redwood,Agricultural Processing,311942,Spice and Extract Manufacturing,10.0,747459.61,127727.43,0.0,1
Mendocino,Redwood,Agricultural Processing,311991,Perishable Prepared Food Manufacturing,10.0,1129510.99,205204.36,0.0,1
Mendocino,Redwood,Agricultural Processing,311999,All Other Miscellaneous Food Manufacturing,10.0,790162.86,143423.14,0.0,1
Mendocino,Redwood,Agricultural Processing,312111,Soft Drink Manufacturing,26.57,16358214.6,3015348.43,1.0,0
Mendocino,Redwood,Agricultural Processing,312112,Bottled Water Manufacturing,10.0,168481.51,30947.11,0.0,1
Mendocino,Redwood,Agricultural Processing,312120,Breweries,152.86,62277449.15,9542290.77,5.0,0
Mendocino,Redwood,Agricultural Processing,312130,Wineries,832.72,287585334.03,62937575.43,50.25,0
Mendocino,Redwood,Agricultural Processing,312140,Distilleries,15.28,14561062.95,1149244.63,4.0,0
Mendocino,Redwood,Agricultural Processing,316990,Other Leather and Allied Product Manufacturing,10.0,266141.15,71481.63,0.0,1
Mendocino,Redwood,Forestry,321113,Sawmills,345.43,228660915.29,33954450.1,4.0,0
Mendocino,Redwood,Forestry,321114,Wood Preservation,42.7,21927392.12,3244046.79,0.75,0
Mendocino,Redwood,Forestry,321215,Engineered Wood Member Manufacturing,10.0,71937.75,12570.6,0.0,1
Mendocino,Redwood,Forestry,321911,Wood Window and Door Manufacturing,12.08,3596523.64,767943.11,1.0,0
Mendocino,Redwood,Forestry,321912,"Cut Stock, Resawing Lumber, and Planing",37.62,11648129.86,2459342.19,1.5,0
Mendocino,Redwood,Forestry,321918,Other Millwork (including Flooring),105.46,31858045.1,6747849.04,2.0,0
Mendocino,Redwood,Forestry,321920,Wood Container and Pallet Manufacturing,10.0,481011.5,119670.84,0.0,1
Mendocino,Redwood,Forestry,321992,Prefabricated Wood Building Manufacturing,10.0,836208.11,208250.33,0.0,1
Mendocino,Redwood,Forestry,321999,All Other Miscellaneous Wood Product Manufacturing,49.06,11179776.63,2778683.32,3.0,0
Mendocino,Redwood,Agricultural Support,325311,Nitrogenous Fertilizer Manufacturing,10.0,1329484.9,184686.93,0.0,1
Mendocino,Redwood,Agricultural Support,325314,Fertilizer (Mixing Only) Manufacturing,10.85,10210520.0,1417432.97,1.0,0
Mendocino,Redwood,Agricultural Support,325320,Pesticide and Other Agricultural Chemical Manufacturing,10.0,2209389.59,222745.95,0.0,1
Mendocino,Redwood,Mining,327120,Clay Building Material and Refractories Manufacturing,10.0,148157.02,51133.06,0.0,1
Mendocino,Redwood,Mining,327320,Ready-Mix Concrete Manufacturing,19.75,7912269.77,1784280.08,2.0,0
Mendocino,Redwood,Mining,331410,Nonferrous Metal (except Aluminum) Smelting and Refining,10.0,1385501.08,99874.65,1.0,1
Mendocino,Redwood,Agricultural Support,333111,Farm Machinery and Equipment Manufacturing,10.0,832124.86,169498.37,1.0,1
Mendocino,Redwood,Forestry,337110,Wood Kitchen Cabinet and Countertop Manufacturing,18.16,2019712.4,911592.24,4.0,0
Mendocino,Redwood,Forestry,423310,"Lumber, Plywood, Millwork, and Wood Panel Merchant Wholesalers",79.94,16302684.71,4970084.73,5.5,0
Mendocino,Redwood,Mining,423320,"Brick, Stone, and Related Construction Material Merchant Wholesalers",21.61,5194894.54,1586416.65,2.0,0
Mendocino,Redwood,Agricultural Support,423820,Farm and Garden Machinery and Equipment Merchant Wholesalers,25.81,8387434.27,2876738.39,3.0,0
Mendocino,Redwood,Agricultural Distribution,424410,General Line Grocery Merchant Wholesalers,10.0,168947.92,56246.49,0.0,1
Mendocino,Redwood,Agricultural Distribution,424420,Packaged Frozen Food Merchant Wholesalers,10.0,215653.29,71698.51,0.0,1
Mendocino,Redwood,Agricultural Distribution,424430,Dairy Product (except Dried or Canned) Merchant Wholesalers,10.0,449510.02,148982.61,1.0,1
Mendocino,Redwood,Agricultural Distribution,424450,Confectionery Merchant Wholesalers,14.0,2209637.68,732852.15,3.0,0
Mendocino,Redwood,Fishing,424460,Fish and Seafood Merchant Wholesalers,69.16,6002841.88,2001929.52,4.0,0
Mendocino,Redwood,Agricultural Distribution,424470,Meat and Meat Product Merchant Wholesalers,19.56,3382583.06,1126904.03,1.0,0
Mendocino,Redwood,Agricultural Distribution,424480,Fresh Fruit and Vegetable Merchant Wholesalers,10.0,319093.3,106421.64,1.0,1
Mendocino,Redwood,Agricultural Distribution,424490,Other Grocery and Related Products Merchant Wholesalers,19.84,3393273.51,1129199.49,4.75,0
Mendocino,Redwood,Agricultural Distribution,424590,Other Farm Product Raw Material Merchant Wholesalers,106.31,21432353.61,5165719.06,3.0,0
Mendocino,Redwood,Agricultural Distribution,424810,Beer and Ale Merchant Wholesalers,13.74,3449851.64,829136.81,0.5,0
Mendocino,Redwood,Agricultural Distribution,424820,Wine and Distilled Alcoholic Beverage Merchant Wholesalers,35.24,13369964.98,3262046.11,3.0,0
Mendocino,Redwood,Agricultural Distribution,424910,Farm Supplies Merchant Wholesalers,86.4,27164584.81,6538128.58,7.25,0
Mendocino,Redwood,Agricultural Distribution,424930,"Flower, Nursery Stock, and Florists' Supplies Merchant Wholesalers",45.13,8432652.09,2036391.34,3.0,0
Mendocino,Redwood,Agricultural Distribution,424990,Other Miscellaneous Nondurable Goods Merchant Wholesalers,69.18,17693592.37,4287407.71,1.0,0
Mendocino,Redwood,Outdoor Recreation,441222,Boat Dealers,10.0,164719.85,50229.33,1.0,1
Mendocino,Redwood,Agricultural Support,444240,"Nursery, Garden Center, and Farm Supply Retailers",138.84,18373830.85,5262574.38,21.0,0
Mendocino,Redwood,Agricultural Distribution,445230,Fruit and Vegetable Markets,17.64,1592784.26,606317.83,1.0,0
Mendocino,Redwood,Agricultural Distribution,445240,Meat Retailers,10.47,1085205.72,410016.72,1.0,0
Mendocino,Redwood,Agricultural Distribution,445291,Baked Goods Stores,30.57,4733866.71,1786828.98,1.0,0
Mendocino,Redwood,Agricultural Distribution,445292,Confectionery and Nut Stores,10.0,232128.47,87859.67,0.0,1
Mendocino,Redwood,Agricultural Distribution,445298,All Other Specialty Food Retailers,65.96,8807446.33,3340513.09,4.0,0
Mendocino,Redwood,Agricultural Distribution,445320,"Beer, Wine, and Liquor Retailers",37.61,4831485.16,1823072.49,6.0,0
Mendocino,Redwood,Agricultural Distribution,456191,Food (Health) Supplement Retailers,25.12,2083392.59,659124.75,3.0,0
Mendocino,Redwood,Agricultural Distribution,459310,Florists,26.66,2257868.91,756127.03,2.0,0
Mendocino,Redwood,Agricultural Distribution,484230,"Specialized Freight (except Used Goods) Trucking, Long-Distance",10.0,1253343.79,452938.5,0.0,1
Mendocino,Redwood,Outdoor Recreation,487110,"Scenic and Sightseeing Transportation, Land",74.24,8430850.75,3644254.59,1.0,0
Mendocino,Redwood,Outdoor Recreation,487210,"Scenic and Sightseeing Transportation, Water",17.6,1464732.12,632372.68,7.0,0
Mendocino,Redwood,Agricultural Distribution,493120,Refrigerated Warehousing and Storage,31.8,3739488.78,2352961.97,1.0,0
Mendocino,Redwood,Outdoor Recreation,532284,Recreational Goods Rental,10.0,806194.85,211476.81,1.25,1
Mendocino,Redwood,Mining,532412,"Construction, Mining, and Forestry Machinery and Equipment Rental and Leasing",18.53,11180200.11,1407601.28,3.0,0
Mendocino,Redwood,Agricultural Support,541620,Environmental Consulting Services,50.0,3503015.71,2138365.38,6.0,0
Mendocino,Redwood,Agricultural Support,541690,Other Scientific and Technical Consulting Services,124.83,7020583.36,4286085.45,12.25,0
Mendocino,Redwood,Agricultural Distribution,624210,Community Food Services,47.89,2485902.83,1818452.94,7.0,0
Mendocino,Redwood,Outdoor Recreation,712130,Zoos and Botanical Gardens,22.22,4038509.43,1309414.2,1.0,0
Mendocino,Redwood,Outdoor Recreation,712190,Nature Parks and Other Similar Institutions,28.47,3819861.34,1235465.41,5.0,0
Mendocino,Redwood,Outdoor Recreation,713930,Marinas,10.0,111549.59,43456.04,0.0,1
Mendocino,Redwood,Outdoor Recreation,713990,All Other Amusement and Recreation Industries,41.61,3267028.73,1264508.61,7.75,0
Mendocino,Redwood,Outdoor Recreation,721211,RV (Recreational Vehicle) Parks and Campgrounds,160.51,20379001.92,5373149.98,14.0,0
Mendocino,Redwood,Outdoor Recreation,721214,Recreational and Vacation Camps (except Campgrounds),18.4,2358501.63,620319.7,4.0,0
Merced,Northern San Joaquin,Agricultural Production,111000,Crop Production,4817.17,1263711639.04,289756871.49,330.75,0
Merced,Northern San Joaquin,Agricultural Production,112000,Animal Production,3844.22,1598828597.47,280199484.28,216.75,0
Merced,Northern San Joaquin,Forestry,113210,Forest Nurseries and Gathering of Forest Products,10.0,150161.02,61848.31,1.0,1
Merced,Northern San Joaquin,Forestry,113310,Logging,10.0,235409.76,93073.67,0.0,1
Merced,Northern San Joaquin,Fishing,114111,Finfish Fishing,10.0,200534.37,77062.2,0.0,1
Merced,Northern San Joaquin,Fishing,114112,Shellfish Fishing,10.0,123461.79,46949.76,0.0,1
Merced,Northern San Joaquin,Outdoor Recreation,114210,Hunting and Trapping,10.0,669978.03,253485.44,0.0,1
Merced,Northern San Joaquin,Agricultural Processing,115111,Cotton Ginning,10.0,624288.9,538819.41,1.25,1
Merced,Northern San Joaquin,Agricultural Production,115112,"Soil Preparation, Planting, and Cultivating",979.43,58196495.56,50458368.83,36.5,0
Merced,Northern San Joaquin,Agricultural Production,115113,"Crop Harvesting, Primarily by Machine",416.73,33892181.03,29409348.46,27.0,0
Merced,Northern San Joaquin,Agricultural Production,115114,Postharvest Crop Activities (except Cotton Ginning),1769.18,121693812.4,105796988.44,27.0,0
Merced,Northern San Joaquin,Agricultural Support,115115,Farm Labor Contractors and Crew Leaders,3552.83,214490060.4,171246517.75,50.0,0
Merced,Northern San Joaquin,Agricultural Support,115116,Farm Management Services,92.0,8086731.05,7030216.89,13.5,0
Merced,Northern San Joaquin,Agricultural Support,115210,Support Activities for Animal Production,115.68,5400924.18,4676802.76,12.5,0
Merced,Northern San Joaquin,Forestry,115310,Support Activities for Forestry,36.83,4924753.37,4261673.62,1.5,0
Merced,Northern San Joaquin,Mining,211120,Crude Petroleum Extraction,94.66,17996757.52,1644432.27,0.0,0
Merced,Northern San Joaquin,Mining,211130,Natural Gas Extraction,32.06,4317380.24,397186.84,0.0,0
Merced,Northern San Joaquin,Mining,212210,Iron Ore Mining,10.0,138156.41,25082.04,0.0,1
Merced,Northern San Joaquin,Mining,212220,Gold Ore and Silver Ore Mining,10.0,974075.73,184556.68,0.0,1
Merced,Northern San Joaquin,Mining,212321,Construction Sand and Gravel Mining,10.0,797802.86,214339.69,1.0,1
Merced,Northern San Joaquin,Mining,213111,Drilling Oil and Gas Wells,10.0,81720.54,22699.67,0.0,1
Merced,Northern San Joaquin,Mining,213112,Support Activities for Oil and Gas Operations,10.0,305210.58,110677.85,0.0,1
Merced,Northern San Joaquin,Renewable Energy,221114,Solar Electric Power Generation,10.0,765314.8,105869.3,1.0,1
Merced,Northern San Joaquin,Renewable Energy,221115,Wind Electric Power Generation,10.0,368368.44,49487.94,0.0,1
Merced,Northern San Joaquin,Renewable Energy,221117,Biomass Electric Power Generation,0.0,115509.87,15931.3,0.25,0
Merced,Northern San Joaquin,Agricultural Support,221310,Water Supply and Irrigation Systems,27.5,9065891.09,2857578.0,6.5,0
Merced,Northern San Joaquin,Agricultural Processing,311111,Dog and Cat Food Manufacturing,10.0,2403850.71,252590.56,0.5,1
Merced,Northern San Joaquin,Agricultural Processing,311119,Other Animal Food Manufacturing,154.84,165935117.92,14271060.48,8.0,0
Merced,Northern San Joaquin,Agricultural Processing,311212,Rice Milling,26.17,19730928.97,2090369.77,1.0,0
Merced,Northern San Joaquin,Agricultural Processing,311411,"Frozen Fruit, Juice, and Vegetable Manufacturing",529.57,249872830.84,44278519.56,1.5,0
Merced,Northern San Joaquin,Agricultural Processing,311412,Frozen Specialty Food Manufacturing,10.0,121331.96,21500.79,0.0,1
Merced,Northern San Joaquin,Agricultural Processing,311421,Fruit and Vegetable Canning,1297.16,570313078.9,106933668.77,6.0,0
Merced,Northern San Joaquin,Agricultural Processing,311422,Specialty Canning,22.48,10876848.97,2033638.41,1.0,0
Merced,Northern San Joaquin,Agricultural Processing,311423,Dried and Dehydrated Food Manufacturing,58.17,29322745.44,5511562.01,1.0,0
Merced,Northern San Joaquin,Agricultural Processing,311511,Fluid Milk Manufacturing,1116.16,1187033666.66,134379487.75,3.0,0
Merced,Northern San Joaquin,Agricultural Processing,311513,Cheese Manufacturing,632.93,816126017.24,62108631.41,3.0,0
Merced,Northern San Joaquin,Agricultural Processing,311514,"Dry, Condensed, and Evaporated Dairy Product Manufacturing",56.59,103566385.24,7820852.69,1.0,0
Merced,Northern San Joaquin,Agricultural Processing,311520,Ice Cream and Frozen Dessert Manufacturing,10.0,1347014.38,257313.15,1.0,1
Merced,Northern San Joaquin,Agricultural Processing,311611,Animal (except Poultry) Slaughtering,144.58,71493511.44,8509116.14,3.25,0
Merced,Northern San Joaquin,Agricultural Processing,311612,Meat Processed from Carcasses,398.63,214991977.04,25206816.69,2.0,0
Merced,Northern San Joaquin,Agricultural Processing,311615,Poultry Processing,2170.84,650228686.65,105803988.32,28.0,0
Merced,Northern San Joaquin,Agricultural Processing,311811,Retail Bakeries,48.2,4795448.26,1422261.17,6.5,0
Merced,Northern San Joaquin,Agricultural Processing,311812,Commercial Bakeries,28.53,3998149.9,1182741.93,3.0,0
Merced,Northern San Joaquin,Agricultural Processing,311830,Tortilla Manufacturing,10.0,664496.42,125869.84,1.0,1
Merced,Northern San Joaquin,Agricultural Processing,311911,Roasted Nuts and Peanut Butter Manufacturing,84.58,59649063.88,6100371.7,3.0,0
Merced,Northern San Joaquin,Agricultural Processing,311919,Other Snack Food Manufacturing,10.0,191956.45,19631.33,0.0,1
Merced,Northern San Joaquin,Agricultural Processing,311920,Coffee and Tea Manufacturing,10.0,410376.74,58162.98,0.0,1
Merced,Northern San Joaquin,Agricultural Processing,311941,"Mayonnaise, Dressing, and Other Prepared Sauce Manufacturing",10.0,206805.73,35840.74,0.0,1
Merced,Northern San Joaquin,Agricultural Processing,311991,Perishable Prepared Food Manufacturing,10.0,242931.69,44134.71,0.0,1
Merced,Northern San Joaquin,Agricultural Processing,311999,All Other Miscellaneous Food Manufacturing,10.0,716291.46,130014.68,0.0,1
Merced,Northern San Joaquin,Agricultural Processing,312112,Bottled Water Manufacturing,32.11,14997336.58,2754748.59,1.0,0
Merced,Northern San Joaquin,Agricultural Processing,312120,Breweries,38.07,13232124.66,2027455.89,1.0,0
Merced,Northern San Joaquin,Agricultural Processing,312130,Wineries,145.27,56937072.34,12460584.26,2.0,0
Merced,Northern San Joaquin,Agricultural Processing,312140,Distilleries,25.4,26137956.3,2062961.06,1.0,0
Merced,Northern San Joaquin,Agricultural Processing,316990,Other Leather and Allied Product Manufacturing,10.0,192072.74,51587.93,0.0,1
Merced,Northern San Joaquin,Forestry,321113,Sawmills,10.0,191424.87,28425.17,0.0,1
Merced,Northern San Joaquin,Forestry,321215,Engineered Wood Member Manufacturing,13.97,6027192.97,1053207.97,1.0,0
Merced,Northern San Joaquin,Forestry,321911,Wood Window and Door Manufacturing,10.0,284157.67,60674.4,0.0,1
Merced,Northern San Joaquin,Forestry,321918,Other Millwork (including Flooring),10.0,126579.72,26810.84,0.0,1
Merced,Northern San Joaquin,Forestry,321920,Wood Container and Pallet Manufacturing,19.11,4118520.69,1024646.68,2.75,0
Merced,Northern San Joaquin,Forestry,321992,Prefabricated Wood Building Manufacturing,10.0,998249.3,248605.28,0.25,1
Merced,Northern San Joaquin,Forestry,321999,All Other Miscellaneous Wood Product Manufacturing,10.0,895283.76,222518.76,0.0,1
Merced,Northern San Joaquin,Forestry,322211,Corrugated and Solid Fiber Box Manufacturing,225.52,101894246.45,19029695.43,1.0,0
Merced,Northern San Joaquin,Agricultural Support,325314,Fertilizer (Mixing Only) Manufacturing,51.28,37634591.36,5224465.6,1.25,0
Merced,Northern San Joaquin,Agricultural Support,325320,Pesticide and Other Agricultural Chemical Manufacturing,10.0,613730.41,61874.99,1.0,1
Merced,Northern San Joaquin,Mining,327320,Ready-Mix Concrete Manufacturing,137.98,46965251.15,10591039.55,5.0,0
Merced,Northern San Joaquin,Mining,327410,Lime Manufacturing,10.0,1773967.09,262438.5,0.0,1
Merced,Northern San Joaquin,Mining,327991,Cut Stone and Stone Product Manufacturing,21.04,3693102.72,1416348.7,1.0,0
Merced,Northern San Joaquin,Mining,327992,Ground or Treated Mineral and Earth Manufacturing,10.0,366998.39,46357.43,0.5,1
Merced,Northern San Joaquin,Agricultural Support,333111,Farm Machinery and Equipment Manufacturing,303.35,118882730.87,24215631.58,9.0,0
Merced,Northern San Joaquin,Agricultural Processing,333241,Food Product Machinery Manufacturing,36.88,11245171.53,3047887.45,1.0,0
Merced,Northern San Joaquin,Forestry,337110,Wood Kitchen Cabinet and Countertop Manufacturing,27.29,3264412.35,1473384.51,2.0,0
Merced,Northern San Joaquin,Mining,423320,"Brick, Stone, and Related Construction Material Merchant Wholesalers",25.86,7316672.47,2234365.09,5.0,0
Merced,Northern San Joaquin,Agricultural Support,423820,Farm and Garden Machinery and Equipment Merchant Wholesalers,261.06,73377992.79,25167325.59,14.5,0
Merced,Northern San Joaquin,Agricultural Distribution,424410,General Line Grocery Merchant Wholesalers,399.72,101883690.07,33919325.21,2.5,0
Merced,Northern San Joaquin,Agricultural Distribution,424420,Packaged Frozen Food Merchant Wholesalers,10.0,93124.58,30961.24,0.0,1
Merced,Northern San Joaquin,Agricultural Distribution,424430,Dairy Product (except Dried or Canned) Merchant Wholesalers,10.0,574112.39,190280.0,1.0,1
Merced,Northern San Joaquin,Agricultural Distribution,424450,Confectionery Merchant Wholesalers,97.97,21229107.51,7040881.53,2.5,0
Merced,Northern San Joaquin,Fishing,424460,Fish and Seafood Merchant Wholesalers,10.0,88017.28,29353.49,0.0,1
Merced,Northern San Joaquin,Agricultural Distribution,424470,Meat and Meat Product Merchant Wholesalers,34.81,6226918.99,2074491.59,3.0,0
Merced,Northern San Joaquin,Agricultural Distribution,424480,Fresh Fruit and Vegetable Merchant Wholesalers,129.01,21359216.27,7123567.97,7.75,0
Merced,Northern San Joaquin,Agricultural Distribution,424490,Other Grocery and Related Products Merchant Wholesalers,243.91,57305988.11,19070049.15,10.25,0
Merced,Northern San Joaquin,Agricultural Distribution,424510,Grain and Field Bean Merchant Wholesalers,11.07,2251482.3,539938.49,1.0,0
Merced,Northern San Joaquin,Agricultural Distribution,424520,Livestock Merchant Wholesalers,10.0,1214706.15,288580.64,2.0,1
Merced,Northern San Joaquin,Agricultural Distribution,424590,Other Farm Product Raw Material Merchant Wholesalers,199.53,57346941.7,13822009.26,2.5,0
Merced,Northern San Joaquin,Agricultural Distribution,424910,Farm Supplies Merchant Wholesalers,219.99,81905404.28,19713464.0,16.0,0
Merced,Northern San Joaquin,Agricultural Distribution,424930,"Flower, Nursery Stock, and Florists' Supplies Merchant Wholesalers",19.29,1542742.69,372555.14,1.0,0
Merced,Northern San Joaquin,Agricultural Distribution,424990,Other Miscellaneous Nondurable Goods Merchant Wholesalers,29.32,7684639.25,1862096.79,2.0,0
Merced,Northern San Joaquin,Agricultural Support,444240,"Nursery, Garden Center, and Farm Supply Retailers",169.38,30870075.99,8841709.29,10.25,0
Merced,Northern San Joaquin,Agricultural Distribution,445230,Fruit and Vegetable Markets,49.78,4799807.13,1827120.4,4.0,0
Merced,Northern San Joaquin,Agricultural Distribution,445240,Meat Retailers,46.95,5444677.38,2057129.55,7.75,0
Merced,Northern San Joaquin,Agricultural Distribution,445291,Baked Goods Stores,11.07,990795.14,373982.11,0.0,0
Merced,Northern San Joaquin,Agricultural Distribution,445292,Confectionery and Nut Stores,24.75,2538648.63,960868.02,3.0,0
Merced,Northern San Joaquin,Agricultural Distribution,445298,All Other Specialty Food Retailers,104.01,9828288.82,3727701.11,6.0,0
Merced,Northern San Joaquin,Agricultural Distribution,445320,"Beer, Wine, and Liquor Retailers",70.21,6998280.06,2640672.88,12.75,0
Merced,Northern San Joaquin,Agricultural Distribution,456191,Food (Health) Supplement Retailers,89.03,5398184.53,1707828.41,5.0,0
Merced,Northern San Joaquin,Agricultural Distribution,459310,Florists,76.4,2634133.18,882132.39,2.0,0
Merced,Northern San Joaquin,Agricultural Distribution,484230,"Specialized Freight (except Used Goods) Trucking, Long-Distance",71.18,13054600.1,4717724.73,11.0,0
Merced,Northern San Joaquin,Outdoor Recreation,487110,"Scenic and Sightseeing Transportation, Land",10.0,146233.23,63209.65,0.0,1
Merced,Northern San Joaquin,Outdoor Recreation,487210,"Scenic and Sightseeing Transportation, Water",10.0,627731.89,271012.35,0.0,1
Merced,Northern San Joaquin,Agricultural Distribution,493120,Refrigerated Warehousing and Storage,10.0,28742.15,18085.14,0.0,1
Merced,Northern San Joaquin,Mining,532412,"Construction, Mining, and Forestry Machinery and Equipment Rental and Leasing",46.48,32282279.31,4064379.63,2.0,0
Merced,Northern San Joaquin,Agricultural Support,541620,Environmental Consulting Services,33.28,1726902.51,1054162.72,0.0,0
Merced,Northern San Joaquin,Agricultural Support,541690,Other Scientific and Technical Consulting Services,207.57,23666618.29,14448535.56,20.5,0
Merced,Northern San Joaquin,Agricultural Distribution,624210,Community Food Services,30.98,2408952.08,1762163.0,3.0,0
Merced,Northern San Joaquin,Outdoor Recreation,712190,Nature Parks and Other Similar Institutions,10.0,37877.58,12250.82,0.0,1
Merced,Northern San Joaquin,Outdoor Recreation,713930,Marinas,10.0,609494.71,237439.01,1.0,1
Merced,Northern San Joaquin,Outdoor Recreation,713990,All Other Amusement and Recreation Industries,260.59,27884815.46,10792861.73,10.0,0
Merced,Northern San Joaquin,Outdoor Recreation,721211,RV (Recreational Vehicle) Parks and Campgrounds,10.0,739084.13,194867.73,2.0,1
Merced,Northern San Joaquin,Outdoor Recreation,721214,Recreational and Vacation Camps (except Campgrounds),10.0,54386.6,14304.45,0.0,1
Modoc,North State,Agricultural Production,111000,Crop Production,378.46,112390552.89,25770068.09,20.5,0
Modoc,North State,Agricultural Production,112000,Animal Production,135.0,37538587.35,6578749.49,24.5,0
Modoc,North State,Forestry,113310,Logging,17.16,2055839.51,812814.82,2.0,0
Modoc,North State,Fishing,114111,Finfish Fishing,10.0,114297.55,43922.75,0.0,1
Modoc,North State,Agricultural Production,115112,"Soil Preparation, Planting, and Cultivating",99.83,7840946.25,6798370.83,2.0,0
Modoc,North State,Agricultural Production,115113,"Crop Harvesting, Primarily by Machine",10.0,398643.09,345915.58,1.0,1
Modoc,North State,Agricultural Production,115114,Postharvest Crop Activities (except Cotton Ginning),10.0,39201.05,34080.23,0.0,1
Modoc,North State,Agricultural Support,115115,Farm Labor Contractors and Crew Leaders,10.0,687351.89,548774.23,0.0,1
Modoc,North State,Agricultural Support,115116,Farm Management Services,10.0,341269.04,296682.97,1.0,1
Modoc,North State,Agricultural Support,115210,Support Activities for Animal Production,17.66,588481.9,509582.01,2.0,0
Modoc,North State,Forestry,115310,Support Activities for Forestry,12.38,615965.24,533030.31,1.0,0
Modoc,North State,Mining,212220,Gold Ore and Silver Ore Mining,10.0,165439.91,31345.65,0.0,1
Modoc,North State,Mining,213112,Support Activities for Oil and Gas Operations,10.0,31631.66,11470.52,0.0,1
Modoc,North State,Renewable Energy,221114,Solar Electric Power Generation,10.0,739514.46,102300.23,0.0,1
Modoc,North State,Agricultural Support,221310,Water Supply and Irrigation Systems,10.0,334950.11,105576.61,0.0,1
Modoc,North State,Agricultural Processing,311421,Fruit and Vegetable Canning,10.0,244483.84,45840.71,0.0,1
Modoc,North State,Agricultural Processing,311423,Dried and Dehydrated Food Manufacturing,10.0,94897.84,17837.19,0.0,1
Modoc,North State,Agricultural Processing,311513,Cheese Manufacturing,10.0,878494.31,66854.97,1.0,1
Modoc,North State,Agricultural Processing,311520,Ice Cream and Frozen Dessert Manufacturing,10.0,171709.52,32800.78,0.0,1
Modoc,North State,Agricultural Processing,311611,Animal (except Poultry) Slaughtering,10.0,678337.55,80735.34,0.0,1
Modoc,North State,Agricultural Processing,311612,Meat Processed from Carcasses,10.0,932655.86,109349.59,0.0,1
Modoc,North State,Agricultural Processing,312130,Wineries,10.0,1190021.93,260434.33,0.0,1
Modoc,North State,Agricultural Processing,316110,Leather and Hide Tanning and Finishing,10.0,337378.09,90974.34,0.0,1
Modoc,North State,Agricultural Processing,316990,Other Leather and Allied Product Manufacturing,10.0,280617.81,75369.85,0.0,1
Modoc,North State,Forestry,321911,Wood Window and Door Manufacturing,10.0,66413.1,14180.77,0.0,1
Modoc,North State,Forestry,321918,Other Millwork (including Flooring),10.0,71884.83,15225.92,0.0,1
Modoc,North State,Forestry,321920,Wood Container and Pallet Manufacturing,10.0,46754.45,11632.04,0.0,1
Modoc,North State,Forestry,321999,All Other Miscellaneous Wood Product Manufacturing,10.0,191808.35,47673.11,0.0,1
Modoc,North State,Mining,327320,Ready-Mix Concrete Manufacturing,10.0,858131.73,193515.57,1.0,1
Modoc,North State,Agricultural Support,333111,Farm Machinery and Equipment Manufacturing,10.0,330726.24,67366.76,1.0,1
Modoc,North State,Forestry,337110,Wood Kitchen Cabinet and Countertop Manufacturing,10.0,37590.17,16966.23,0.0,1
Modoc,North State,Forestry,423310,"Lumber, Plywood, Millwork, and Wood Panel Merchant Wholesalers",10.0,65956.95,20107.83,1.0,1
Modoc,North State,Mining,423520,Coal and Other Mineral and Ore Merchant Wholesalers,12.17,2488898.31,780069.73,1.0,0
Modoc,North State,Agricultural Distribution,424410,General Line Grocery Merchant Wholesalers,11.54,2290623.28,762598.96,1.0,0
Modoc,North State,Fishing,424460,Fish and Seafood Merchant Wholesalers,10.0,69126.68,23053.54,1.0,1
Modoc,North State,Agricultural Distribution,424490,Other Grocery and Related Products Merchant Wholesalers,10.0,168976.44,56231.28,1.0,1
Modoc,North State,Agricultural Distribution,424520,Livestock Merchant Wholesalers,23.34,5647070.43,1341588.01,1.0,0
Modoc,North State,Agricultural Distribution,424910,Farm Supplies Merchant Wholesalers,10.0,3622784.49,871952.62,2.0,1
Modoc,North State,Agricultural Distribution,424930,"Flower, Nursery Stock, and Florists' Supplies Merchant Wholesalers",10.0,133632.17,32270.68,1.0,1
Modoc,North State,Outdoor Recreation,441222,Boat Dealers,10.0,215082.97,65586.95,0.0,1
Modoc,North State,Agricultural Support,444240,"Nursery, Garden Center, and Farm Supply Retailers",10.0,965619.78,276569.76,1.0,1
Modoc,North State,Agricultural Distribution,445298,All Other Specialty Food Retailers,10.0,46842.71,17766.63,0.0,1
Modoc,North State,Agricultural Distribution,445320,"Beer, Wine, and Liquor Retailers",10.0,563728.19,212712.51,1.0,1
Modoc,North State,Agricultural Distribution,456191,Food (Health) Supplement Retailers,10.0,727720.74,230229.65,0.0,1
Modoc,North State,Agricultural Distribution,484230,"Specialized Freight (except Used Goods) Trucking, Long-Distance",10.0,155448.8,56176.72,0.0,1
Modoc,North State,Outdoor Recreation,487110,"Scenic and Sightseeing Transportation, Land",10.0,11931.6,5157.46,0.0,1
Modoc,North State,Outdoor Recreation,487210,"Scenic and Sightseeing Transportation, Water",10.0,48401.82,20896.65,0.0,1
Modoc,North State,Agricultural Distribution,493120,Refrigerated Warehousing and Storage,10.0,21891.07,13774.31,0.0,1
Modoc,North State,Mining,541360,Geophysical Surveying and Mapping Services,10.0,916945.89,460768.21,1.0,1
Modoc,North State,Agricultural Support,541690,Other Scientific and Technical Consulting Services,10.0,115527.74,70530.0,0.0,1
Modoc,North State,Outdoor Recreation,713930,Marinas,10.0,92106.78,35881.76,0.0,1
Modoc,North State,Outdoor Recreation,713990,All Other Amusement and Recreation Industries,12.74,905307.63,350400.74,0.0,0
Mono,Sierra,Agricultural Production,111000,Crop Production,40.3,10547611.64,2418465.46,5.0,0
Mono,Sierra,Agricultural Production,112000,Animal Production,51.49,12079621.65,2116989.75,5.0,0
Mono,Sierra,Forestry,113310,Logging,10.0,735902.01,290952.7,2.0,1
Mono,Sierra,Fishing,114111,Finfish Fishing,10.0,740515.98,284568.64,0.0,1
Mono,Sierra,Fishing,114112,Shellfish Fishing,10.0,82190.41,31255.18,0.0,1
Mono,Sierra,Agricultural Support,115115,Farm Labor Contractors and Crew Leaders,10.0,152699.2,121913.37,0.0,1
Mono,Sierra,Agricultural Support,115210,Support Activities for Animal Production,24.61,405233.82,350902.66,0.0,0
Mono,Sierra,Mining,211120,Crude Petroleum Extraction,14.64,38395398.24,3508333.76,1.0,0
Mono,Sierra,Mining,212220,Gold Ore and Silver Ore Mining,10.0,231666.22,43893.45,0.0,1
Mono,Sierra,Mining,212321,Construction Sand and Gravel Mining,10.0,538840.77,144766.29,0.0,1
Mono,Sierra,Mining,213111,Drilling Oil and Gas Wells,10.0,43120.07,11977.54,0.0,1
Mono,Sierra,Mining,213112,Support Activities for Oil and Gas Operations,10.0,149596.04,54247.69,0.0,1
Mono,Sierra,Agricultural Support,221310,Water Supply and Irrigation Systems,10.0,657775.38,207331.46,2.0,1
Mono,Sierra,Agricultural Processing,311224,Soybean and Other Oilseed Processing,10.0,1158219.26,25177.77,0.0,1
Mono,Sierra,Agricultural Processing,311421,Fruit and Vegetable Canning,10.0,177785.4,33334.75,0.0,1
Mono,Sierra,Agricultural Processing,311520,Ice Cream and Frozen Dessert Manufacturing,10.0,219695.39,41967.27,0.0,1
Mono,Sierra,Agricultural Processing,311611,Animal (except Poultry) Slaughtering,10.0,620979.68,73908.64,0.0,1
Mono,Sierra,Agricultural Processing,311612,Meat Processed from Carcasses,10.0,856220.96,100387.95,0.0,1
Mono,Sierra,Agricultural Processing,312120,Breweries,30.34,9466083.99,1450414.67,3.0,0
Mono,Sierra,Agricultural Processing,312130,Wineries,29.7,10738062.32,2350007.21,1.5,0
Mono,Sierra,Agricultural Processing,312140,Distilleries,17.86,16382601.44,1293011.15,1.0,0
Mono,Sierra,Forestry,321911,Wood Window and Door Manufacturing,10.0,85379.69,18230.59,0.0,1
Mono,Sierra,Forestry,321918,Other Millwork (including Flooring),10.0,76545.5,16213.09,0.0,1
Mono,Sierra,Forestry,321920,Wood Container and Pallet Manufacturing,10.0,45884.09,11415.5,0.0,1
Mono,Sierra,Forestry,321999,All Other Miscellaneous Wood Product Manufacturing,10.0,1175878.61,292259.35,1.0,1
Mono,Sierra,Mining,327320,Ready-Mix Concrete Manufacturing,10.0,970517.78,218859.52,2.0,1
Mono,Sierra,Forestry,337110,Wood Kitchen Cabinet and Countertop Manufacturing,10.0,47936.65,21636.09,0.0,1
Mono,Sierra,Forestry,423310,"Lumber, Plywood, Millwork, and Wood Panel Merchant Wholesalers",10.0,428022.39,130488.17,0.0,1
Mono,Sierra,Mining,423320,"Brick, Stone, and Related Construction Material Merchant Wholesalers",10.0,226805.63,69261.89,0.0,1
Mono,Sierra,Agricultural Distribution,424480,Fresh Fruit and Vegetable Merchant Wholesalers,10.0,126508.9,42192.31,0.0,1
Mono,Sierra,Agricultural Distribution,424490,Other Grocery and Related Products Merchant Wholesalers,10.0,240280.64,79959.6,0.0,1
Mono,Sierra,Agricultural Distribution,424590,Other Farm Product Raw Material Merchant Wholesalers,10.0,223780.36,53936.51,1.0,1
Mono,Sierra,Agricultural Distribution,445298,All Other Specialty Food Retailers,10.0,245791.23,93224.39,0.0,1
Mono,Sierra,Agricultural Distribution,445320,"Beer, Wine, and Liquor Retailers",10.0,239791.79,90481.04,1.0,1
Mono,Sierra,Agricultural Distribution,456191,Food (Health) Supplement Retailers,13.18,2067095.89,653968.95,1.0,0
Mono,Sierra,Agricultural Distribution,459310,Florists,10.0,34395.79,11518.64,0.0,1
Mono,Sierra,Outdoor Recreation,487110,"Scenic and Sightseeing Transportation, Land",10.0,18936.42,8185.31,0.0,1
Mono,Sierra,Outdoor Recreation,487210,"Scenic and Sightseeing Transportation, Water",10.0,79773.08,34440.64,0.0,1
Mono,Sierra,Agricultural Distribution,493120,Refrigerated Warehousing and Storage,10.0,32959.14,20738.56,0.0,1
Mono,Sierra,Outdoor Recreation,532284,Recreational Goods Rental,30.55,4857397.46,1274167.03,5.0,0
Mono,Sierra,Mining,532412,"Construction, Mining, and Forestry Machinery and Equipment Rental and Leasing",10.0,450162.53,56676.03,1.0,1
Mono,Sierra,Mining,541360,Geophysical Surveying and Mapping Services,10.0,156920.09,78852.84,1.0,1
Mono,Sierra,Agricultural Support,541620,Environmental Consulting Services,10.0,124372.0,75921.09,0.0,1
Mono,Sierra,Agricultural Support,541690,Other Scientific and Technical Consulting Services,24.05,2206935.94,1347340.46,2.0,0
Mono,Sierra,Outdoor Recreation,713920,Skiing Facilities,10.0,442256.06,168377.11,2.0,1
Mono,Sierra,Outdoor Recreation,713930,Marinas,17.42,2415151.92,940863.43,2.0,0
Mono,Sierra,Outdoor Recreation,713990,All Other Amusement and Recreation Industries,29.72,3429630.22,1327443.78,9.0,0
Mono,Sierra,Outdoor Recreation,721211,RV (Recreational Vehicle) Parks and Campgrounds,64.14,10893042.22,2872071.45,13.0,0
Mono,Sierra,Outdoor Recreation,721214,Recreational and Vacation Camps (except Campgrounds),26.45,5736977.5,1508907.24,2.0,0
Monterey,Central Coast,Agricultural Production,111000,Crop Production,20892.11,5491554863.07,1259160482.19,348.75,0
Monterey,Central Coast,Agricultural Production,112000,Animal Production,175.6,61626794.29,10800279.66,40.5,0
Monterey,Central Coast,Forestry,113110,Timber Tract Operations,10.0,93748.45,38366.48,0.0,1
Monterey,Central Coast,Forestry,113210,Forest Nurseries and Gathering of Forest Products,10.0,1888207.06,777714.57,2.0,1
Monterey,Central Coast,Forestry,113310,Logging,27.39,4210076.92,1664533.1,0.0,0
Monterey,Central Coast,Fishing,114111,Finfish Fishing,228.5,38276522.93,14709065.47,6.0,0
Monterey,Central Coast,Fishing,114112,Shellfish Fishing,41.98,2505900.55,952938.09,2.0,0
Monterey,Central Coast,Fishing,114119,Other Marine Fishing,10.0,84159.08,32130.36,0.0,1
Monterey,Central Coast,Outdoor Recreation,114210,Hunting and Trapping,21.27,1038868.8,393054.85,0.0,0
Monterey,Central Coast,Agricultural Processing,115111,Cotton Ginning,10.0,272248.98,234976.2,0.0,1
Monterey,Central Coast,Agricultural Production,115112,"Soil Preparation, Planting, and Cultivating",603.28,53912318.21,46743839.3,20.0,0
Monterey,Central Coast,Agricultural Production,115113,"Crop Harvesting, Primarily by Machine",1744.38,116500807.11,101091541.7,10.75,0
Monterey,Central Coast,Agricultural Production,115114,Postharvest Crop Activities (except Cotton Ginning),9085.5,888391000.44,772340766.95,41.75,0
Monterey,Central Coast,Agricultural Support,115115,Farm Labor Contractors and Crew Leaders,26370.82,1650670979.69,1317877652.2,98.25,0
Monterey,Central Coast,Agricultural Support,115116,Farm Management Services,340.81,37214887.56,32352841.9,11.5,0
Monterey,Central Coast,Agricultural Support,115210,Support Activities for Animal Production,106.57,3030697.38,2624360.83,10.25,0
Monterey,Central Coast,Forestry,115310,Support Activities for Forestry,83.72,4027746.42,3485441.68,1.0,0
Monterey,Central Coast,Mining,211120,Crude Petroleum Extraction,181.2,477201684.55,43603735.26,1.0,0
Monterey,Central Coast,Mining,211130,Natural Gas Extraction,54.54,44994859.17,4139400.54,1.0,0
Monterey,Central Coast,Mining,212114,Surface Coal Mining,10.0,36238.08,4939.69,0.0,1
Monterey,Central Coast,Mining,212220,Gold Ore and Silver Ore Mining,10.0,358760.28,67973.78,0.0,1
Monterey,Central Coast,Mining,212313,Crushed and Broken Granite Mining and Quarrying,113.48,57070898.24,12293868.25,1.0,0
Monterey,Central Coast,Mining,212321,Construction Sand and Gravel Mining,22.47,9560942.34,2568666.43,1.75,0
Monterey,Central Coast,Mining,212322,Industrial Sand Mining,10.0,3226291.84,844235.07,1.0,1
Monterey,Central Coast,Mining,213111,Drilling Oil and Gas Wells,10.0,761988.45,211658.95,0.0,1
Monterey,Central Coast,Mining,213112,Support Activities for Oil and Gas Operations,66.93,10397707.79,3770498.37,3.0,0
Monterey,Central Coast,Mining,213113,Support Activities for Coal Mining,10.0,106580.32,35416.33,0.0,1
Monterey,Central Coast,Mining,213114,Support Activities for Metal Mining,10.0,1509158.01,529309.68,0.0,1
Monterey,Central Coast,Mining,213115,Support Activities for Nonmetallic Minerals (except Fuels) Mining,10.0,200312.76,68774.39,0.0,1
Monterey,Central Coast,Renewable Energy,221111,Hydroelectric Power Generation,38.38,66608738.2,9250223.95,2.0,0
Monterey,Central Coast,Renewable Energy,221114,Solar Electric Power Generation,10.0,496525.72,68686.55,0.0,1
Monterey,Central Coast,Renewable Energy,221115,Wind Electric Power Generation,10.0,443777.65,59618.68,0.0,1
Monterey,Central Coast,Renewable Energy,221117,Biomass Electric Power Generation,10.0,541018.24,74618.09,0.0,1
Monterey,Central Coast,Renewable Energy,221118,Other Electric Power Generation,10.0,2973670.19,410013.75,1.0,1
Monterey,Central Coast,Agricultural Support,221310,Water Supply and Irrigation Systems,161.54,45471890.3,14332785.59,14.5,0
Monterey,Central Coast,Agricultural Processing,311111,Dog and Cat Food Manufacturing,10.0,3090117.35,324701.72,0.75,1
Monterey,Central Coast,Agricultural Processing,311119,Other Animal Food Manufacturing,10.0,4147639.47,356713.0,2.0,1
Monterey,Central Coast,Agricultural Processing,311340,Nonchocolate Confectionery Manufacturing,43.99,10944016.19,1549363.98,1.0,0
Monterey,Central Coast,Agricultural Processing,311411,"Frozen Fruit, Juice, and Vegetable Manufacturing",34.37,12047714.05,2134905.75,1.0,0
Monterey,Central Coast,Agricultural Processing,311412,Frozen Specialty Food Manufacturing,10.0,147022.79,26053.36,0.0,1
Monterey,Central Coast,Agricultural Processing,311421,Fruit and Vegetable Canning,49.72,14921915.5,2797858.28,3.5,0
Monterey,Central Coast,Agricultural Processing,311422,Specialty Canning,10.0,139930.2,26162.67,0.0,1
Monterey,Central Coast,Agricultural Processing,311423,Dried and Dehydrated Food Manufacturing,10.0,1521489.4,285982.2,2.0,1
Monterey,Central Coast,Agricultural Processing,311511,Fluid Milk Manufacturing,12.98,5995577.39,678736.11,1.5,0
Monterey,Central Coast,Agricultural Processing,311513,Cheese Manufacturing,10.0,2049694.84,155985.4,1.0,1
Monterey,Central Coast,Agricultural Processing,311520,Ice Cream and Frozen Dessert Manufacturing,10.0,482012.25,92076.29,2.0,1
Monterey,Central Coast,Agricultural Processing,311611,Animal (except Poultry) Slaughtering,10.0,1391795.06,165650.64,1.0,1
Monterey,Central Coast,Agricultural Processing,311612,Meat Processed from Carcasses,10.0,162243.31,19022.28,1.0,1
Monterey,Central Coast,Fishing,311710,Seafood Product Preparation and Packaging,20.12,8469579.96,1644091.07,1.0,0
Monterey,Central Coast,Agricultural Processing,311811,Retail Bakeries,442.09,59094439.85,17526563.27,33.0,0
Monterey,Central Coast,Agricultural Processing,311812,Commercial Bakeries,81.72,10549583.32,3120802.07,9.5,0
Monterey,Central Coast,Agricultural Processing,311821,Cookie and Cracker Manufacturing,10.0,441073.28,83770.45,0.0,1
Monterey,Central Coast,Agricultural Processing,311824,"Dry Pasta, Dough, and Flour Mixes Manufacturing from Purchased Flour",10.0,123318.35,23211.91,0.0,1
Monterey,Central Coast,Agricultural Processing,311830,Tortilla Manufacturing,10.0,931678.4,176479.82,2.0,1
Monterey,Central Coast,Agricultural Processing,311911,Roasted Nuts and Peanut Butter Manufacturing,10.0,1115718.76,114105.72,0.0,1
Monterey,Central Coast,Agricultural Processing,311919,Other Snack Food Manufacturing,81.31,71353394.03,7297290.91,1.0,0
Monterey,Central Coast,Agricultural Processing,311920,Coffee and Tea Manufacturing,63.6,33549122.43,4754940.45,1.0,0
Monterey,Central Coast,Agricultural Processing,311930,Flavoring Syrup and Concentrate Manufacturing,10.0,3628711.0,722776.45,0.0,1
Monterey,Central Coast,Agricultural Processing,311941,"Mayonnaise, Dressing, and Other Prepared Sauce Manufacturing",10.0,819726.93,142063.87,0.5,1
Monterey,Central Coast,Agricultural Processing,311942,Spice and Extract Manufacturing,43.52,25832340.15,4414283.08,1.0,0
Monterey,Central Coast,Agricultural Processing,311991,Perishable Prepared Food Manufacturing,916.86,340822993.62,61919151.9,9.5,0
Monterey,Central Coast,Agricultural Processing,311999,All Other Miscellaneous Food Manufacturing,10.0,2046236.47,371414.13,1.0,1
Monterey,Central Coast,Agricultural Processing,312111,Soft Drink Manufacturing,11.92,6418186.19,1183079.46,1.0,0
Monterey,Central Coast,Agricultural Processing,312112,Bottled Water Manufacturing,116.16,54610548.02,10031003.11,3.0,0
Monterey,Central Coast,Agricultural Processing,312113,Ice Manufacturing,10.0,3908241.34,717921.97,0.5,1
Monterey,Central Coast,Agricultural Processing,312120,Breweries,40.08,9566275.66,1465766.26,2.25,0
Monterey,Central Coast,Agricultural Processing,312130,Wineries,941.42,344948138.66,75491330.5,54.75,0
Monterey,Central Coast,Agricultural Processing,312140,Distilleries,14.34,10237879.15,808033.57,1.0,0
Monterey,Central Coast,Agricultural Processing,313110,"Fiber, Yarn, and Thread Mills",10.0,210648.14,40975.72,0.0,1
Monterey,Central Coast,Agricultural Processing,316110,Leather and Hide Tanning and Finishing,10.0,435791.94,117511.73,0.0,1
Monterey,Central Coast,Agricultural Processing,316990,Other Leather and Allied Product Manufacturing,10.0,2709551.59,727745.99,1.0,1
Monterey,Central Coast,Forestry,321113,Sawmills,10.0,152044.08,22577.42,0.0,1
Monterey,Central Coast,Forestry,321215,Engineered Wood Member Manufacturing,36.89,14524666.53,2538079.43,2.0,0
Monterey,Central Coast,Forestry,321911,Wood Window and Door Manufacturing,10.0,886033.03,189189.07,0.0,1
Monterey,Central Coast,Forestry,321918,Other Millwork (including Flooring),10.0,353759.14,74929.68,0.0,1
Monterey,Central Coast,Forestry,321920,Wood Container and Pallet Manufacturing,89.65,22881840.22,5692772.59,3.0,0
Monterey,Central Coast,Forestry,321992,Prefabricated Wood Building Manufacturing,14.94,4167726.5,1037935.91,1.0,0
Monterey,Central Coast,Forestry,321999,All Other Miscellaneous Wood Product Manufacturing,21.58,4886000.48,1214393.5,1.0,0
Monterey,Central Coast,Forestry,322211,Corrugated and Solid Fiber Box Manufacturing,433.28,236508850.07,44170220.99,5.0,0
Monterey,Central Coast,Forestry,322212,Folding Paperboard Box Manufacturing,10.0,412904.27,77480.63,1.0,1
Monterey,Central Coast,Forestry,322220,Paper Bag and Coated and Treated Paper Manufacturing,14.84,6813732.91,1479083.66,1.0,0
Monterey,Central Coast,Forestry,322299,All Other Converted Paper Product Manufacturing,10.0,2306391.59,605047.28,1.0,1
Monterey,Central Coast,Agricultural Support,325311,Nitrogenous Fertilizer Manufacturing,13.59,11802031.11,1639492.74,1.0,0
Monterey,Central Coast,Agricultural Support,325314,Fertilizer (Mixing Only) Manufacturing,10.0,3416547.33,474287.97,0.0,1
Monterey,Central Coast,Agricultural Support,325315,Compost Manufacturing,25.2,11979517.48,1687128.87,3.0,0
Monterey,Central Coast,Agricultural Support,325320,Pesticide and Other Agricultural Chemical Manufacturing,15.75,22404773.12,2258801.45,3.0,0
Monterey,Central Coast,Mining,327120,Clay Building Material and Refractories Manufacturing,21.61,5726320.45,1976310.6,1.0,0
Monterey,Central Coast,Mining,327320,Ready-Mix Concrete Manufacturing,15.51,9789331.53,2207572.51,2.0,0
Monterey,Central Coast,Mining,327410,Lime Manufacturing,81.65,86839696.81,12846957.6,1.0,0
Monterey,Central Coast,Mining,327991,Cut Stone and Stone Product Manufacturing,10.0,2249943.09,862879.86,1.0,1
Monterey,Central Coast,Agricultural Support,333111,Farm Machinery and Equipment Manufacturing,92.14,54727780.66,11147689.52,6.5,0
Monterey,Central Coast,Agricultural Processing,333241,Food Product Machinery Manufacturing,32.47,8416496.37,2281204.3,1.0,0
Monterey,Central Coast,Agricultural Processing,333993,Packaging Machinery Manufacturing,10.0,218842.56,59607.76,0.0,1
Monterey,Central Coast,Forestry,337110,Wood Kitchen Cabinet and Countertop Manufacturing,65.41,10271131.32,4635849.93,12.0,0
Monterey,Central Coast,Forestry,423310,"Lumber, Plywood, Millwork, and Wood Panel Merchant Wholesalers",276.87,78664602.1,23981923.52,3.5,0
Monterey,Central Coast,Mining,423320,"Brick, Stone, and Related Construction Material Merchant Wholesalers",19.97,4943439.66,1509627.37,3.25,0
Monterey,Central Coast,Agricultural Support,423820,Farm and Garden Machinery and Equipment Merchant Wholesalers,282.65,102650305.98,35207200.06,18.0,0
Monterey,Central Coast,Agricultural Distribution,424410,General Line Grocery Merchant Wholesalers,25.38,7346798.13,2445910.97,5.0,0
Monterey,Central Coast,Agricultural Distribution,424420,Packaged Frozen Food Merchant Wholesalers,43.43,8421644.91,2799954.49,5.5,0
Monterey,Central Coast,Agricultural Distribution,424430,Dairy Product (except Dried or Canned) Merchant Wholesalers,64.09,15709206.57,5206555.05,4.0,0
Monterey,Central Coast,Agricultural Distribution,424450,Confectionery Merchant Wholesalers,32.43,5700485.32,1890632.56,5.0,0
Monterey,Central Coast,Fishing,424460,Fish and Seafood Merchant Wholesalers,10.0,725979.82,242112.06,2.0,1
Monterey,Central Coast,Agricultural Distribution,424470,Meat and Meat Product Merchant Wholesalers,46.55,9000853.72,2998625.06,2.0,0
Monterey,Central Coast,Agricultural Distribution,424480,Fresh Fruit and Vegetable Merchant Wholesalers,1835.85,572364362.5,190890732.63,52.25,0
Monterey,Central Coast,Agricultural Distribution,424490,Other Grocery and Related Products Merchant Wholesalers,350.7,89469168.52,29773178.98,16.75,0
Monterey,Central Coast,Agricultural Distribution,424510,Grain and Field Bean Merchant Wholesalers,61.93,19674645.18,4718268.6,1.0,0
Monterey,Central Coast,Agricultural Distribution,424520,Livestock Merchant Wholesalers,10.0,210079.71,49909.14,0.0,1
Monterey,Central Coast,Agricultural Distribution,424590,Other Farm Product Raw Material Merchant Wholesalers,37.98,9088250.13,2190489.57,7.25,0
Monterey,Central Coast,Agricultural Distribution,424810,Beer and Ale Merchant Wholesalers,10.0,316968.3,76180.11,0.0,1
Monterey,Central Coast,Agricultural Distribution,424820,Wine and Distilled Alcoholic Beverage Merchant Wholesalers,288.31,141069893.9,34418676.47,10.0,0
Monterey,Central Coast,Agricultural Distribution,424910,Farm Supplies Merchant Wholesalers,701.46,373496027.43,89895173.02,32.0,0
Monterey,Central Coast,Agricultural Distribution,424930,"Flower, Nursery Stock, and Florists' Supplies Merchant Wholesalers",81.22,22387556.0,5406344.86,9.25,0
Monterey,Central Coast,Agricultural Distribution,424990,Other Miscellaneous Nondurable Goods Merchant Wholesalers,200.04,66479417.21,16108903.15,4.0,0
Monterey,Central Coast,Outdoor Recreation,441222,Boat Dealers,19.96,3356250.75,1023448.09,4.0,0
Monterey,Central Coast,Agricultural Support,444240,"Nursery, Garden Center, and Farm Supply Retailers",305.44,64735951.48,18541465.97,27.5,0
Monterey,Central Coast,Agricultural Distribution,445230,Fruit and Vegetable Markets,124.73,17476693.92,6652772.31,15.0,0
Monterey,Central Coast,Agricultural Distribution,445240,Meat Retailers,32.79,3947791.73,1491570.3,6.5,0
Monterey,Central Coast,Agricultural Distribution,445291,Baked Goods Stores,51.06,5007897.23,1890263.6,2.0,0
Monterey,Central Coast,Agricultural Distribution,445292,Confectionery and Nut Stores,101.55,12376011.05,4684269.04,13.75,0
Monterey,Central Coast,Agricultural Distribution,445298,All Other Specialty Food Retailers,140.66,12389721.69,4699208.59,9.0,0
Monterey,Central Coast,Agricultural Distribution,445320,"Beer, Wine, and Liquor Retailers",243.59,26727075.01,10084972.54,41.25,0
Monterey,Central Coast,Agricultural Distribution,456191,Food (Health) Supplement Retailers,128.94,7921627.63,2506172.33,10.0,0
Monterey,Central Coast,Agricultural Distribution,459310,Florists,197.16,17003722.36,5694296.07,9.0,0
Monterey,Central Coast,Agricultural Distribution,484230,"Specialized Freight (except Used Goods) Trucking, Long-Distance",73.35,15157275.56,5477598.18,17.25,0
Monterey,Central Coast,Outdoor Recreation,487110,"Scenic and Sightseeing Transportation, Land",10.0,323642.59,139895.25,1.0,1
Monterey,Central Coast,Outdoor Recreation,487210,"Scenic and Sightseeing Transportation, Water",126.58,13188021.43,5693699.46,13.0,0
Monterey,Central Coast,Outdoor Recreation,487990,"Scenic and Sightseeing Transportation, Other",10.0,59095.63,25455.75,1.0,1
Monterey,Central Coast,Agricultural Distribution,493120,Refrigerated Warehousing and Storage,205.93,27885339.49,17546019.6,11.5,0
Monterey,Central Coast,Outdoor Recreation,532284,Recreational Goods Rental,72.14,8556639.32,2244532.76,5.0,0
Monterey,Central Coast,Mining,532412,"Construction, Mining, and Forestry Machinery and Equipment Rental and Leasing",72.32,53827560.63,6776957.69,5.5,0
Monterey,Central Coast,Mining,541360,Geophysical Surveying and Mapping Services,10.99,1050209.26,527733.47,4.0,0
Monterey,Central Coast,Agricultural Support,541620,Environmental Consulting Services,146.03,19643162.29,11990884.92,10.0,0
Monterey,Central Coast,Agricultural Support,541690,Other Scientific and Technical Consulting Services,480.29,57156496.56,34894198.35,49.25,0
Monterey,Central Coast,Agricultural Distribution,624210,Community Food Services,112.18,9440679.7,6905914.24,8.75,0
Monterey,Central Coast,Outdoor Recreation,712130,Zoos and Botanical Gardens,493.03,149298361.22,48407313.91,3.0,0
Monterey,Central Coast,Outdoor Recreation,712190,Nature Parks and Other Similar Institutions,31.12,10753488.36,3478022.3,2.0,0
Monterey,Central Coast,Outdoor Recreation,713930,Marinas,26.42,3349096.6,1304697.44,2.0,0
Monterey,Central Coast,Outdoor Recreation,713990,All Other Amusement and Recreation Industries,275.03,24057227.96,9311387.96,17.5,0
Monterey,Central Coast,Outdoor Recreation,721211,RV (Recreational Vehicle) Parks and Campgrounds,26.52,5356807.53,1412381.74,5.25,0
Monterey,Central Coast,Outdoor Recreation,721214,Recreational and Vacation Camps (except Campgrounds),10.0,1806487.77,475132.15,2.5,1
Napa,Bay Area,Agricultural Production,111000,Crop Production,3384.51,1065578907.91,244326950.19,138.0,0
Napa,Bay Area,Agricultural Production,112000,Animal Production,20.83,9368183.26,1641802.08,5.0,0
Napa,Bay Area,Forestry,113210,Forest Nurseries and Gathering of Forest Products,10.0,855915.95,352534.59,0.0,1
Napa,Bay Area,Forestry,113310,Logging,10.0,676368.41,267414.97,0.0,1
Napa,Bay Area,Fishing,114111,Finfish Fishing,10.0,994413.11,382137.31,0.0,1
Napa,Bay Area,Fishing,114112,Shellfish Fishing,10.0,236988.42,90121.41,0.0,1
Napa,Bay Area,Agricultural Processing,115111,Cotton Ginning,10.0,233940.67,201912.56,0.0,1
Napa,Bay Area,Agricultural Production,115112,"Soil Preparation, Planting, and Cultivating",1190.85,84420998.0,73195916.92,37.75,0
Napa,Bay Area,Agricultural Production,115113,"Crop Harvesting, Primarily by Machine",14.39,1228756.74,1066232.21,0.0,0
Napa,Bay Area,Agricultural Production,115114,Postharvest Crop Activities (except Cotton Ginning),15.75,696964.9,605920.6,0.0,0
Napa,Bay Area,Agricultural Support,115115,Farm Labor Contractors and Crew Leaders,1069.78,74626162.47,59580711.72,22.0,0
Napa,Bay Area,Agricultural Support,115116,Farm Management Services,2022.61,155424011.9,135118196.34,37.0,0
Napa,Bay Area,Agricultural Support,115210,Support Activities for Animal Production,60.47,1989382.53,1722658.83,9.0,0
Napa,Bay Area,Forestry,115310,Support Activities for Forestry,15.3,561191.99,485631.85,1.0,0
Napa,Bay Area,Mining,211120,Crude Petroleum Extraction,10.0,445484.45,40705.61,0.0,1
Napa,Bay Area,Mining,212114,Surface Coal Mining,10.0,39183.2,5341.14,0.0,1
Napa,Bay Area,Mining,212115,Underground Coal Mining,10.0,317966.17,42913.61,0.0,1
Napa,Bay Area,Mining,212220,Gold Ore and Silver Ore Mining,10.0,721923.67,136781.81,0.0,1
Napa,Bay Area,Mining,212311,Dimension Stone Mining and Quarrying,10.0,3365347.14,720438.19,1.0,1
Napa,Bay Area,Mining,212312,Crushed and Broken Limestone Mining and Quarrying,10.0,258833.62,55476.69,0.0,1
Napa,Bay Area,Mining,212313,Crushed and Broken Granite Mining and Quarrying,10.0,111807.01,24084.79,0.0,1
Napa,Bay Area,Mining,212321,Construction Sand and Gravel Mining,10.0,4792499.9,1287564.88,1.0,1
Napa,Bay Area,Mining,212390,Other Nonmetallic Mineral Mining and Quarrying,10.0,217861.36,58520.13,0.0,1
Napa,Bay Area,Mining,213111,Drilling Oil and Gas Wells,10.0,61954.29,17209.16,0.0,1
Napa,Bay Area,Mining,213112,Support Activities for Oil and Gas Operations,11.95,1265266.79,458820.97,1.0,0
Napa,Bay Area,Mining,213114,Support Activities for Metal Mining,10.0,238328.85,83589.5,0.0,1
Napa,Bay Area,Mining,213115,Support Activities for Nonmetallic Minerals (except Fuels) Mining,10.0,29375.19,10085.53,0.0,1
Napa,Bay Area,Renewable Energy,221114,Solar Electric Power Generation,10.0,774440.51,107131.7,1.0,1
Napa,Bay Area,Agricultural Support,221310,Water Supply and Irrigation Systems,32.24,9287299.2,2927366.06,6.0,0
Napa,Bay Area,Agricultural Processing,311224,Soybean and Other Oilseed Processing,88.23,529825471.41,11517530.13,1.0,0
Napa,Bay Area,Agricultural Processing,311314,Cane Sugar Manufacturing,10.0,561252.29,79936.53,0.5,1
Napa,Bay Area,Agricultural Processing,311340,Nonchocolate Confectionery Manufacturing,10.0,386903.97,54774.69,0.0,1
Napa,Bay Area,Agricultural Processing,311411,"Frozen Fruit, Juice, and Vegetable Manufacturing",24.96,15020225.84,2661647.37,1.0,0
Napa,Bay Area,Agricultural Processing,311412,Frozen Specialty Food Manufacturing,10.0,376175.65,66660.69,0.0,1
Napa,Bay Area,Agricultural Processing,311421,Fruit and Vegetable Canning,407.61,265764085.7,49830750.45,2.0,0
Napa,Bay Area,Agricultural Processing,311422,Specialty Canning,10.0,87866.97,16428.44,0.0,1
Napa,Bay Area,Agricultural Processing,311423,Dried and Dehydrated Food Manufacturing,10.0,163829.86,30793.79,0.0,1
Napa,Bay Area,Agricultural Processing,311511,Fluid Milk Manufacturing,10.0,5867929.75,664285.62,0.5,1
Napa,Bay Area,Agricultural Processing,311811,Retail Bakeries,69.81,8128142.01,2410690.34,6.0,0
Napa,Bay Area,Agricultural Processing,311812,Commercial Bakeries,90.13,17883185.43,5290245.16,2.0,0
Napa,Bay Area,Agricultural Processing,311911,Roasted Nuts and Peanut Butter Manufacturing,10.0,2806759.73,287050.23,0.0,1
Napa,Bay Area,Agricultural Processing,311919,Other Snack Food Manufacturing,19.94,27340652.85,2796120.64,1.0,0
Napa,Bay Area,Agricultural Processing,311920,Coffee and Tea Manufacturing,26.69,22048128.54,3124896.59,1.0,0
Napa,Bay Area,Agricultural Processing,311930,Flavoring Syrup and Concentrate Manufacturing,10.0,790424.27,157438.84,0.0,1
Napa,Bay Area,Agricultural Processing,311941,"Mayonnaise, Dressing, and Other Prepared Sauce Manufacturing",10.0,514738.86,89207.51,0.0,1
Napa,Bay Area,Agricultural Processing,311942,Spice and Extract Manufacturing,10.0,1163889.74,198887.86,0.25,1
Napa,Bay Area,Agricultural Processing,311991,Perishable Prepared Food Manufacturing,10.0,4071188.16,739634.72,1.0,1
Napa,Bay Area,Agricultural Processing,311999,All Other Miscellaneous Food Manufacturing,10.0,3961724.58,719096.02,0.0,1
Napa,Bay Area,Agricultural Processing,312111,Soft Drink Manufacturing,10.0,2382875.11,439241.01,0.5,1
Napa,Bay Area,Agricultural Processing,312112,Bottled Water Manufacturing,51.67,27842967.94,5114266.53,2.0,0
Napa,Bay Area,Agricultural Processing,312113,Ice Manufacturing,10.0,831879.29,152811.55,0.0,1
Napa,Bay Area,Agricultural Processing,312120,Breweries,67.61,28686698.77,4395440.48,4.0,0
Napa,Bay Area,Agricultural Processing,312130,Wineries,12296.05,6182551704.85,1353041230.73,505.75,0
Napa,Bay Area,Agricultural Processing,312140,Distilleries,45.21,51583502.4,4071273.04,3.0,0
Napa,Bay Area,Agricultural Processing,316110,Leather and Hide Tanning and Finishing,10.0,568783.34,153373.0,0.0,1
Napa,Bay Area,Agricultural Processing,316990,Other Leather and Allied Product Manufacturing,10.0,233303.77,62661.99,0.0,1
Napa,Bay Area,Forestry,321211,Hardwood Veneer and Plywood Manufacturing,14.84,11804720.66,2041987.05,1.0,0
Napa,Bay Area,Forestry,321911,Wood Window and Door Manufacturing,10.0,248144.26,52984.69,0.0,1
Napa,Bay Area,Forestry,321918,Other Millwork (including Flooring),10.0,187852.53,39789.02,0.0,1
Napa,Bay Area,Forestry,321920,Wood Container and Pallet Manufacturing,239.22,91865135.72,22855125.36,8.75,0
Napa,Bay Area,Forestry,321999,All Other Miscellaneous Wood Product Manufacturing,37.22,14942878.82,3713985.48,2.0,0
Napa,Bay Area,Forestry,322120,Paper Mills,10.0,987997.95,176411.66,1.0,1
Napa,Bay Area,Forestry,322220,Paper Bag and Coated and Treated Paper Manufacturing,39.72,11031211.33,2394588.2,2.0,0
Napa,Bay Area,Mining,327120,Clay Building Material and Refractories Manufacturing,10.0,114102.01,39379.74,0.0,1
Napa,Bay Area,Mining,327320,Ready-Mix Concrete Manufacturing,61.73,25604827.87,5774093.36,1.0,0
Napa,Bay Area,Mining,327390,Other Concrete Product Manufacturing,273.98,80575043.45,23216554.04,2.0,0
Napa,Bay Area,Mining,327991,Cut Stone and Stone Product Manufacturing,10.0,719469.83,275925.21,1.0,1
Napa,Bay Area,Agricultural Support,333111,Farm Machinery and Equipment Manufacturing,10.0,177792.97,36215.26,0.25,1
Napa,Bay Area,Agricultural Processing,333241,Food Product Machinery Manufacturing,11.65,4085520.89,1107338.19,1.0,0
Napa,Bay Area,Agricultural Processing,333993,Packaging Machinery Manufacturing,10.0,2881051.87,784733.26,1.5,1
Napa,Bay Area,Forestry,337110,Wood Kitchen Cabinet and Countertop Manufacturing,14.17,1670048.62,753772.35,2.0,0
Napa,Bay Area,Forestry,423310,"Lumber, Plywood, Millwork, and Wood Panel Merchant Wholesalers",51.86,16048506.66,4892595.26,4.5,0
Napa,Bay Area,Agricultural Support,423820,Farm and Garden Machinery and Equipment Merchant Wholesalers,10.88,2863898.59,982265.46,2.0,0
Napa,Bay Area,Agricultural Distribution,424410,General Line Grocery Merchant Wholesalers,12.28,5586478.22,1859861.69,5.0,0
Napa,Bay Area,Agricultural Distribution,424420,Packaged Frozen Food Merchant Wholesalers,10.0,75079.64,24961.82,0.0,1
Napa,Bay Area,Agricultural Distribution,424430,Dairy Product (except Dried or Canned) Merchant Wholesalers,10.0,381475.4,126433.67,1.0,1
Napa,Bay Area,Agricultural Distribution,424450,Confectionery Merchant Wholesalers,17.96,3129443.71,1037916.57,2.0,0
Napa,Bay Area,Fishing,424460,Fish and Seafood Merchant Wholesalers,10.0,301594.05,100580.7,1.0,1
Napa,Bay Area,Agricultural Distribution,424470,Meat and Meat Product Merchant Wholesalers,19.78,3741026.82,1246319.2,1.0,0
Napa,Bay Area,Agricultural Distribution,424480,Fresh Fruit and Vegetable Merchant Wholesalers,17.64,2527012.96,842790.69,2.5,0
Napa,Bay Area,Agricultural Distribution,424490,Other Grocery and Related Products Merchant Wholesalers,24.52,5993521.21,1994499.14,5.0,0
Napa,Bay Area,Agricultural Distribution,424510,Grain and Field Bean Merchant Wholesalers,10.0,452713.39,108567.31,0.0,1
Napa,Bay Area,Agricultural Distribution,424520,Livestock Merchant Wholesalers,10.0,126913.25,30151.08,0.0,1
Napa,Bay Area,Agricultural Distribution,424590,Other Farm Product Raw Material Merchant Wholesalers,10.0,491041.46,118352.95,0.0,1
Napa,Bay Area,Agricultural Distribution,424810,Beer and Ale Merchant Wholesalers,29.59,10306698.21,2477110.25,1.75,0
Napa,Bay Area,Agricultural Distribution,424820,Wine and Distilled Alcoholic Beverage Merchant Wholesalers,808.68,450846625.95,109998978.0,74.0,0
Napa,Bay Area,Agricultural Distribution,424910,Farm Supplies Merchant Wholesalers,22.6,18152430.33,4369031.38,1.0,0
Napa,Bay Area,Agricultural Distribution,424930,"Flower, Nursery Stock, and Florists' Supplies Merchant Wholesalers",10.0,1620723.22,391386.57,0.0,1
Napa,Bay Area,Agricultural Distribution,424990,Other Miscellaneous Nondurable Goods Merchant Wholesalers,98.53,48051771.2,11643623.86,10.75,0
Napa,Bay Area,Outdoor Recreation,441222,Boat Dealers,10.0,225263.81,68691.48,0.0,1
Napa,Bay Area,Agricultural Support,444240,"Nursery, Garden Center, and Farm Supply Retailers",131.1,17911415.14,5130130.73,6.25,0
Napa,Bay Area,Agricultural Distribution,445230,Fruit and Vegetable Markets,32.71,3408971.37,1297677.38,3.0,0
Napa,Bay Area,Agricultural Distribution,445240,Meat Retailers,27.62,3653068.89,1380216.94,1.75,0
Napa,Bay Area,Agricultural Distribution,445291,Baked Goods Stores,52.3,5751292.9,2170863.16,3.0,0
Napa,Bay Area,Agricultural Distribution,445292,Confectionery and Nut Stores,61.8,6664803.0,2522600.39,3.0,0
Napa,Bay Area,Agricultural Distribution,445298,All Other Specialty Food Retailers,124.54,14579113.93,5529607.46,7.0,0
Napa,Bay Area,Agricultural Distribution,445320,"Beer, Wine, and Liquor Retailers",279.27,70046712.84,26430844.93,47.0,0
Napa,Bay Area,Agricultural Distribution,456191,Food (Health) Supplement Retailers,34.05,2638805.13,834841.11,1.0,0
Napa,Bay Area,Agricultural Distribution,459310,Florists,152.55,11140419.73,3730762.41,10.75,0
Napa,Bay Area,Agricultural Distribution,484230,"Specialized Freight (except Used Goods) Trucking, Long-Distance",10.0,1788430.1,646310.18,1.0,1
Napa,Bay Area,Outdoor Recreation,487110,"Scenic and Sightseeing Transportation, Land",201.5,29932576.91,12938425.1,7.0,0
Napa,Bay Area,Outdoor Recreation,487210,"Scenic and Sightseeing Transportation, Water",11.92,901098.56,389033.67,1.0,0
Napa,Bay Area,Outdoor Recreation,487990,"Scenic and Sightseeing Transportation, Other",101.9,10342219.27,4454964.05,3.5,0
Napa,Bay Area,Agricultural Distribution,493120,Refrigerated Warehousing and Storage,199.2,23751848.51,14945143.47,12.5,0
Napa,Bay Area,Agricultural Distribution,493130,Farm Product Warehousing and Storage,10.0,120532.76,75784.17,0.0,1
Napa,Bay Area,Outdoor Recreation,532284,Recreational Goods Rental,28.32,4376822.16,1148105.04,3.25,0
Napa,Bay Area,Mining,532412,"Construction, Mining, and Forestry Machinery and Equipment Rental and Leasing",84.13,70597004.51,8888251.8,5.0,0
Napa,Bay Area,Mining,541360,Geophysical Surveying and Mapping Services,10.0,699554.14,351528.16,1.0,1
Napa,Bay Area,Agricultural Support,541620,Environmental Consulting Services,83.73,7823376.06,4775667.01,5.5,0
Napa,Bay Area,Agricultural Support,541690,Other Scientific and Technical Consulting Services,391.78,40099886.26,24481090.85,44.5,0
Napa,Bay Area,Agricultural Distribution,624210,Community Food Services,18.05,1718917.74,1257398.72,1.0,0
Napa,Bay Area,Outdoor Recreation,712190,Nature Parks and Other Similar Institutions,10.0,497192.95,160808.11,1.0,1
Napa,Bay Area,Outdoor Recreation,713930,Marinas,42.22,6939597.16,2703437.89,2.0,0
Napa,Bay Area,Outdoor Recreation,713990,All Other Amusement and Recreation Industries,87.16,10061844.35,3894452.7,11.75,0
Napa,Bay Area,Outdoor Recreation,721211,RV (Recreational Vehicle) Parks and Campgrounds,10.0,1714294.93,451992.88,3.5,1
Napa,Bay Area,Outdoor Recreation,721214,Recreational and Vacation Camps (except Campgrounds),12.98,3141960.41,826380.58,1.0,0
Nevada,Capital,Agricultural Production,111000,Crop Production,343.8,38437478.07,8813342.42,26.5,0
Nevada,Capital,Agricultural Production,112000,Animal Production,234.27,61471565.96,10773075.43,8.75,0
Nevada,Capital,Forestry,113110,Timber Tract Operations,10.0,609781.13,249552.42,1.0,1
Nevada,Capital,Forestry,113210,Forest Nurseries and Gathering of Forest Products,10.0,326277.42,134387.12,0.0,1
Nevada,Capital,Forestry,113310,Logging,163.73,30876972.47,12207791.84,4.0,0
Nevada,Capital,Fishing,114111,Finfish Fishing,10.0,1085010.79,416952.57,0.0,1
Nevada,Capital,Fishing,114112,Shellfish Fishing,10.0,520227.42,197830.88,1.0,1
Nevada,Capital,Agricultural Processing,115111,Cotton Ginning,10.0,48663.07,42000.76,0.0,1
Nevada,Capital,Agricultural Production,115112,"Soil Preparation, Planting, and Cultivating",54.85,2040461.54,1769150.53,2.0,0
Nevada,Capital,Agricultural Production,115113,"Crop Harvesting, Primarily by Machine",10.0,197683.54,171536.45,0.0,1
Nevada,Capital,Agricultural Production,115114,Postharvest Crop Activities (except Cotton Ginning),10.0,162224.65,141033.29,0.0,1
Nevada,Capital,Agricultural Support,115115,Farm Labor Contractors and Crew Leaders,15.46,621090.49,495871.85,1.0,0
Nevada,Capital,Agricultural Support,115116,Farm Management Services,10.0,182790.54,158909.35,0.0,1
Nevada,Capital,Agricultural Support,115210,Support Activities for Animal Production,61.01,1986718.08,1720351.61,3.25,0
Nevada,Capital,Forestry,115310,Support Activities for Forestry,85.84,7852139.78,6794910.21,9.5,0
Nevada,Capital,Mining,211120,Crude Petroleum Extraction,10.0,403116.36,36834.28,0.0,1
Nevada,Capital,Mining,212220,Gold Ore and Silver Ore Mining,10.0,2365370.9,448163.31,4.0,1
Nevada,Capital,Mining,212290,Other Metal Ore Mining,10.0,3018162.41,536974.13,1.0,1
Nevada,Capital,Mining,212311,Dimension Stone Mining and Quarrying,10.0,100874.31,21594.71,0.0,1
Nevada,Capital,Mining,212313,Crushed and Broken Granite Mining and Quarrying,10.0,1171581.29,252374.97,1.0,1
Nevada,Capital,Mining,212319,Other Crushed and Broken Stone Mining and Quarrying,10.0,126169.7,27335.83,0.0,1
Nevada,Capital,Mining,212321,Construction Sand and Gravel Mining,27.67,6149707.56,1652195.65,1.0,0
Nevada,Capital,Mining,212390,Other Nonmetallic Mineral Mining and Quarrying,10.0,185906.13,49936.58,0.0,1
Nevada,Capital,Mining,213111,Drilling Oil and Gas Wells,10.0,253769.27,70489.96,0.0,1
Nevada,Capital,Mining,213112,Support Activities for Oil and Gas Operations,15.09,2216775.17,803864.4,4.0,0
Nevada,Capital,Mining,213115,Support Activities for Nonmetallic Minerals (except Fuels) Mining,10.0,455434.87,156366.74,1.0,1
Nevada,Capital,Renewable Energy,221111,Hydroelectric Power Generation,10.0,942921.16,130947.26,0.0,1
Nevada,Capital,Renewable Energy,221114,Solar Electric Power Generation,10.0,965359.98,133542.42,1.0,1
Nevada,Capital,Renewable Energy,221118,Other Electric Power Generation,10.0,534009.58,73629.98,1.0,1
Nevada,Capital,Agricultural Support,221310,Water Supply and Irrigation Systems,10.0,590389.87,186091.48,2.0,1
Nevada,Capital,Agricultural Processing,311340,Nonchocolate Confectionery Manufacturing,10.0,709090.8,100387.25,0.5,1
Nevada,Capital,Agricultural Processing,311411,"Frozen Fruit, Juice, and Vegetable Manufacturing",10.0,321889.41,57040.16,0.0,1
Nevada,Capital,Agricultural Processing,311412,Frozen Specialty Food Manufacturing,10.0,354866.77,62884.62,0.0,1
Nevada,Capital,Agricultural Processing,311421,Fruit and Vegetable Canning,30.68,7027914.92,1317733.63,1.0,0
Nevada,Capital,Agricultural Processing,311422,Specialty Canning,10.0,408970.03,76464.9,0.0,1
Nevada,Capital,Agricultural Processing,311423,Dried and Dehydrated Food Manufacturing,10.0,722784.69,135856.06,0.0,1
Nevada,Capital,Agricultural Processing,311611,Animal (except Poultry) Slaughtering,10.0,1118198.46,133087.33,0.5,1
Nevada,Capital,Agricultural Processing,311811,Retail Bakeries,54.64,7997442.19,2371926.65,2.5,0
Nevada,Capital,Agricultural Processing,311812,Commercial Bakeries,40.07,7091754.0,2097899.02,1.5,0
Nevada,Capital,Agricultural Processing,311830,Tortilla Manufacturing,10.0,790446.65,149727.5,1.0,1
Nevada,Capital,Agricultural Processing,311911,Roasted Nuts and Peanut Butter Manufacturing,10.0,499307.11,51064.66,0.0,1
Nevada,Capital,Agricultural Processing,311919,Other Snack Food Manufacturing,10.0,229342.73,23454.81,0.0,1
Nevada,Capital,Agricultural Processing,311920,Coffee and Tea Manufacturing,10.0,1625238.91,230346.24,2.0,1
Nevada,Capital,Agricultural Processing,311930,Flavoring Syrup and Concentrate Manufacturing,10.0,358804.77,71467.7,0.0,1
Nevada,Capital,Agricultural Processing,311941,"Mayonnaise, Dressing, and Other Prepared Sauce Manufacturing",10.0,358607.58,62148.97,0.0,1
Nevada,Capital,Agricultural Processing,311942,Spice and Extract Manufacturing,10.0,520910.99,89014.34,0.0,1
Nevada,Capital,Agricultural Processing,311991,Perishable Prepared Food Manufacturing,10.0,360633.68,65518.27,0.0,1
Nevada,Capital,Agricultural Processing,311999,All Other Miscellaneous Food Manufacturing,10.0,516765.02,93798.46,0.0,1
Nevada,Capital,Agricultural Processing,312112,Bottled Water Manufacturing,10.0,990750.2,181983.49,1.0,1
Nevada,Capital,Agricultural Processing,312120,Breweries,86.37,27720332.39,4247371.65,6.5,0
Nevada,Capital,Agricultural Processing,312130,Wineries,71.47,9886246.78,2163588.78,7.5,0
Nevada,Capital,Agricultural Processing,312140,Distilleries,10.0,2345558.08,185125.22,2.0,1
Nevada,Capital,Agricultural Processing,313110,"Fiber, Yarn, and Thread Mills",10.0,463961.66,90250.8,0.5,1
Nevada,Capital,Agricultural Processing,316110,Leather and Hide Tanning and Finishing,10.0,394394.54,106348.88,0.0,1
Nevada,Capital,Agricultural Processing,316990,Other Leather and Allied Product Manufacturing,10.0,210361.98,56500.16,0.0,1
Nevada,Capital,Forestry,321113,Sawmills,10.0,1564251.17,232279.7,0.0,1
Nevada,Capital,Forestry,321114,Wood Preservation,10.0,1896.6,280.59,0.0,1
Nevada,Capital,Forestry,321215,Engineered Wood Member Manufacturing,10.0,51392.35,8980.44,0.0,1
Nevada,Capital,Forestry,321911,Wood Window and Door Manufacturing,31.07,9948426.1,2124224.95,1.0,0
Nevada,Capital,Forestry,321912,"Cut Stock, Resawing Lumber, and Planing",10.0,98511.02,20799.25,0.0,1
Nevada,Capital,Forestry,321918,Other Millwork (including Flooring),10.0,1246108.09,263938.02,0.0,1
Nevada,Capital,Forestry,321920,Wood Container and Pallet Manufacturing,10.0,585609.38,145693.75,0.0,1
Nevada,Capital,Forestry,321999,All Other Miscellaneous Wood Product Manufacturing,24.52,3524816.13,876077.23,7.0,0
Nevada,Capital,Agricultural Support,325311,Nitrogenous Fertilizer Manufacturing,10.0,1162295.69,161461.64,0.0,1
Nevada,Capital,Agricultural Support,325314,Fertilizer (Mixing Only) Manufacturing,10.0,3064901.17,425472.16,1.0,1
Nevada,Capital,Agricultural Support,325320,Pesticide and Other Agricultural Chemical Manufacturing,10.0,2058439.27,207527.46,0.0,1
Nevada,Capital,Mining,327120,Clay Building Material and Refractories Manufacturing,10.0,281132.5,97026.55,0.0,1
Nevada,Capital,Mining,327320,Ready-Mix Concrete Manufacturing,15.75,9999926.42,2255063.34,1.0,0
Nevada,Capital,Mining,327390,Other Concrete Product Manufacturing,23.4,10309742.51,2970605.83,2.0,0
Nevada,Capital,Agricultural Support,333111,Farm Machinery and Equipment Manufacturing,16.28,3443293.89,701376.35,3.0,0
Nevada,Capital,Agricultural Processing,333241,Food Product Machinery Manufacturing,10.0,729939.62,197842.59,1.0,1
Nevada,Capital,Forestry,337110,Wood Kitchen Cabinet and Countertop Manufacturing,18.32,2276100.85,1027312.54,3.5,0
Nevada,Capital,Forestry,423310,"Lumber, Plywood, Millwork, and Wood Panel Merchant Wholesalers",15.47,4113074.46,1253924.06,1.75,0
Nevada,Capital,Mining,423320,"Brick, Stone, and Related Construction Material Merchant Wholesalers",39.91,11217116.45,3425482.49,4.5,0
Nevada,Capital,Agricultural Support,423820,Farm and Garden Machinery and Equipment Merchant Wholesalers,10.0,1496930.71,513420.18,1.0,1
Nevada,Capital,Agricultural Distribution,424410,General Line Grocery Merchant Wholesalers,12.72,4159344.17,1384737.32,3.0,0
Nevada,Capital,Agricultural Distribution,424420,Packaged Frozen Food Merchant Wholesalers,10.0,662118.48,220135.33,0.0,1
Nevada,Capital,Agricultural Distribution,424430,Dairy Product (except Dried or Canned) Merchant Wholesalers,10.0,336835.74,111638.6,0.0,1
Nevada,Capital,Agricultural Distribution,424450,Confectionery Merchant Wholesalers,15.63,3606411.98,1196108.67,1.0,0
Nevada,Capital,Fishing,424460,Fish and Seafood Merchant Wholesalers,10.0,235460.03,78525.2,0.0,1
Nevada,Capital,Agricultural Distribution,424470,Meat and Meat Product Merchant Wholesalers,10.0,589010.78,196228.33,1.0,1
Nevada,Capital,Agricultural Distribution,424480,Fresh Fruit and Vegetable Merchant Wholesalers,10.0,223644.88,74588.39,0.0,1
Nevada,Capital,Agricultural Distribution,424490,Other Grocery and Related Products Merchant Wholesalers,22.7,4742637.81,1578235.35,4.5,0
Nevada,Capital,Agricultural Distribution,424510,Grain and Field Bean Merchant Wholesalers,10.0,644935.74,154665.05,0.0,1
Nevada,Capital,Agricultural Distribution,424520,Livestock Merchant Wholesalers,10.0,484673.69,115145.09,0.0,1
Nevada,Capital,Agricultural Distribution,424590,Other Farm Product Raw Material Merchant Wholesalers,12.06,2909379.18,701231.22,1.0,0
Nevada,Capital,Agricultural Distribution,424810,Beer and Ale Merchant Wholesalers,31.72,10918056.2,2624043.93,1.0,0
Nevada,Capital,Agricultural Distribution,424820,Wine and Distilled Alcoholic Beverage Merchant Wholesalers,27.57,12486137.64,3046407.14,2.0,0
Nevada,Capital,Agricultural Distribution,424910,Farm Supplies Merchant Wholesalers,11.41,5884607.94,1416341.3,1.0,0
Nevada,Capital,Agricultural Distribution,424930,"Flower, Nursery Stock, and Florists' Supplies Merchant Wholesalers",35.77,4983785.73,1203528.62,2.0,0
Nevada,Capital,Agricultural Distribution,424990,Other Miscellaneous Nondurable Goods Merchant Wholesalers,31.5,7369973.89,1785848.92,4.0,0
Nevada,Capital,Outdoor Recreation,441222,Boat Dealers,10.0,538962.07,164349.97,2.0,1
Nevada,Capital,Agricultural Support,444240,"Nursery, Garden Center, and Farm Supply Retailers",118.95,15934844.66,4564007.68,15.0,0
Nevada,Capital,Agricultural Distribution,445230,Fruit and Vegetable Markets,19.67,1194925.21,454866.66,3.0,0
Nevada,Capital,Agricultural Distribution,445240,Meat Retailers,21.22,2660616.04,1005244.48,3.5,0
Nevada,Capital,Agricultural Distribution,445291,Baked Goods Stores,10.0,241544.02,91172.37,0.0,1
Nevada,Capital,Agricultural Distribution,445292,Confectionery and Nut Stores,10.0,233029.63,88200.75,0.0,1
Nevada,Capital,Agricultural Distribution,445298,All Other Specialty Food Retailers,65.77,5433576.7,2060862.3,6.0,0
Nevada,Capital,Agricultural Distribution,445320,"Beer, Wine, and Liquor Retailers",32.96,3572706.7,1348095.48,5.0,0
Nevada,Capital,Agricultural Distribution,456191,Food (Health) Supplement Retailers,59.52,5448662.92,1723798.3,5.25,0
Nevada,Capital,Agricultural Distribution,459310,Florists,48.53,3316609.2,1110683.55,3.0,0
Nevada,Capital,Agricultural Distribution,484230,"Specialized Freight (except Used Goods) Trucking, Long-Distance",10.0,1217763.83,440080.47,1.0,1
Nevada,Capital,Outdoor Recreation,487110,"Scenic and Sightseeing Transportation, Land",10.0,111531.02,48209.54,0.0,1
Nevada,Capital,Outdoor Recreation,487210,"Scenic and Sightseeing Transportation, Water",10.0,170357.23,73548.78,0.0,1
Nevada,Capital,Agricultural Distribution,493120,Refrigerated Warehousing and Storage,10.0,41922.55,26378.51,0.0,1
Nevada,Capital,Agricultural Distribution,493130,Farm Product Warehousing and Storage,10.0,30548.62,19207.24,0.0,1
Nevada,Capital,Outdoor Recreation,532284,Recreational Goods Rental,41.31,7021737.91,1841905.47,9.5,0
Nevada,Capital,Mining,532412,"Construction, Mining, and Forestry Machinery and Equipment Rental and Leasing",10.0,1001615.69,126104.68,2.0,1
Nevada,Capital,Agricultural Support,541620,Environmental Consulting Services,160.41,25905045.79,15813361.34,20.25,0
Nevada,Capital,Agricultural Support,541690,Other Scientific and Technical Consulting Services,194.93,17245621.86,10528499.58,29.25,0
Nevada,Capital,Agricultural Distribution,624210,Community Food Services,17.29,1383734.76,1012210.34,2.0,0
Nevada,Capital,Outdoor Recreation,712130,Zoos and Botanical Gardens,10.0,58437.66,18947.36,0.0,1
Nevada,Capital,Outdoor Recreation,713920,Skiing Facilities,552.2,80052336.76,30477776.2,5.0,0
Nevada,Capital,Outdoor Recreation,713930,Marinas,33.15,3703460.4,1442745.87,1.0,0
Nevada,Capital,Outdoor Recreation,713990,All Other Amusement and Recreation Industries,233.39,30665800.01,11869246.18,20.75,0
Nevada,Capital,Outdoor Recreation,721211,RV (Recreational Vehicle) Parks and Campgrounds,58.17,8141824.66,2146682.41,7.5,0
Nevada,Capital,Outdoor Recreation,721214,Recreational and Vacation Camps (except Campgrounds),199.26,21560053.14,5670602.72,9.0,0
Orange,Orange County,Agricultural Production,111000,Crop Production,1370.52,375431954.69,86082920.57,81.25,0
Orange,Orange County,Agricultural Production,112000,Animal Production,36.2,11752677.42,2059691.8,17.0,0
Orange,Orange County,Forestry,113110,Timber Tract Operations,10.0,367629.67,150452.14,0.0,1
Orange,Orange County,Forestry,113210,Forest Nurseries and Gathering of Forest Products,10.0,275782.2,113589.15,0.0,1
Orange,Orange County,Forestry,113310,Logging,37.8,2336169.62,923648.6,0.0,0
Orange,Orange County,Fishing,114111,Finfish Fishing,132.11,8435753.31,3241727.26,4.5,0
Orange,Orange County,Fishing,114112,Shellfish Fishing,65.67,4174081.11,1587309.95,4.0,0
Orange,Orange County,Fishing,114119,Other Marine Fishing,10.0,171763.77,65576.18,0.5,1
Orange,Orange County,Outdoor Recreation,114210,Hunting and Trapping,26.75,1737603.81,657420.47,1.0,0
Orange,Orange County,Agricultural Processing,115111,Cotton Ginning,10.0,112022.64,96685.96,0.0,1
Orange,Orange County,Agricultural Production,115112,"Soil Preparation, Planting, and Cultivating",160.41,5887697.67,5104836.95,7.5,0
Orange,Orange County,Agricultural Production,115113,"Crop Harvesting, Primarily by Machine",32.65,1004068.78,871263.15,1.0,0
Orange,Orange County,Agricultural Production,115114,Postharvest Crop Activities (except Cotton Ginning),55.78,5245263.09,4560076.05,6.75,0
Orange,Orange County,Agricultural Support,115115,Farm Labor Contractors and Crew Leaders,224.09,14849022.75,11855297.32,3.0,0
Orange,Orange County,Agricultural Support,115116,Farm Management Services,47.72,1693294.08,1472068.82,5.0,0
Orange,Orange County,Agricultural Support,115210,Support Activities for Animal Production,508.57,23480750.11,20332601.09,31.75,0
Orange,Orange County,Forestry,115310,Support Activities for Forestry,103.69,5507143.23,4765649.21,3.0,0
Orange,Orange County,Mining,211120,Crude Petroleum Extraction,2086.76,608995719.62,55646258.15,6.25,0
Orange,Orange County,Mining,211130,Natural Gas Extraction,557.97,174064524.74,16013446.88,4.0,0
Orange,Orange County,Mining,212114,Surface Coal Mining,10.0,1694395.41,230966.58,0.0,1
Orange,Orange County,Mining,212115,Underground Coal Mining,10.0,8892226.82,1200120.01,0.0,1
Orange,Orange County,Mining,212210,Iron Ore Mining,10.0,233045.29,42308.95,0.0,1
Orange,Orange County,Mining,212220,Gold Ore and Silver Ore Mining,48.95,4394379.01,832596.46,0.0,0
Orange,Orange County,Mining,212311,Dimension Stone Mining and Quarrying,10.0,606388.22,129812.83,0.0,1
Orange,Orange County,Mining,212312,Crushed and Broken Limestone Mining and Quarrying,10.0,417428.38,89468.85,0.0,1
Orange,Orange County,Mining,212313,Crushed and Broken Granite Mining and Quarrying,25.19,5411220.3,1165652.4,1.0,0
Orange,Orange County,Mining,212319,Other Crushed and Broken Stone Mining and Quarrying,10.0,798799.7,173067.35,0.0,1
Orange,Orange County,Mining,212321,Construction Sand and Gravel Mining,30.93,5641984.11,1515789.41,0.75,0
Orange,Orange County,Mining,212322,Industrial Sand Mining,62.32,18793708.86,4917815.54,1.0,0
Orange,Orange County,Mining,212323,"Kaolin, Clay, and Ceramic and Refractory Minerals Mining",10.0,250883.32,67159.86,0.0,1
Orange,Orange County,Mining,212390,Other Nonmetallic Mineral Mining and Quarrying,10.0,2042904.6,548748.24,1.5,1
Orange,Orange County,Mining,213111,Drilling Oil and Gas Wells,114.83,58032241.19,16119723.74,5.0,0
Orange,Orange County,Mining,213112,Support Activities for Oil and Gas Operations,92.95,23065613.35,8364233.67,10.0,0
Orange,Orange County,Mining,213114,Support Activities for Metal Mining,10.0,1836542.96,644133.99,1.0,1
Orange,Orange County,Mining,213115,Support Activities for Nonmetallic Minerals (except Fuels) Mining,10.0,159744.32,54845.82,2.0,1
Orange,Orange County,Renewable Energy,221111,Hydroelectric Power Generation,10.0,5315274.58,738153.61,0.0,1
Orange,Orange County,Renewable Energy,221114,Solar Electric Power Generation,501.42,773768713.89,107038768.72,36.0,0
Orange,Orange County,Renewable Energy,221115,Wind Electric Power Generation,10.0,4020007.52,540062.26,1.0,1
Orange,Orange County,Renewable Energy,221116,Geothermal Electric Power Generation,10.0,580327.52,82136.35,0.0,1
Orange,Orange County,Renewable Energy,221117,Biomass Electric Power Generation,10.0,2670882.39,368372.31,1.0,1
Orange,Orange County,Renewable Energy,221118,Other Electric Power Generation,73.64,168928812.59,23292138.03,12.75,0
Orange,Orange County,Agricultural Support,221310,Water Supply and Irrigation Systems,281.03,98136014.85,30932570.66,23.75,0
Orange,Orange County,Agricultural Processing,311111,Dog and Cat Food Manufacturing,124.48,62347732.15,6551342.14,12.0,0
Orange,Orange County,Agricultural Processing,311119,Other Animal Food Manufacturing,50.99,27389164.12,2355573.81,5.5,0
Orange,Orange County,Agricultural Processing,311211,Flour Milling,41.78,42959866.56,4620519.3,1.0,0
Orange,Orange County,Agricultural Processing,311213,Malt Manufacturing,10.0,6245926.55,652484.47,2.0,1
Orange,Orange County,Agricultural Processing,311224,Soybean and Other Oilseed Processing,24.73,89145328.48,1937872.12,2.0,0
Orange,Orange County,Agricultural Processing,311225,Fats and Oils Refining and Blending,10.0,575595.42,34174.36,0.0,1
Orange,Orange County,Agricultural Processing,311230,Breakfast Cereal Manufacturing,10.0,1137902.05,150604.79,1.0,1
Orange,Orange County,Agricultural Processing,311313,Beet Sugar Manufacturing,10.0,156823.87,22074.6,0.0,1
Orange,Orange County,Agricultural Processing,311340,Nonchocolate Confectionery Manufacturing,68.29,16810148.65,2379842.86,7.0,0
Orange,Orange County,Agricultural Processing,311411,"Frozen Fruit, Juice, and Vegetable Manufacturing",49.1,16880086.49,2991222.52,4.0,0
Orange,Orange County,Agricultural Processing,311412,Frozen Specialty Food Manufacturing,286.94,161406049.42,28602165.49,11.75,0
Orange,Orange County,Agricultural Processing,311421,Fruit and Vegetable Canning,339.45,132524208.4,24848281.28,7.5,0
Orange,Orange County,Agricultural Processing,311422,Specialty Canning,63.33,41864531.64,7827388.22,2.0,0
Orange,Orange County,Agricultural Processing,311423,Dried and Dehydrated Food Manufacturing,44.28,22840368.81,4293121.5,4.0,0
Orange,Orange County,Agricultural Processing,311511,Fluid Milk Manufacturing,284.44,265873169.0,30098472.57,4.0,0
Orange,Orange County,Agricultural Processing,311513,Cheese Manufacturing,10.0,5190948.08,395040.32,1.0,1
Orange,Orange County,Agricultural Processing,311514,"Dry, Condensed, and Evaporated Dairy Product Manufacturing",178.67,290378275.07,21928019.48,2.0,0
Orange,Orange County,Agricultural Processing,311520,Ice Cream and Frozen Dessert Manufacturing,115.42,45434682.96,8679151.29,12.5,0
Orange,Orange County,Agricultural Processing,311611,Animal (except Poultry) Slaughtering,10.0,1073965.92,127822.8,0.0,1
Orange,Orange County,Agricultural Processing,311612,Meat Processed from Carcasses,277.32,130397829.98,15288543.52,12.75,0
Orange,Orange County,Agricultural Processing,311613,Rendering and Meat Byproduct Processing,11.4,7914262.62,928121.59,1.0,0
Orange,Orange County,Agricultural Processing,311615,Poultry Processing,10.0,909151.93,147935.49,0.0,1
Orange,Orange County,Fishing,311710,Seafood Product Preparation and Packaging,101.78,37493469.7,7278127.04,1.0,0
Orange,Orange County,Agricultural Processing,311811,Retail Bakeries,1677.15,197535004.47,58586049.08,132.0,0
Orange,Orange County,Agricultural Processing,311812,Commercial Bakeries,1628.9,384571429.32,113764807.23,38.0,0
Orange,Orange County,Agricultural Processing,311813,"Frozen Cakes, Pies, and Other Pastries Manufacturing",106.29,21542751.05,6406502.89,2.5,0
Orange,Orange County,Agricultural Processing,311821,Cookie and Cracker Manufacturing,217.42,86905246.47,16505401.11,10.5,0
Orange,Orange County,Agricultural Processing,311824,"Dry Pasta, Dough, and Flour Mixes Manufacturing from Purchased Flour",126.09,44770787.1,8427095.22,4.25,0
Orange,Orange County,Agricultural Processing,311830,Tortilla Manufacturing,138.06,46904733.47,8884759.85,7.0,0
Orange,Orange County,Agricultural Processing,311911,Roasted Nuts and Peanut Butter Manufacturing,27.35,10682730.27,1092533.92,1.5,0
Orange,Orange County,Agricultural Processing,311919,Other Snack Food Manufacturing,65.91,62566940.48,6398702.86,7.75,0
Orange,Orange County,Agricultural Processing,311920,Coffee and Tea Manufacturing,254.97,99139808.66,14051154.01,7.25,0
Orange,Orange County,Agricultural Processing,311930,Flavoring Syrup and Concentrate Manufacturing,230.35,89676598.13,17862026.86,9.0,0
Orange,Orange County,Agricultural Processing,311941,"Mayonnaise, Dressing, and Other Prepared Sauce Manufacturing",614.19,276946977.02,47996666.13,7.25,0
Orange,Orange County,Agricultural Processing,311942,Spice and Extract Manufacturing,471.25,277654301.09,47446134.45,16.25,0
Orange,Orange County,Agricultural Processing,311991,Perishable Prepared Food Manufacturing,1003.38,390914480.07,71019542.47,25.75,0
Orange,Orange County,Agricultural Processing,311999,All Other Miscellaneous Food Manufacturing,371.89,202661120.7,36785193.53,17.5,0
Orange,Orange County,Agricultural Processing,312111,Soft Drink Manufacturing,930.88,601228631.9,110825897.12,18.0,0
Orange,Orange County,Agricultural Processing,312112,Bottled Water Manufacturing,266.29,141766219.55,26039976.55,11.5,0
Orange,Orange County,Agricultural Processing,312113,Ice Manufacturing,24.9,7432460.41,1365301.2,2.75,0
Orange,Orange County,Agricultural Processing,312120,Breweries,1191.15,424776125.57,65085152.91,47.0,0
Orange,Orange County,Agricultural Processing,312130,Wineries,549.8,129944923.72,28438231.96,23.25,0
Orange,Orange County,Agricultural Processing,312140,Distilleries,52.59,31413216.1,2479315.56,5.0,0
Orange,Orange County,Agricultural Processing,313110,"Fiber, Yarn, and Thread Mills",24.2,4179619.5,813028.4,1.0,0
Orange,Orange County,Agricultural Processing,316110,Leather and Hide Tanning and Finishing,10.0,3000878.46,809189.89,3.0,1
Orange,Orange County,Agricultural Processing,316990,Other Leather and Allied Product Manufacturing,176.34,51508643.28,13834469.52,10.25,0
Orange,Orange County,Forestry,321113,Sawmills,10.0,1342695.96,199380.39,0.0,1
Orange,Orange County,Forestry,321114,Wood Preservation,10.0,544332.43,80531.23,0.0,1
Orange,Orange County,Forestry,321211,Hardwood Veneer and Plywood Manufacturing,10.0,324848.97,56192.55,0.0,1
Orange,Orange County,Forestry,321215,Engineered Wood Member Manufacturing,10.0,1979937.51,345979.62,0.0,1
Orange,Orange County,Forestry,321219,Reconstituted Wood Product Manufacturing,10.0,391256.06,66439.23,0.0,1
Orange,Orange County,Forestry,321911,Wood Window and Door Manufacturing,240.07,89296743.24,19066972.85,23.75,0
Orange,Orange County,Forestry,321912,"Cut Stock, Resawing Lumber, and Planing",10.0,2385717.08,503711.3,2.0,1
Orange,Orange County,Forestry,321918,Other Millwork (including Flooring),237.96,77934815.12,16507364.64,17.0,0
Orange,Orange County,Forestry,321920,Wood Container and Pallet Manufacturing,278.52,78447992.8,19517074.63,24.5,0
Orange,Orange County,Forestry,321992,Prefabricated Wood Building Manufacturing,15.46,3712118.28,924470.66,1.0,0
Orange,Orange County,Forestry,321999,All Other Miscellaneous Wood Product Manufacturing,368.54,100623862.36,25009609.51,17.75,0
Orange,Orange County,Forestry,322120,Paper Mills,57.88,18498588.6,3303009.63,2.0,0
Orange,Orange County,Forestry,322130,Paperboard Mills,12.95,12590718.85,1201469.1,2.0,0
Orange,Orange County,Forestry,322211,Corrugated and Solid Fiber Box Manufacturing,943.95,573110740.5,107033745.47,21.0,0
Orange,Orange County,Forestry,322212,Folding Paperboard Box Manufacturing,402.62,204275848.52,38331938.18,5.5,0
Orange,Orange County,Forestry,322219,Other Paperboard Container Manufacturing,17.83,8388891.44,1552042.27,3.0,0
Orange,Orange County,Forestry,322220,Paper Bag and Coated and Treated Paper Manufacturing,285.18,143575988.2,31166601.49,16.0,0
Orange,Orange County,Forestry,322230,Stationery Product Manufacturing,10.0,1292666.93,287696.51,1.0,1
Orange,Orange County,Forestry,322291,Sanitary Paper Product Manufacturing,120.12,41076411.69,10366419.19,1.5,0
Orange,Orange County,Forestry,322299,All Other Converted Paper Product Manufacturing,92.29,22248737.38,5836622.88,5.0,0
Orange,Orange County,Agricultural Support,325311,Nitrogenous Fertilizer Manufacturing,11.79,12809642.86,1779466.28,1.0,0
Orange,Orange County,Agricultural Support,325312,Phosphatic Fertilizer Manufacturing,10.0,227920.06,31039.86,0.0,1
Orange,Orange County,Agricultural Support,325314,Fertilizer (Mixing Only) Manufacturing,27.01,23505473.25,3263049.55,2.0,0
Orange,Orange County,Agricultural Support,325315,Compost Manufacturing,27.28,22362229.65,3149372.53,1.0,0
Orange,Orange County,Agricultural Support,325320,Pesticide and Other Agricultural Chemical Manufacturing,10.0,7733738.5,779699.03,1.0,1
Orange,Orange County,Mining,327120,Clay Building Material and Refractories Manufacturing,33.5,4476296.96,1544893.13,7.0,0
Orange,Orange County,Mining,327310,Cement Manufacturing,10.0,2350624.91,380522.39,2.0,1
Orange,Orange County,Mining,327320,Ready-Mix Concrete Manufacturing,347.41,147505239.42,33263610.58,18.5,0
Orange,Orange County,Mining,327331,Concrete Block and Brick Manufacturing,55.53,14140326.07,4227560.9,5.0,0
Orange,Orange County,Mining,327390,Other Concrete Product Manufacturing,77.15,17271478.2,4976531.07,4.5,0
Orange,Orange County,Mining,327991,Cut Stone and Stone Product Manufacturing,113.68,15355568.28,5889042.57,13.0,0
Orange,Orange County,Mining,327992,Ground or Treated Mineral and Earth Manufacturing,10.0,1862927.58,235315.86,2.0,1
Orange,Orange County,Mining,331410,Nonferrous Metal (except Aluminum) Smelting and Refining,28.91,43108745.59,3107519.04,3.0,0
Orange,Orange County,Agricultural Support,333111,Farm Machinery and Equipment Manufacturing,86.58,43464784.81,8853491.23,1.0,0
Orange,Orange County,Mining,333131,Mining Machinery and Equipment Manufacturing,10.0,105633.51,40499.34,0.0,1
Orange,Orange County,Mining,333132,Oil and Gas Field Machinery and Equipment Manufacturing,93.38,30668550.22,11710358.32,4.25,0
Orange,Orange County,Agricultural Processing,333241,Food Product Machinery Manufacturing,92.6,23606733.61,6398361.01,7.75,0
Orange,Orange County,Forestry,333243,"Sawmill, Woodworking, and Paper Machinery Manufacturing",21.49,7186166.43,1934291.25,3.0,0
Orange,Orange County,Agricultural Processing,333993,Packaging Machinery Manufacturing,170.83,50832257.32,13845555.28,13.5,0
Orange,Orange County,Forestry,337110,Wood Kitchen Cabinet and Countertop Manufacturing,1938.39,323307585.4,145924085.87,76.0,0
Orange,Orange County,Forestry,337211,Wood Office Furniture Manufacturing,380.78,117641291.48,29505649.22,11.5,0
Orange,Orange County,Forestry,423310,"Lumber, Plywood, Millwork, and Wood Panel Merchant Wholesalers",799.58,277753911.29,84676879.81,83.25,0
Orange,Orange County,Mining,423320,"Brick, Stone, and Related Construction Material Merchant Wholesalers",1802.24,657092960.48,200663016.93,98.5,0
Orange,Orange County,Mining,423520,Coal and Other Mineral and Ore Merchant Wholesalers,10.65,3872931.11,1213852.87,3.5,0
Orange,Orange County,Agricultural Support,423820,Farm and Garden Machinery and Equipment Merchant Wholesalers,506.82,156070597.53,53529394.76,23.75,0
Orange,Orange County,Agricultural Distribution,424410,General Line Grocery Merchant Wholesalers,3631.27,548329875.2,182551096.73,104.5,0
Orange,Orange County,Agricultural Distribution,424420,Packaged Frozen Food Merchant Wholesalers,461.85,136819867.91,45488667.29,33.25,0
Orange,Orange County,Agricultural Distribution,424430,Dairy Product (except Dried or Canned) Merchant Wholesalers,286.71,84840412.54,28118942.63,21.0,0
Orange,Orange County,Agricultural Distribution,424440,Poultry and Poultry Product Merchant Wholesalers,133.45,90729323.03,30230261.92,13.25,0
Orange,Orange County,Agricultural Distribution,424450,Confectionery Merchant Wholesalers,381.33,152805176.45,50679622.02,22.75,0
Orange,Orange County,Fishing,424460,Fish and Seafood Merchant Wholesalers,191.66,51644363.5,17223238.25,23.25,0
Orange,Orange County,Agricultural Distribution,424470,Meat and Meat Product Merchant Wholesalers,711.7,233398758.79,77756553.85,27.0,0
Orange,Orange County,Agricultural Distribution,424480,Fresh Fruit and Vegetable Merchant Wholesalers,954.01,268942557.56,89695734.42,55.0,0
Orange,Orange County,Agricultural Distribution,424490,Other Grocery and Related Products Merchant Wholesalers,2379.76,653500318.34,217469126.69,196.5,0
Orange,Orange County,Agricultural Distribution,424510,Grain and Field Bean Merchant Wholesalers,42.02,7696243.97,1845672.23,6.0,0
Orange,Orange County,Agricultural Distribution,424520,Livestock Merchant Wholesalers,10.0,1473124.97,349973.82,0.0,1
Orange,Orange County,Agricultural Distribution,424590,Other Farm Product Raw Material Merchant Wholesalers,177.29,50131549.23,12082923.99,24.75,0
Orange,Orange County,Agricultural Distribution,424810,Beer and Ale Merchant Wholesalers,1141.43,622154903.84,149528612.84,11.25,0
Orange,Orange County,Agricultural Distribution,424820,Wine and Distilled Alcoholic Beverage Merchant Wholesalers,785.5,570001452.27,139070747.35,46.75,0
Orange,Orange County,Agricultural Distribution,424910,Farm Supplies Merchant Wholesalers,133.32,55829128.63,13437275.93,28.0,0
Orange,Orange County,Agricultural Distribution,424930,"Flower, Nursery Stock, and Florists' Supplies Merchant Wholesalers",426.39,106255197.74,25659444.11,32.0,0
Orange,Orange County,Agricultural Distribution,424990,Other Miscellaneous Nondurable Goods Merchant Wholesalers,4247.83,1335681177.12,323654442.53,417.25,0
Orange,Orange County,Outdoor Recreation,441222,Boat Dealers,433.46,145922267.68,44497231.32,40.75,0
Orange,Orange County,Agricultural Support,444240,"Nursery, Garden Center, and Farm Supply Retailers",981.22,160011757.81,45830060.34,61.5,0
Orange,Orange County,Agricultural Distribution,445230,Fruit and Vegetable Markets,271.15,37162338.49,14146415.66,12.25,0
Orange,Orange County,Agricultural Distribution,445240,Meat Retailers,474.18,53895484.0,20363005.04,53.25,0
Orange,Orange County,Agricultural Distribution,445291,Baked Goods Stores,439.6,39759013.65,15007300.0,23.5,0
Orange,Orange County,Agricultural Distribution,445292,Confectionery and Nut Stores,651.88,66447969.94,25150282.03,52.25,0
Orange,Orange County,Agricultural Distribution,445298,All Other Specialty Food Retailers,1475.0,151879727.1,57605371.33,93.25,0
Orange,Orange County,Agricultural Distribution,445320,"Beer, Wine, and Liquor Retailers",2007.23,231422843.48,87323173.96,342.25,0
Orange,Orange County,Agricultural Distribution,456191,Food (Health) Supplement Retailers,2530.07,335067790.59,106005692.97,181.0,0
Orange,Orange County,Agricultural Distribution,459310,Florists,1869.75,140078597.83,46910258.35,117.0,0
Orange,Orange County,Agricultural Distribution,484230,"Specialized Freight (except Used Goods) Trucking, Long-Distance",330.74,77666013.13,28067261.19,39.75,0
Orange,Orange County,Outdoor Recreation,487110,"Scenic and Sightseeing Transportation, Land",35.29,3233679.84,1397765.54,3.25,0
Orange,Orange County,Outdoor Recreation,487210,"Scenic and Sightseeing Transportation, Water",482.05,50315788.6,21722968.83,31.0,0
Orange,Orange County,Outdoor Recreation,487990,"Scenic and Sightseeing Transportation, Other",10.59,1182731.76,509467.78,2.0,0
Orange,Orange County,Agricultural Distribution,493120,Refrigerated Warehousing and Storage,352.94,51721891.8,32544460.42,11.75,0
Orange,Orange County,Agricultural Distribution,493130,Farm Product Warehousing and Storage,19.07,600143.28,377336.11,1.0,0
Orange,Orange County,Outdoor Recreation,532284,Recreational Goods Rental,236.88,35513331.1,9315670.78,36.75,0
Orange,Orange County,Mining,532412,"Construction, Mining, and Forestry Machinery and Equipment Rental and Leasing",695.17,736018954.77,92665713.6,36.5,0
Orange,Orange County,Mining,541360,Geophysical Surveying and Mapping Services,69.08,11539813.38,5798792.69,11.5,0
Orange,Orange County,Agricultural Support,541620,Environmental Consulting Services,3307.95,534659043.76,326374896.94,172.75,0
Orange,Orange County,Agricultural Support,541690,Other Scientific and Technical Consulting Services,8899.75,1316183597.78,803533706.49,1057.0,0
Orange,Orange County,Agricultural Distribution,624210,Community Food Services,285.8,25428049.2,18600771.63,22.75,0
Orange,Orange County,Outdoor Recreation,712130,Zoos and Botanical Gardens,89.35,12575019.04,4077224.22,7.0,0
Orange,Orange County,Outdoor Recreation,712190,Nature Parks and Other Similar Institutions,39.19,7226856.18,2337396.58,4.0,0
Orange,Orange County,Outdoor Recreation,713920,Skiing Facilities,10.0,129444.28,49282.43,0.0,1
Orange,Orange County,Outdoor Recreation,713930,Marinas,324.95,47020098.38,18317477.58,12.5,0
Orange,Orange County,Outdoor Recreation,713990,All Other Amusement and Recreation Industries,2807.03,285430415.02,110476291.58,171.0,0
Orange,Orange County,Outdoor Recreation,721211,RV (Recreational Vehicle) Parks and Campgrounds,296.73,53418471.82,14084372.83,20.5,0
Orange,Orange County,Outdoor Recreation,721214,Recreational and Vacation Camps (except Campgrounds),145.23,29386657.39,7729111.72,10.75,0
Placer,Capital,Agricultural Production,111000,Crop Production,959.68,156903873.03,35976542.41,45.0,0
Placer,Capital,Agricultural Production,112000,Animal Production,183.16,56285520.73,9864205.52,16.25,0
Placer,Capital,Forestry,113110,Timber Tract Operations,10.0,1504902.77,615880.21,0.0,1
Placer,Capital,Forestry,113210,Forest Nurseries and Gathering of Forest Products,10.0,171634.46,70692.79,0.0,1
Placer,Capital,Forestry,113310,Logging,62.42,7616568.86,3011353.76,5.0,0
Placer,Capital,Fishing,114111,Finfish Fishing,23.83,901415.44,346399.77,0.0,0
Placer,Capital,Fishing,114112,Shellfish Fishing,12.9,527699.47,200672.34,0.0,0
Placer,Capital,Fishing,114119,Other Marine Fishing,10.0,1643.47,627.45,0.0,1
Placer,Capital,Outdoor Recreation,114210,Hunting and Trapping,10.0,834548.7,315750.57,1.0,1
Placer,Capital,Agricultural Processing,115111,Cotton Ginning,10.0,24459.24,21110.6,0.0,1
Placer,Capital,Agricultural Production,115112,"Soil Preparation, Planting, and Cultivating",54.66,1474413.99,1278367.78,1.0,0
Placer,Capital,Agricultural Production,115113,"Crop Harvesting, Primarily by Machine",10.0,142241.94,123427.96,1.0,1
Placer,Capital,Agricultural Production,115114,Postharvest Crop Activities (except Cotton Ginning),10.0,76640.95,66629.37,0.0,1
Placer,Capital,Agricultural Support,115115,Farm Labor Contractors and Crew Leaders,18.44,1172961.28,936479.45,1.0,0
Placer,Capital,Agricultural Support,115116,Farm Management Services,10.0,91641.92,79669.1,0.0,1
Placer,Capital,Agricultural Support,115210,Support Activities for Animal Production,147.06,3017634.34,2613049.2,7.0,0
Placer,Capital,Forestry,115310,Support Activities for Forestry,92.17,9346987.48,8088488.29,3.0,0
Placer,Capital,Mining,211120,Crude Petroleum Extraction,10.0,470130.01,42957.57,0.0,1
Placer,Capital,Mining,212210,Iron Ore Mining,10.0,4284640.46,777868.66,0.0,1
Placer,Capital,Mining,212220,Gold Ore and Silver Ore Mining,68.61,39868467.76,7553819.37,0.0,0
Placer,Capital,Mining,212321,Construction Sand and Gravel Mining,58.19,26519282.34,7124736.03,2.0,0
Placer,Capital,Mining,213111,Drilling Oil and Gas Wells,68.34,50787968.44,14107468.6,0.5,0
Placer,Capital,Mining,213112,Support Activities for Oil and Gas Operations,28.84,3765460.32,1365460.76,2.5,0
Placer,Capital,Mining,213113,Support Activities for Coal Mining,47.72,23913039.12,7946233.64,1.0,0
Placer,Capital,Renewable Energy,221111,Hydroelectric Power Generation,10.0,380745.82,52875.71,0.0,1
Placer,Capital,Renewable Energy,221114,Solar Electric Power Generation,110.93,102323319.68,14154826.83,8.75,0
Placer,Capital,Renewable Energy,221115,Wind Electric Power Generation,22.57,26782271.75,3598026.66,1.0,0
Placer,Capital,Renewable Energy,221117,Biomass Electric Power Generation,10.0,2293155.59,316275.64,1.0,1
Placer,Capital,Renewable Energy,221118,Other Electric Power Generation,13.07,7292948.08,1005561.76,1.0,0
Placer,Capital,Agricultural Support,221310,Water Supply and Irrigation Systems,58.34,12755485.5,4020541.87,4.5,0
Placer,Capital,Agricultural Processing,311111,Dog and Cat Food Manufacturing,10.0,1831160.49,192413.72,1.0,1
Placer,Capital,Agricultural Processing,311119,Other Animal Food Manufacturing,10.0,680549.83,58529.91,0.5,1
Placer,Capital,Agricultural Processing,311340,Nonchocolate Confectionery Manufacturing,10.0,960069.5,135918.76,1.5,1
Placer,Capital,Agricultural Processing,311411,"Frozen Fruit, Juice, and Vegetable Manufacturing",19.21,6519541.36,1155290.23,0.5,0
Placer,Capital,Agricultural Processing,311412,Frozen Specialty Food Manufacturing,15.4,5374804.65,952449.13,0.5,0
Placer,Capital,Agricultural Processing,311421,Fruit and Vegetable Canning,10.0,881997.64,165374.5,1.0,1
Placer,Capital,Agricultural Processing,311423,Dried and Dehydrated Food Manufacturing,10.0,337617.93,63459.34,1.0,1
Placer,Capital,Agricultural Processing,311511,Fluid Milk Manufacturing,10.0,1373982.92,155543.29,2.0,1
Placer,Capital,Fishing,311710,Seafood Product Preparation and Packaging,10.0,2053455.02,398610.92,0.0,1
Placer,Capital,Agricultural Processing,311811,Retail Bakeries,149.03,14501944.02,4301068.6,10.25,0
Placer,Capital,Agricultural Processing,311812,Commercial Bakeries,43.57,4993616.36,1477223.11,3.0,0
Placer,Capital,Agricultural Processing,311821,Cookie and Cracker Manufacturing,27.01,7461440.62,1417107.43,1.0,0
Placer,Capital,Agricultural Processing,311824,"Dry Pasta, Dough, and Flour Mixes Manufacturing from Purchased Flour",10.0,134722.26,25358.44,0.0,1
Placer,Capital,Agricultural Processing,311830,Tortilla Manufacturing,46.82,12395009.4,2347879.92,1.0,0
Placer,Capital,Agricultural Processing,311911,Roasted Nuts and Peanut Butter Manufacturing,10.0,4186385.25,428145.97,1.0,1
Placer,Capital,Agricultural Processing,311919,Other Snack Food Manufacturing,10.0,94477.54,9662.19,0.0,1
Placer,Capital,Agricultural Processing,311920,Coffee and Tea Manufacturing,255.0,138957065.38,19694481.49,3.0,0
Placer,Capital,Agricultural Processing,311930,Flavoring Syrup and Concentrate Manufacturing,10.0,132501.57,26392.02,0.0,1
Placer,Capital,Agricultural Processing,311941,"Mayonnaise, Dressing, and Other Prepared Sauce Manufacturing",10.0,111480.75,19320.32,0.0,1
Placer,Capital,Agricultural Processing,311942,Spice and Extract Manufacturing,10.0,712818.88,121807.95,2.0,1
Placer,Capital,Agricultural Processing,311991,Perishable Prepared Food Manufacturing,204.94,88344765.53,16050070.15,3.5,0
Placer,Capital,Agricultural Processing,311999,All Other Miscellaneous Food Manufacturing,10.0,186238.93,33804.39,0.0,1
Placer,Capital,Agricultural Processing,312111,Soft Drink Manufacturing,10.22,3377240.61,622534.76,1.25,0
Placer,Capital,Agricultural Processing,312112,Bottled Water Manufacturing,10.0,2037460.47,374245.87,0.5,1
Placer,Capital,Agricultural Processing,312113,Ice Manufacturing,10.0,493914.53,90729.32,1.0,1
Placer,Capital,Agricultural Processing,312120,Breweries,283.66,97723872.88,14973471.5,13.0,0
Placer,Capital,Agricultural Processing,312130,Wineries,142.59,31508426.03,6895567.0,15.25,0
Placer,Capital,Agricultural Processing,313110,"Fiber, Yarn, and Thread Mills",10.0,209158.89,40686.03,0.0,1
Placer,Capital,Agricultural Processing,316110,Leather and Hide Tanning and Finishing,10.0,191933.28,51755.0,0.0,1
Placer,Capital,Agricultural Processing,316990,Other Leather and Allied Product Manufacturing,14.16,6082942.74,1633789.6,2.0,0
Placer,Capital,Forestry,321113,Sawmills,310.64,198234687.47,29436380.92,2.0,0
Placer,Capital,Forestry,321114,Wood Preservation,10.0,851952.75,126042.1,0.0,1
Placer,Capital,Forestry,321215,Engineered Wood Member Manufacturing,109.41,56630375.97,9895744.73,1.0,0
Placer,Capital,Forestry,321911,Wood Window and Door Manufacturing,131.1,74952225.51,16004078.05,2.0,0
Placer,Capital,Forestry,321912,"Cut Stock, Resawing Lumber, and Planing",10.0,879034.73,185596.08,0.0,1
Placer,Capital,Forestry,321918,Other Millwork (including Flooring),97.2,43205939.6,9151445.33,1.0,0
Placer,Capital,Forestry,321920,Wood Container and Pallet Manufacturing,10.0,923121.72,229663.44,0.0,1
Placer,Capital,Forestry,321992,Prefabricated Wood Building Manufacturing,10.0,179371.06,44670.8,1.0,1
Placer,Capital,Forestry,321999,All Other Miscellaneous Wood Product Manufacturing,18.03,3036345.33,754670.01,2.0,0
Placer,Capital,Forestry,322211,Corrugated and Solid Fiber Box Manufacturing,10.0,693885.55,129589.56,0.75,1
Placer,Capital,Forestry,322220,Paper Bag and Coated and Treated Paper Manufacturing,18.89,8463780.01,1837265.84,2.0,0
Placer,Capital,Agricultural Support,325311,Nitrogenous Fertilizer Manufacturing,10.0,9541004.51,1325399.62,0.0,1
Placer,Capital,Agricultural Support,325312,Phosphatic Fertilizer Manufacturing,10.0,2228100.67,303439.45,0.0,1
Placer,Capital,Agricultural Support,325314,Fertilizer (Mixing Only) Manufacturing,18.29,15772482.04,2189549.21,0.0,0
Placer,Capital,Agricultural Support,325315,Compost Manufacturing,10.0,2356057.74,331814.12,0.0,1
Placer,Capital,Agricultural Support,325320,Pesticide and Other Agricultural Chemical Manufacturing,13.12,22273524.14,2245569.21,0.0,0
Placer,Capital,Mining,327120,Clay Building Material and Refractories Manufacturing,62.85,10146743.94,3501920.27,1.0,0
Placer,Capital,Mining,327310,Cement Manufacturing,82.32,45865518.06,7424773.12,1.0,0
Placer,Capital,Mining,327320,Ready-Mix Concrete Manufacturing,35.89,14595577.72,3291419.45,3.0,0
Placer,Capital,Mining,327331,Concrete Block and Brick Manufacturing,10.0,253141.05,75682.07,1.0,1
Placer,Capital,Agricultural Support,333111,Farm Machinery and Equipment Manufacturing,10.97,3951344.76,804862.98,2.0,0
Placer,Capital,Mining,333131,Mining Machinery and Equipment Manufacturing,24.09,4765658.53,1827128.75,1.0,0
Placer,Capital,Agricultural Processing,333241,Food Product Machinery Manufacturing,15.79,2625740.65,711679.85,2.0,0
Placer,Capital,Agricultural Processing,333993,Packaging Machinery Manufacturing,10.0,4317730.28,1176051.91,1.0,1
Placer,Capital,Forestry,337110,Wood Kitchen Cabinet and Countertop Manufacturing,247.49,38555705.68,17402023.21,15.5,0
Placer,Capital,Forestry,337211,Wood Office Furniture Manufacturing,20.17,5512885.63,1382688.57,1.0,0
Placer,Capital,Forestry,423310,"Lumber, Plywood, Millwork, and Wood Panel Merchant Wholesalers",180.68,57089978.53,17404619.9,12.25,0
Placer,Capital,Mining,423320,"Brick, Stone, and Related Construction Material Merchant Wholesalers",82.63,21239663.85,6486167.53,8.0,0
Placer,Capital,Agricultural Support,423820,Farm and Garden Machinery and Equipment Merchant Wholesalers,29.77,8152217.01,2796063.12,3.5,0
Placer,Capital,Agricultural Distribution,424410,General Line Grocery Merchant Wholesalers,483.97,118902288.36,39585191.55,11.0,0
Placer,Capital,Agricultural Distribution,424420,Packaged Frozen Food Merchant Wholesalers,10.0,521822.14,173490.84,0.75,1
Placer,Capital,Agricultural Distribution,424430,Dairy Product (except Dried or Canned) Merchant Wholesalers,16.02,3240512.48,1074013.93,1.0,0
Placer,Capital,Agricultural Distribution,424450,Confectionery Merchant Wholesalers,24.1,4665020.22,1547208.46,1.0,0
Placer,Capital,Fishing,424460,Fish and Seafood Merchant Wholesalers,10.0,405767.83,135322.34,0.0,1
Placer,Capital,Agricultural Distribution,424470,Meat and Meat Product Merchant Wholesalers,13.95,2783960.97,927473.7,1.0,0
Placer,Capital,Agricultural Distribution,424480,Fresh Fruit and Vegetable Merchant Wholesalers,10.0,1427070.74,475946.09,2.0,1
Placer,Capital,Agricultural Distribution,424490,Other Grocery and Related Products Merchant Wholesalers,158.57,59100159.05,19667105.91,9.75,0
Placer,Capital,Agricultural Distribution,424510,Grain and Field Bean Merchant Wholesalers,29.33,10503605.17,2518918.64,1.0,0
Placer,Capital,Agricultural Distribution,424520,Livestock Merchant Wholesalers,10.0,654344.09,155454.09,0.0,1
Placer,Capital,Agricultural Distribution,424590,Other Farm Product Raw Material Merchant Wholesalers,10.0,874089.39,210676.83,0.0,1
Placer,Capital,Agricultural Distribution,424810,Beer and Ale Merchant Wholesalers,118.97,48740564.68,11714299.74,3.0,0
Placer,Capital,Agricultural Distribution,424820,Wine and Distilled Alcoholic Beverage Merchant Wholesalers,59.64,32783313.17,7998575.87,4.0,0
Placer,Capital,Agricultural Distribution,424910,Farm Supplies Merchant Wholesalers,12.53,7923561.31,1907088.33,3.5,0
Placer,Capital,Agricultural Distribution,424930,"Flower, Nursery Stock, and Florists' Supplies Merchant Wholesalers",35.43,5976032.18,1443145.06,1.25,0
Placer,Capital,Agricultural Distribution,424990,Other Miscellaneous Nondurable Goods Merchant Wholesalers,249.67,59020649.19,14301538.15,17.0,0
Placer,Capital,Outdoor Recreation,441222,Boat Dealers,75.06,18329264.25,5589287.53,8.0,0
Placer,Capital,Agricultural Support,444240,"Nursery, Garden Center, and Farm Supply Retailers",477.56,109602797.52,31392085.76,26.0,0
Placer,Capital,Agricultural Distribution,445230,Fruit and Vegetable Markets,109.23,13678869.08,5207071.88,5.0,0
Placer,Capital,Agricultural Distribution,445240,Meat Retailers,50.91,5995260.1,2265152.89,5.0,0
Placer,Capital,Agricultural Distribution,445291,Baked Goods Stores,18.03,1598924.81,603524.64,0.0,0
Placer,Capital,Agricultural Distribution,445292,Confectionery and Nut Stores,34.61,3039062.16,1150272.47,4.0,0
Placer,Capital,Agricultural Distribution,445298,All Other Specialty Food Retailers,194.22,14329252.06,5434839.14,9.5,0
Placer,Capital,Agricultural Distribution,445320,"Beer, Wine, and Liquor Retailers",278.9,33374823.26,12593378.65,32.0,0
Placer,Capital,Agricultural Distribution,456191,Food (Health) Supplement Retailers,263.29,20451702.01,6470323.04,16.25,0
Placer,Capital,Agricultural Distribution,459310,Florists,203.21,15720676.38,5264622.88,6.25,0
Placer,Capital,Agricultural Distribution,484230,"Specialized Freight (except Used Goods) Trucking, Long-Distance",50.18,14432736.06,5215761.13,13.0,0
Placer,Capital,Outdoor Recreation,487110,"Scenic and Sightseeing Transportation, Land",10.0,81969.26,35431.4,0.0,1
Placer,Capital,Outdoor Recreation,487210,"Scenic and Sightseeing Transportation, Water",21.47,2706999.48,1168700.06,3.0,0
Placer,Capital,Agricultural Distribution,493120,Refrigerated Warehousing and Storage,18.15,1418034.56,892256.03,1.0,0
Placer,Capital,Agricultural Distribution,493130,Farm Product Warehousing and Storage,10.0,28541.39,17945.21,0.0,1
Placer,Capital,Outdoor Recreation,532284,Recreational Goods Rental,73.55,13816875.08,3624370.22,13.0,0
Placer,Capital,Mining,532412,"Construction, Mining, and Forestry Machinery and Equipment Rental and Leasing",157.69,131521802.47,16558760.62,11.5,0
Placer,Capital,Mining,541360,Geophysical Surveying and Mapping Services,21.53,4458567.8,2240444.41,1.0,0
Placer,Capital,Agricultural Support,541620,Environmental Consulting Services,800.23,135404018.5,82655428.91,30.75,0
Placer,Capital,Agricultural Support,541690,Other Scientific and Technical Consulting Services,843.28,141336370.32,86286242.82,90.75,0
Placer,Capital,Agricultural Distribution,624210,Community Food Services,32.79,3995030.72,2922389.11,4.0,0
Placer,Capital,Outdoor Recreation,712130,Zoos and Botanical Gardens,10.0,226015.72,73281.54,1.0,1
Placer,Capital,Outdoor Recreation,712190,Nature Parks and Other Similar Institutions,27.65,5679783.94,1837023.91,3.0,0
Placer,Capital,Outdoor Recreation,713920,Skiing Facilities,1414.71,196295894.04,74734387.14,3.0,0
Placer,Capital,Outdoor Recreation,713930,Marinas,121.51,25536157.9,9948043.84,7.0,0
Placer,Capital,Outdoor Recreation,713990,All Other Amusement and Recreation Industries,2494.39,306389097.43,118588382.61,42.5,0
Placer,Capital,Outdoor Recreation,721211,RV (Recreational Vehicle) Parks and Campgrounds,33.82,7087336.0,1868654.78,5.0,0
Placer,Capital,Outdoor Recreation,721214,Recreational and Vacation Camps (except Campgrounds),10.0,2349858.83,618046.52,1.0,1
Plumas,North State,Agricultural Production,111000,Crop Production,63.79,11093648.34,2543666.4,5.0,0
Plumas,North State,Agricultural Production,112000,Animal Production,50.64,13679605.5,2397391.7,4.0,0
Plumas,North State,Forestry,113110,Timber Tract Operations,10.0,136296.23,55779.12,0.0,1
Plumas,North State,Forestry,113210,Forest Nurseries and Gathering of Forest Products,10.0,103678.95,42703.28,0.0,1
Plumas,North State,Forestry,113310,Logging,91.05,16684814.75,6596655.34,9.75,0
Plumas,North State,Fishing,114111,Finfish Fishing,10.0,318198.31,122278.6,0.0,1
Plumas,North State,Fishing,114112,Shellfish Fishing,10.0,47434.49,18038.28,0.0,1
Plumas,North State,Agricultural Support,115115,Farm Labor Contractors and Crew Leaders,10.0,76246.57,60874.43,0.0,1
Plumas,North State,Agricultural Support,115210,Support Activities for Animal Production,28.44,240683.0,208413.76,0.0,0
Plumas,North State,Forestry,115310,Support Activities for Forestry,54.07,3449345.11,2984917.61,7.0,0
Plumas,North State,Mining,212313,Crushed and Broken Granite Mining and Quarrying,10.0,91402.78,19689.43,0.0,1
Plumas,North State,Mining,212321,Construction Sand and Gravel Mining,10.0,2794526.46,750784.39,1.0,1
Plumas,North State,Mining,212390,Other Nonmetallic Mineral Mining and Quarrying,10.0,90591.81,24334.03,0.0,1
Plumas,North State,Mining,213112,Support Activities for Oil and Gas Operations,10.0,67275.57,24396.0,0.0,1
Plumas,North State,Renewable Energy,221111,Hydroelectric Power Generation,120.2,193740417.06,26905512.63,1.0,0
Plumas,North State,Agricultural Support,221310,Water Supply and Irrigation Systems,14.77,4515356.82,1423245.02,3.0,0
Plumas,North State,Agricultural Processing,311423,Dried and Dehydrated Food Manufacturing,10.02,2345089.81,440787.78,1.0,0
Plumas,North State,Agricultural Processing,311811,Retail Bakeries,10.0,682608.0,202451.74,1.0,1
Plumas,North State,Agricultural Processing,311812,Commercial Bakeries,10.0,765501.82,226452.52,1.0,1
Plumas,North State,Agricultural Processing,312120,Breweries,26.43,5552140.1,850711.39,4.0,0
Plumas,North State,Agricultural Processing,312130,Wineries,10.0,966081.33,211425.3,0.0,1
Plumas,North State,Forestry,321113,Sawmills,419.44,251134552.33,37291618.53,3.0,0
Plumas,North State,Forestry,321911,Wood Window and Door Manufacturing,10.0,327179.92,69860.67,0.0,1
Plumas,North State,Forestry,321918,Other Millwork (including Flooring),10.0,248315.07,52595.59,0.0,1
Plumas,North State,Forestry,321920,Wood Container and Pallet Manufacturing,10.0,300011.47,74639.85,0.0,1
Plumas,North State,Forestry,321999,All Other Miscellaneous Wood Product Manufacturing,10.0,681078.99,169279.13,0.0,1
Plumas,North State,Mining,327320,Ready-Mix Concrete Manufacturing,10.0,527866.25,119038.06,1.0,1
Plumas,North State,Mining,327991,Cut Stone and Stone Product Manufacturing,10.0,135457.26,51949.47,1.0,1
Plumas,North State,Mining,333131,Mining Machinery and Equipment Manufacturing,10.0,156680.58,60070.52,1.0,1
Plumas,North State,Forestry,337110,Wood Kitchen Cabinet and Countertop Manufacturing,10.0,971069.24,438289.72,1.0,1
Plumas,North State,Mining,423320,"Brick, Stone, and Related Construction Material Merchant Wholesalers",10.0,1462649.73,446663.9,1.0,1
Plumas,North State,Agricultural Distribution,424420,Packaged Frozen Food Merchant Wholesalers,10.0,263749.26,87689.04,1.0,1
Plumas,North State,Agricultural Distribution,424450,Confectionery Merchant Wholesalers,10.0,1691258.18,560925.54,1.0,1
Plumas,North State,Agricultural Distribution,424490,Other Grocery and Related Products Merchant Wholesalers,10.0,507724.15,168958.34,2.0,1
Plumas,North State,Agricultural Distribution,424910,Farm Supplies Merchant Wholesalers,10.89,2745593.41,660825.22,0.0,0
Plumas,North State,Agricultural Distribution,424930,"Flower, Nursery Stock, and Florists' Supplies Merchant Wholesalers",10.0,292548.9,70647.29,0.0,1
Plumas,North State,Agricultural Distribution,424990,Other Miscellaneous Nondurable Goods Merchant Wholesalers,10.0,17614.0,4268.12,0.0,1
Plumas,North State,Agricultural Support,444240,"Nursery, Garden Center, and Farm Supply Retailers",10.0,296441.95,84905.96,1.0,1
Plumas,North State,Agricultural Distribution,445230,Fruit and Vegetable Markets,12.25,857304.5,326346.14,0.5,0
Plumas,North State,Agricultural Distribution,445292,Confectionery and Nut Stores,10.0,175035.15,66250.08,1.0,1
Plumas,North State,Agricultural Distribution,445298,All Other Specialty Food Retailers,10.0,64414.51,24431.32,0.0,1
Plumas,North State,Agricultural Distribution,445320,"Beer, Wine, and Liquor Retailers",11.57,607020.9,229048.23,1.0,0
Plumas,North State,Agricultural Distribution,456191,Food (Health) Supplement Retailers,10.0,46856.54,14824.04,0.0,1
Plumas,North State,Agricultural Distribution,459310,Florists,12.01,1299183.02,435077.25,1.0,0
Plumas,North State,Agricultural Distribution,484230,"Specialized Freight (except Used Goods) Trucking, Long-Distance",16.09,1958195.64,707660.74,0.0,0
Plumas,North State,Outdoor Recreation,487110,"Scenic and Sightseeing Transportation, Land",10.0,26537.6,11470.94,0.0,1
Plumas,North State,Outdoor Recreation,487210,"Scenic and Sightseeing Transportation, Water",10.0,108489.9,46838.63,0.0,1
Plumas,North State,Agricultural Distribution,493120,Refrigerated Warehousing and Storage,10.0,37664.13,23699.03,0.0,1
Plumas,North State,Agricultural Distribution,493130,Farm Product Warehousing and Storage,10.0,15076.57,9479.3,0.0,1
Plumas,North State,Outdoor Recreation,532284,Recreational Goods Rental,10.0,341316.25,89532.29,2.0,1
Plumas,North State,Mining,532412,"Construction, Mining, and Forestry Machinery and Equipment Rental and Leasing",10.0,597553.87,75232.78,0.0,1
Plumas,North State,Agricultural Support,541620,Environmental Consulting Services,10.0,817698.19,499152.06,1.0,1
Plumas,North State,Agricultural Support,541690,Other Scientific and Technical Consulting Services,21.67,1840508.84,1123635.71,2.0,0
Plumas,North State,Outdoor Recreation,712190,Nature Parks and Other Similar Institutions,18.9,1426057.32,461232.58,1.0,0
Plumas,North State,Outdoor Recreation,713920,Skiing Facilities,10.0,47986.51,18269.57,1.0,1
Plumas,North State,Outdoor Recreation,713930,Marinas,10.0,226789.13,88349.55,1.0,1
Plumas,North State,Outdoor Recreation,713990,All Other Amusement and Recreation Industries,11.79,971089.11,375861.57,2.75,0
Plumas,North State,Outdoor Recreation,721211,RV (Recreational Vehicle) Parks and Campgrounds,40.71,5926903.64,1562693.91,7.5,0
Plumas,North State,Outdoor Recreation,721214,Recreational and Vacation Camps (except Campgrounds),79.76,15927999.81,4189292.05,3.5,0
Riverside,Inland SoCal,Agricultural Production,111000,Crop Production,6727.32,1730707894.74,396834601.78,255.0,0
Riverside,Inland SoCal,Agricultural Production,112000,Animal Production,741.27,289821523.84,50792087.18,65.5,0
Riverside,Inland SoCal,Forestry,113110,Timber Tract Operations,10.0,606956.91,248396.61,0.0,1
Riverside,Inland SoCal,Forestry,113210,Forest Nurseries and Gathering of Forest Products,32.06,5781513.31,2381289.23,1.0,0
Riverside,Inland SoCal,Forestry,113310,Logging,39.17,3760588.84,1486819.53,0.0,0
Riverside,Inland SoCal,Fishing,114111,Finfish Fishing,56.45,3094172.62,1189041.85,0.0,0
Riverside,Inland SoCal,Fishing,114112,Shellfish Fishing,12.6,916560.22,348547.41,1.0,0
Riverside,Inland SoCal,Fishing,114119,Other Marine Fishing,10.0,1475.6,563.36,0.0,1
Riverside,Inland SoCal,Outdoor Recreation,114210,Hunting and Trapping,10.0,460681.1,174298.18,1.0,1
Riverside,Inland SoCal,Agricultural Processing,115111,Cotton Ginning,10.0,421087.15,363437.39,1.0,1
Riverside,Inland SoCal,Agricultural Production,115112,"Soil Preparation, Planting, and Cultivating",436.15,24781899.34,21486761.44,22.5,0
Riverside,Inland SoCal,Agricultural Production,115113,"Crop Harvesting, Primarily by Machine",84.33,6371444.28,5528709.55,2.25,0
Riverside,Inland SoCal,Agricultural Production,115114,Postharvest Crop Activities (except Cotton Ginning),751.25,54618139.98,47483389.75,25.75,0
Riverside,Inland SoCal,Agricultural Support,115115,Farm Labor Contractors and Crew Leaders,4313.15,209477944.0,167244898.84,55.25,0
Riverside,Inland SoCal,Agricultural Support,115116,Farm Management Services,368.25,22176767.16,19279419.84,18.25,0
Riverside,Inland SoCal,Agricultural Support,115210,Support Activities for Animal Production,843.61,20481199.27,17735210.87,52.75,0
Riverside,Inland SoCal,Forestry,115310,Support Activities for Forestry,119.15,6287022.87,5440524.12,2.0,0
Riverside,Inland SoCal,Mining,211120,Crude Petroleum Extraction,10.0,3066274.45,280177.17,0.0,1
Riverside,Inland SoCal,Mining,211130,Natural Gas Extraction,10.0,670928.15,61723.5,0.0,1
Riverside,Inland SoCal,Mining,212210,Iron Ore Mining,10.0,5482896.94,995409.93,1.0,1
Riverside,Inland SoCal,Mining,212220,Gold Ore and Silver Ore Mining,59.2,36617903.61,6937939.81,2.0,0
Riverside,Inland SoCal,Mining,212311,Dimension Stone Mining and Quarrying,10.0,1761108.51,377010.09,1.75,1
Riverside,Inland SoCal,Mining,212312,Crushed and Broken Limestone Mining and Quarrying,10.0,597368.86,128036.11,0.0,1
Riverside,Inland SoCal,Mining,212313,Crushed and Broken Granite Mining and Quarrying,10.0,2783662.2,599639.7,0.5,1
Riverside,Inland SoCal,Mining,212319,Other Crushed and Broken Stone Mining and Quarrying,38.71,16628521.31,3602723.07,3.0,0
Riverside,Inland SoCal,Mining,212321,Construction Sand and Gravel Mining,312.22,154229027.91,41435552.35,8.0,0
Riverside,Inland SoCal,Mining,212322,Industrial Sand Mining,49.49,18517711.19,4845594.26,1.0,0
Riverside,Inland SoCal,Mining,212323,"Kaolin, Clay, and Ceramic and Refractory Minerals Mining",10.0,3210711.54,859486.96,1.0,1
Riverside,Inland SoCal,Mining,212390,Other Nonmetallic Mineral Mining and Quarrying,24.89,7737907.88,2078493.2,2.0,0
Riverside,Inland SoCal,Mining,213111,Drilling Oil and Gas Wells,52.61,15086154.76,4190509.31,3.5,0
Riverside,Inland SoCal,Mining,213112,Support Activities for Oil and Gas Operations,31.15,8853832.6,3210646.24,4.5,0
Riverside,Inland SoCal,Renewable Energy,221111,Hydroelectric Power Generation,10.0,3592655.83,498926.6,0.0,1
Riverside,Inland SoCal,Renewable Energy,221114,Solar Electric Power Generation,84.87,65736386.73,9093598.34,22.75,0
Riverside,Inland SoCal,Renewable Energy,221115,Wind Electric Power Generation,166.39,170817402.83,22948223.94,11.0,0
Riverside,Inland SoCal,Renewable Energy,221116,Geothermal Electric Power Generation,10.0,2106104.13,298086.32,0.0,1
Riverside,Inland SoCal,Renewable Energy,221117,Biomass Electric Power Generation,10.0,1832928.87,252800.44,1.0,1
Riverside,Inland SoCal,Renewable Energy,221118,Other Electric Power Generation,39.8,21410005.29,2952041.1,2.0,0
Riverside,Inland SoCal,Agricultural Support,221310,Water Supply and Irrigation Systems,262.02,74038529.12,23337018.9,22.0,0
Riverside,Inland SoCal,Agricultural Processing,311111,Dog and Cat Food Manufacturing,150.19,46381468.15,4873647.46,5.0,0
Riverside,Inland SoCal,Agricultural Processing,311119,Other Animal Food Manufacturing,278.01,187760270.04,16148107.79,7.0,0
Riverside,Inland SoCal,Agricultural Processing,311224,Soybean and Other Oilseed Processing,85.02,337075616.69,7327466.84,1.0,0
Riverside,Inland SoCal,Agricultural Processing,311230,Breakfast Cereal Manufacturing,10.0,477280.41,63169.51,1.0,1
Riverside,Inland SoCal,Agricultural Processing,311340,Nonchocolate Confectionery Manufacturing,27.54,7074611.38,1001565.41,2.25,0
Riverside,Inland SoCal,Agricultural Processing,311411,"Frozen Fruit, Juice, and Vegetable Manufacturing",157.98,88068550.59,15606118.63,2.0,0
Riverside,Inland SoCal,Agricultural Processing,311412,Frozen Specialty Food Manufacturing,365.91,170518015.49,30216863.09,7.0,0
Riverside,Inland SoCal,Agricultural Processing,311421,Fruit and Vegetable Canning,417.97,194800391.98,36525062.05,3.5,0
Riverside,Inland SoCal,Agricultural Processing,311422,Specialty Canning,10.0,255445.29,47760.46,0.0,1
Riverside,Inland SoCal,Agricultural Processing,311423,Dried and Dehydrated Food Manufacturing,10.0,534881.9,100537.47,0.5,1
Riverside,Inland SoCal,Agricultural Processing,311511,Fluid Milk Manufacturing,112.9,95214395.5,10778853.25,1.5,0
Riverside,Inland SoCal,Agricultural Processing,311512,Creamery Butter Manufacturing,10.0,203162.1,22569.09,0.0,1
Riverside,Inland SoCal,Agricultural Processing,311513,Cheese Manufacturing,10.0,1077230.79,81979.17,0.0,1
Riverside,Inland SoCal,Agricultural Processing,311514,"Dry, Condensed, and Evaporated Dairy Product Manufacturing",10.0,3783885.01,285741.43,0.0,1
Riverside,Inland SoCal,Agricultural Processing,311520,Ice Cream and Frozen Dessert Manufacturing,18.41,3902937.98,745557.95,3.0,0
Riverside,Inland SoCal,Agricultural Processing,311611,Animal (except Poultry) Slaughtering,36.51,20687126.4,2462169.75,1.0,0
Riverside,Inland SoCal,Agricultural Processing,311612,Meat Processed from Carcasses,225.96,123231635.3,14448340.28,3.0,0
Riverside,Inland SoCal,Agricultural Processing,311613,Rendering and Meat Byproduct Processing,16.9,13601249.76,1595046.08,1.5,0
Riverside,Inland SoCal,Agricultural Processing,311615,Poultry Processing,136.1,52518731.23,8545749.12,0.5,0
Riverside,Inland SoCal,Fishing,311710,Seafood Product Preparation and Packaging,23.22,11031013.94,2141309.44,1.0,0
Riverside,Inland SoCal,Agricultural Processing,311811,Retail Bakeries,631.9,76696314.36,22747026.79,49.5,0
Riverside,Inland SoCal,Agricultural Processing,311812,Commercial Bakeries,602.92,140411880.55,41536966.36,24.25,0
Riverside,Inland SoCal,Agricultural Processing,311813,"Frozen Cakes, Pies, and Other Pastries Manufacturing",36.27,7204716.04,2142578.45,2.0,0
Riverside,Inland SoCal,Agricultural Processing,311821,Cookie and Cracker Manufacturing,70.56,25169655.87,4780324.35,1.0,0
Riverside,Inland SoCal,Agricultural Processing,311824,"Dry Pasta, Dough, and Flour Mixes Manufacturing from Purchased Flour",86.66,35857056.54,6749285.62,2.0,0
Riverside,Inland SoCal,Agricultural Processing,311830,Tortilla Manufacturing,298.84,116279404.01,22025806.44,5.75,0
Riverside,Inland SoCal,Agricultural Processing,311911,Roasted Nuts and Peanut Butter Manufacturing,12.41,6305688.17,644889.28,1.25,0
Riverside,Inland SoCal,Agricultural Processing,311919,Other Snack Food Manufacturing,222.86,151392770.43,15482894.73,3.0,0
Riverside,Inland SoCal,Agricultural Processing,311920,Coffee and Tea Manufacturing,119.89,39626090.2,5616233.32,4.5,0
Riverside,Inland SoCal,Agricultural Processing,311930,Flavoring Syrup and Concentrate Manufacturing,31.39,11594641.98,2309452.08,2.0,0
Riverside,Inland SoCal,Agricultural Processing,311941,"Mayonnaise, Dressing, and Other Prepared Sauce Manufacturing",65.92,26344160.86,4565610.02,3.0,0
Riverside,Inland SoCal,Agricultural Processing,311942,Spice and Extract Manufacturing,73.41,41911178.87,7161867.9,4.5,0
Riverside,Inland SoCal,Agricultural Processing,311991,Perishable Prepared Food Manufacturing,376.54,167867031.21,30497309.16,8.75,0
Riverside,Inland SoCal,Agricultural Processing,311999,All Other Miscellaneous Food Manufacturing,28.82,10378864.81,1883876.64,3.5,0
Riverside,Inland SoCal,Agricultural Processing,312111,Soft Drink Manufacturing,474.75,239841297.39,44210514.17,5.75,0
Riverside,Inland SoCal,Agricultural Processing,312112,Bottled Water Manufacturing,311.82,165554787.66,30409520.7,7.0,0
Riverside,Inland SoCal,Agricultural Processing,312113,Ice Manufacturing,10.0,1327507.61,243855.69,2.0,1
Riverside,Inland SoCal,Agricultural Processing,312120,Breweries,331.41,87208736.99,13362318.74,28.75,0
Riverside,Inland SoCal,Agricultural Processing,312130,Wineries,1697.91,364612945.67,79794941.04,47.0,0
Riverside,Inland SoCal,Agricultural Processing,312140,Distilleries,144.43,179862405.65,14195797.68,3.0,0
Riverside,Inland SoCal,Agricultural Processing,313110,"Fiber, Yarn, and Thread Mills",14.91,2791309.01,542971.31,2.0,0
Riverside,Inland SoCal,Agricultural Processing,316110,Leather and Hide Tanning and Finishing,10.0,369795.33,99715.68,0.5,1
Riverside,Inland SoCal,Agricultural Processing,316990,Other Leather and Allied Product Manufacturing,43.04,7695057.27,2066780.03,3.0,0
Riverside,Inland SoCal,Forestry,321113,Sawmills,12.0,2993321.44,444486.03,0.0,0
Riverside,Inland SoCal,Forestry,321114,Wood Preservation,12.52,5031499.65,744384.93,1.0,0
Riverside,Inland SoCal,Forestry,321211,Hardwood Veneer and Plywood Manufacturing,10.0,507734.43,87828.18,0.0,1
Riverside,Inland SoCal,Forestry,321215,Engineered Wood Member Manufacturing,662.66,363566618.74,63530612.13,9.75,0
Riverside,Inland SoCal,Forestry,321219,Reconstituted Wood Product Manufacturing,10.0,650722.77,110499.3,0.0,1
Riverside,Inland SoCal,Forestry,321911,Wood Window and Door Manufacturing,160.75,53235105.12,11366957.71,9.5,0
Riverside,Inland SoCal,Forestry,321912,"Cut Stock, Resawing Lumber, and Planing",45.58,12942548.68,2732640.9,1.0,0
Riverside,Inland SoCal,Forestry,321918,Other Millwork (including Flooring),627.67,201379548.7,42654180.12,13.0,0
Riverside,Inland SoCal,Forestry,321920,Wood Container and Pallet Manufacturing,381.79,86021708.23,21401339.14,24.0,0
Riverside,Inland SoCal,Forestry,321992,Prefabricated Wood Building Manufacturing,217.31,59277036.98,14762428.73,2.0,0
Riverside,Inland SoCal,Forestry,321999,All Other Miscellaneous Wood Product Manufacturing,137.82,28850028.84,7170545.22,10.0,0
Riverside,Inland SoCal,Forestry,322120,Paper Mills,10.0,683827.31,122100.57,1.0,1
Riverside,Inland SoCal,Forestry,322130,Paperboard Mills,10.0,158925.9,15165.5,0.0,1
Riverside,Inland SoCal,Forestry,322211,Corrugated and Solid Fiber Box Manufacturing,57.41,25872360.76,4831903.3,4.0,0
Riverside,Inland SoCal,Forestry,322212,Folding Paperboard Box Manufacturing,324.15,157537873.69,29561654.39,3.0,0
Riverside,Inland SoCal,Forestry,322219,Other Paperboard Container Manufacturing,10.52,3005076.02,555973.94,1.0,0
Riverside,Inland SoCal,Forestry,322220,Paper Bag and Coated and Treated Paper Manufacturing,309.91,93048910.35,20198491.02,3.0,0
Riverside,Inland SoCal,Forestry,322230,Stationery Product Manufacturing,10.81,3952425.03,879653.43,2.0,0
Riverside,Inland SoCal,Forestry,322291,Sanitary Paper Product Manufacturing,69.37,23527431.89,5937598.04,1.0,0
Riverside,Inland SoCal,Forestry,322299,All Other Converted Paper Product Manufacturing,10.0,404975.41,106239.23,2.0,1
Riverside,Inland SoCal,Agricultural Support,325311,Nitrogenous Fertilizer Manufacturing,68.55,56768300.97,7886033.87,2.0,0
Riverside,Inland SoCal,Agricultural Support,325312,Phosphatic Fertilizer Manufacturing,10.0,1295701.04,176458.28,0.0,1
Riverside,Inland SoCal,Agricultural Support,325314,Fertilizer (Mixing Only) Manufacturing,135.12,116954473.0,16235718.23,6.0,0
Riverside,Inland SoCal,Agricultural Support,325315,Compost Manufacturing,10.0,3104259.13,437186.66,0.0,1
Riverside,Inland SoCal,Agricultural Support,325320,Pesticide and Other Agricultural Chemical Manufacturing,18.17,21791487.94,2196971.35,2.75,0
Riverside,Inland SoCal,Mining,327120,Clay Building Material and Refractories Manufacturing,207.89,49120766.82,16952926.95,8.25,0
Riverside,Inland SoCal,Mining,327310,Cement Manufacturing,23.27,16580182.98,2684022.81,1.0,0
Riverside,Inland SoCal,Mining,327320,Ready-Mix Concrete Manufacturing,931.76,339298925.44,76514619.89,32.0,0
Riverside,Inland SoCal,Mining,327331,Concrete Block and Brick Manufacturing,186.5,55969172.0,16733212.66,5.0,0
Riverside,Inland SoCal,Mining,327390,Other Concrete Product Manufacturing,579.7,154920444.94,44638125.25,13.0,0
Riverside,Inland SoCal,Mining,327991,Cut Stone and Stone Product Manufacturing,206.43,31097908.68,11926416.84,14.0,0
Riverside,Inland SoCal,Mining,327992,Ground or Treated Mineral and Earth Manufacturing,10.0,339155.06,42840.4,0.0,1
Riverside,Inland SoCal,Mining,331410,Nonferrous Metal (except Aluminum) Smelting and Refining,10.0,6908712.16,498018.54,2.0,1
Riverside,Inland SoCal,Agricultural Support,333111,Farm Machinery and Equipment Manufacturing,99.62,37788675.14,7697304.97,6.0,0
Riverside,Inland SoCal,Mining,333131,Mining Machinery and Equipment Manufacturing,10.0,65935.78,25279.44,0.0,1
Riverside,Inland SoCal,Mining,333132,Oil and Gas Field Machinery and Equipment Manufacturing,10.0,240981.29,92015.35,1.0,1
Riverside,Inland SoCal,Agricultural Processing,333241,Food Product Machinery Manufacturing,37.95,7600339.62,2059993.45,3.0,0
Riverside,Inland SoCal,Forestry,333243,"Sawmill, Woodworking, and Paper Machinery Manufacturing",19.95,1672704.12,450239.63,0.0,0
Riverside,Inland SoCal,Agricultural Processing,333993,Packaging Machinery Manufacturing,108.66,30816535.59,8393726.14,3.75,0
Riverside,Inland SoCal,Forestry,337110,Wood Kitchen Cabinet and Countertop Manufacturing,534.9,75391163.08,34027616.59,38.0,0
Riverside,Inland SoCal,Forestry,337211,Wood Office Furniture Manufacturing,31.67,13287896.52,3332741.49,3.0,0
Riverside,Inland SoCal,Forestry,423310,"Lumber, Plywood, Millwork, and Wood Panel Merchant Wholesalers",1026.26,292416893.51,89147079.99,39.25,0
Riverside,Inland SoCal,Mining,423320,"Brick, Stone, and Related Construction Material Merchant Wholesalers",344.94,100177522.18,30592206.94,30.75,0
Riverside,Inland SoCal,Mining,423520,Coal and Other Mineral and Ore Merchant Wholesalers,10.0,1197488.77,375316.56,2.0,1
Riverside,Inland SoCal,Agricultural Support,423820,Farm and Garden Machinery and Equipment Merchant Wholesalers,292.6,72282414.57,24791562.06,28.75,0
Riverside,Inland SoCal,Agricultural Distribution,424410,General Line Grocery Merchant Wholesalers,1958.8,592791091.07,197353215.1,31.25,0
Riverside,Inland SoCal,Agricultural Distribution,424420,Packaged Frozen Food Merchant Wholesalers,95.26,25682996.16,8538856.86,6.0,0
Riverside,Inland SoCal,Agricultural Distribution,424430,Dairy Product (except Dried or Canned) Merchant Wholesalers,58.87,12401944.8,4110418.18,4.25,0
Riverside,Inland SoCal,Agricultural Distribution,424440,Poultry and Poultry Product Merchant Wholesalers,21.89,6284737.53,2094022.7,2.25,0
Riverside,Inland SoCal,Agricultural Distribution,424450,Confectionery Merchant Wholesalers,240.67,56393448.05,18703545.9,7.0,0
Riverside,Inland SoCal,Fishing,424460,Fish and Seafood Merchant Wholesalers,18.81,2850690.32,950696.56,3.25,0
Riverside,Inland SoCal,Agricultural Distribution,424470,Meat and Meat Product Merchant Wholesalers,381.27,101966949.56,33970183.24,9.5,0
Riverside,Inland SoCal,Agricultural Distribution,424480,Fresh Fruit and Vegetable Merchant Wholesalers,850.51,226273516.03,75465070.99,33.25,0
Riverside,Inland SoCal,Agricultural Distribution,424490,Other Grocery and Related Products Merchant Wholesalers,2718.87,1753799054.29,583621978.48,61.25,0
Riverside,Inland SoCal,Agricultural Distribution,424510,Grain and Field Bean Merchant Wholesalers,18.82,2930178.03,702699.69,0.0,0
Riverside,Inland SoCal,Agricultural Distribution,424520,Livestock Merchant Wholesalers,10.0,729275.04,173255.61,0.0,1
Riverside,Inland SoCal,Agricultural Distribution,424590,Other Farm Product Raw Material Merchant Wholesalers,230.5,55216027.26,13308406.99,18.0,0
Riverside,Inland SoCal,Agricultural Distribution,424810,Beer and Ale Merchant Wholesalers,328.11,112403821.13,27015116.89,5.5,0
Riverside,Inland SoCal,Agricultural Distribution,424820,Wine and Distilled Alcoholic Beverage Merchant Wholesalers,313.17,154738808.36,37753661.22,11.0,0
Riverside,Inland SoCal,Agricultural Distribution,424910,Farm Supplies Merchant Wholesalers,396.94,128891888.44,31022441.37,39.25,0
Riverside,Inland SoCal,Agricultural Distribution,424930,"Flower, Nursery Stock, and Florists' Supplies Merchant Wholesalers",539.38,114363456.87,27617498.18,35.25,0
Riverside,Inland SoCal,Agricultural Distribution,424990,Other Miscellaneous Nondurable Goods Merchant Wholesalers,1456.85,462549095.19,112082188.56,126.25,0
Riverside,Inland SoCal,Outdoor Recreation,441222,Boat Dealers,117.33,27069294.8,8254454.18,12.0,0
Riverside,Inland SoCal,Agricultural Support,444240,"Nursery, Garden Center, and Farm Supply Retailers",1041.6,157234883.06,45034716.68,82.75,0
Riverside,Inland SoCal,Agricultural Distribution,445230,Fruit and Vegetable Markets,146.08,15513547.76,5905470.53,11.0,0
Riverside,Inland SoCal,Agricultural Distribution,445240,Meat Retailers,637.64,76318426.16,28834929.79,49.0,0
Riverside,Inland SoCal,Agricultural Distribution,445291,Baked Goods Stores,144.12,12444964.63,4697433.38,5.0,0
Riverside,Inland SoCal,Agricultural Distribution,445292,Confectionery and Nut Stores,370.88,35533190.67,13449165.83,25.75,0
Riverside,Inland SoCal,Agricultural Distribution,445298,All Other Specialty Food Retailers,820.19,76517918.56,29021932.0,45.75,0
Riverside,Inland SoCal,Agricultural Distribution,445320,"Beer, Wine, and Liquor Retailers",1102.81,113018295.38,42645385.04,203.0,0
Riverside,Inland SoCal,Agricultural Distribution,456191,Food (Health) Supplement Retailers,936.11,63162479.28,19982769.38,56.25,0
Riverside,Inland SoCal,Agricultural Distribution,459310,Florists,833.21,52552845.6,17599173.63,57.25,0
Riverside,Inland SoCal,Agricultural Distribution,484230,"Specialized Freight (except Used Goods) Trucking, Long-Distance",662.63,165596175.83,59843822.69,74.0,0
Riverside,Inland SoCal,Outdoor Recreation,487110,"Scenic and Sightseeing Transportation, Land",87.52,4671168.39,2019123.26,8.0,0
Riverside,Inland SoCal,Outdoor Recreation,487210,"Scenic and Sightseeing Transportation, Water",40.47,3015736.71,1301992.01,3.0,0
Riverside,Inland SoCal,Outdoor Recreation,487990,"Scenic and Sightseeing Transportation, Other",46.34,3073681.31,1324004.0,4.0,0
Riverside,Inland SoCal,Agricultural Distribution,493120,Refrigerated Warehousing and Storage,1190.33,132475784.81,83356443.19,19.5,0
Riverside,Inland SoCal,Agricultural Distribution,493130,Farm Product Warehousing and Storage,69.38,7354917.05,4624355.38,2.75,0
Riverside,Inland SoCal,Outdoor Recreation,532284,Recreational Goods Rental,110.45,11971785.74,3140376.05,12.0,0
Riverside,Inland SoCal,Mining,532412,"Construction, Mining, and Forestry Machinery and Equipment Rental and Leasing",832.93,631716124.65,79533855.9,55.75,0
Riverside,Inland SoCal,Mining,541360,Geophysical Surveying and Mapping Services,76.59,13962520.22,7016210.53,8.0,0
Riverside,Inland SoCal,Agricultural Support,541620,Environmental Consulting Services,715.33,86960072.84,53083521.44,59.5,0
Riverside,Inland SoCal,Agricultural Support,541690,Other Scientific and Technical Consulting Services,2519.8,224525405.35,137073377.5,261.5,0
Riverside,Inland SoCal,Agricultural Distribution,624210,Community Food Services,244.48,15348344.73,11227406.9,27.5,0
Riverside,Inland SoCal,Outdoor Recreation,712130,Zoos and Botanical Gardens,206.08,42798581.27,13876671.8,1.0,0
Riverside,Inland SoCal,Outdoor Recreation,712190,Nature Parks and Other Similar Institutions,58.59,14282987.27,4619575.21,3.0,0
Riverside,Inland SoCal,Outdoor Recreation,713920,Skiing Facilities,10.0,71033.47,27044.08,0.0,1
Riverside,Inland SoCal,Outdoor Recreation,713930,Marinas,44.15,4429783.83,1725697.5,1.0,0
Riverside,Inland SoCal,Outdoor Recreation,713990,All Other Amusement and Recreation Industries,1590.15,141230769.94,54663591.89,82.25,0
Riverside,Inland SoCal,Outdoor Recreation,721211,RV (Recreational Vehicle) Parks and Campgrounds,398.14,66818903.43,17617545.32,37.5,0
Riverside,Inland SoCal,Outdoor Recreation,721214,Recreational and Vacation Camps (except Campgrounds),151.85,25717452.77,6764058.36,7.0,0
Sacramento,Capital,Agricultural Production,111000,Crop Production,2840.93,756356942.69,173425340.62,155.5,0
Sacramento,Capital,Agricultural Production,112000,Animal Production,397.24,158776178.9,27825999.31,46.5,0
Sacramento,Capital,Forestry,113110,Timber Tract Operations,10.0,320099.05,131000.27,0.0,1
Sacramento,Capital,Forestry,113210,Forest Nurseries and Gathering of Forest Products,10.0,139254.82,57356.27,0.0,1
Sacramento,Capital,Forestry,113310,Logging,34.54,3181406.16,1257828.76,2.0,0
Sacramento,Capital,Fishing,114111,Finfish Fishing,61.04,3674959.24,1412229.01,3.0,0
Sacramento,Capital,Fishing,114112,Shellfish Fishing,10.0,445514.28,169419.15,0.0,1
Sacramento,Capital,Fishing,114119,Other Marine Fishing,10.0,1498.61,572.14,0.0,1
Sacramento,Capital,Outdoor Recreation,114210,Hunting and Trapping,10.0,429018.82,162318.79,0.0,1
Sacramento,Capital,Agricultural Processing,115111,Cotton Ginning,10.0,81771.58,70576.48,0.0,1
Sacramento,Capital,Agricultural Production,115112,"Soil Preparation, Planting, and Cultivating",306.9,12982289.1,11256092.4,13.25,0
Sacramento,Capital,Agricultural Production,115113,"Crop Harvesting, Primarily by Machine",50.26,3531114.38,3064062.87,4.0,0
Sacramento,Capital,Agricultural Production,115114,Postharvest Crop Activities (except Cotton Ginning),58.79,2141709.57,1861938.73,6.0,0
Sacramento,Capital,Agricultural Support,115115,Farm Labor Contractors and Crew Leaders,724.71,38829616.6,31001141.11,15.75,0
Sacramento,Capital,Agricultural Support,115116,Farm Management Services,83.99,6017701.87,5231501.96,7.0,0
Sacramento,Capital,Agricultural Support,115210,Support Activities for Animal Production,262.36,8930137.73,7732841.89,21.75,0
Sacramento,Capital,Forestry,115310,Support Activities for Forestry,73.32,4718022.74,4082777.66,4.0,0
Sacramento,Capital,Mining,211120,Crude Petroleum Extraction,334.9,154628782.31,14129020.72,0.0,0
Sacramento,Capital,Mining,211130,Natural Gas Extraction,117.81,13873845.75,1276354.8,2.5,0
Sacramento,Capital,Mining,212210,Iron Ore Mining,10.0,133989.28,24325.51,0.0,1
Sacramento,Capital,Mining,212220,Gold Ore and Silver Ore Mining,100.89,2539970.0,481244.34,0.0,0
Sacramento,Capital,Mining,212311,Dimension Stone Mining and Quarrying,10.0,491197.25,105153.27,0.0,1
Sacramento,Capital,Mining,212312,Crushed and Broken Limestone Mining and Quarrying,10.0,1522269.66,326273.25,0.0,1
Sacramento,Capital,Mining,212313,Crushed and Broken Granite Mining and Quarrying,10.0,1551208.98,334152.07,0.0,1
Sacramento,Capital,Mining,212319,Other Crushed and Broken Stone Mining and Quarrying,10.0,808314.55,175128.83,0.0,1
Sacramento,Capital,Mining,212321,Construction Sand and Gravel Mining,37.89,12776539.28,3432576.67,1.0,0
Sacramento,Capital,Mining,212322,Industrial Sand Mining,10.0,499661.34,130748.13,0.0,1
Sacramento,Capital,Mining,212323,"Kaolin, Clay, and Ceramic and Refractory Minerals Mining",10.0,552405.31,147875.37,0.0,1
Sacramento,Capital,Mining,212390,Other Nonmetallic Mineral Mining and Quarrying,11.2,2530639.65,679759.62,0.0,0
Sacramento,Capital,Mining,213111,Drilling Oil and Gas Wells,34.74,14386600.47,3996192.81,4.75,0
Sacramento,Capital,Mining,213112,Support Activities for Oil and Gas Operations,48.21,11529249.46,4180826.89,2.5,0
Sacramento,Capital,Mining,213114,Support Activities for Metal Mining,10.0,340833.56,119541.16,0.0,1
Sacramento,Capital,Mining,213115,Support Activities for Nonmetallic Minerals (except Fuels) Mining,10.0,63642.26,21850.62,0.0,1
Sacramento,Capital,Renewable Energy,221111,Hydroelectric Power Generation,10.0,1714098.06,238043.71,0.0,1
Sacramento,Capital,Renewable Energy,221114,Solar Electric Power Generation,73.07,66177569.72,9154629.09,14.25,0
Sacramento,Capital,Renewable Energy,221115,Wind Electric Power Generation,10.0,654718.73,87957.27,0.0,1
Sacramento,Capital,Renewable Energy,221117,Biomass Electric Power Generation,373.28,639352201.04,88180464.46,1.75,0
Sacramento,Capital,Renewable Energy,221118,Other Electric Power Generation,151.83,410087180.3,56543386.9,2.5,0
Sacramento,Capital,Agricultural Support,221310,Water Supply and Irrigation Systems,404.61,187457939.99,59086931.38,10.5,0
Sacramento,Capital,Agricultural Processing,311111,Dog and Cat Food Manufacturing,16.42,13368680.67,1404747.18,2.0,0
Sacramento,Capital,Agricultural Processing,311119,Other Animal Food Manufacturing,69.97,74691882.8,6423790.16,1.0,0
Sacramento,Capital,Agricultural Processing,311340,Nonchocolate Confectionery Manufacturing,94.28,48232253.04,6828326.46,4.0,0
Sacramento,Capital,Agricultural Processing,311411,"Frozen Fruit, Juice, and Vegetable Manufacturing",10.0,161583.9,28633.35,0.0,1
Sacramento,Capital,Agricultural Processing,311412,Frozen Specialty Food Manufacturing,17.94,10869543.51,1926151.36,3.0,0
Sacramento,Capital,Agricultural Processing,311421,Fruit and Vegetable Canning,26.43,4954389.71,928947.78,1.0,0
Sacramento,Capital,Agricultural Processing,311422,Specialty Canning,10.0,333625.98,62377.86,0.0,1
Sacramento,Capital,Agricultural Processing,311423,Dried and Dehydrated Food Manufacturing,10.0,892512.39,167758.42,1.75,1
Sacramento,Capital,Agricultural Processing,311511,Fluid Milk Manufacturing,262.05,263357808.51,29813718.34,4.0,0
Sacramento,Capital,Agricultural Processing,311513,Cheese Manufacturing,10.0,487301.32,37084.49,0.0,1
Sacramento,Capital,Agricultural Processing,311514,"Dry, Condensed, and Evaporated Dairy Product Manufacturing",10.0,329739.31,24900.38,0.0,1
Sacramento,Capital,Agricultural Processing,311520,Ice Cream and Frozen Dessert Manufacturing,44.31,15926271.04,3042312.76,1.0,0
Sacramento,Capital,Agricultural Processing,311611,Animal (except Poultry) Slaughtering,22.38,15323576.47,1823803.16,2.0,0
Sacramento,Capital,Agricultural Processing,311612,Meat Processed from Carcasses,57.53,37449084.24,4390732.23,2.75,0
Sacramento,Capital,Agricultural Processing,311613,Rendering and Meat Byproduct Processing,101.29,100638803.18,11802116.05,1.0,0
Sacramento,Capital,Agricultural Processing,311615,Poultry Processing,10.0,355717.52,57881.68,1.0,1
Sacramento,Capital,Fishing,311710,Seafood Product Preparation and Packaging,21.02,7708674.1,1496386.17,1.0,0
Sacramento,Capital,Agricultural Processing,311811,Retail Bakeries,492.98,67705983.19,20080623.51,30.0,0
Sacramento,Capital,Agricultural Processing,311812,Commercial Bakeries,770.98,187104289.32,55349622.42,12.0,0
Sacramento,Capital,Agricultural Processing,311821,Cookie and Cracker Manufacturing,135.33,50456445.51,9582895.23,3.25,0
Sacramento,Capital,Agricultural Processing,311824,"Dry Pasta, Dough, and Flour Mixes Manufacturing from Purchased Flour",22.24,10156290.28,1911693.56,1.0,0
Sacramento,Capital,Agricultural Processing,311830,Tortilla Manufacturing,72.31,28854451.22,5465650.28,1.5,0
Sacramento,Capital,Agricultural Processing,311911,Roasted Nuts and Peanut Butter Manufacturing,744.31,816432498.08,83497399.39,1.0,0
Sacramento,Capital,Agricultural Processing,311919,Other Snack Food Manufacturing,10.0,499882.62,51122.85,0.0,1
Sacramento,Capital,Agricultural Processing,311920,Coffee and Tea Manufacturing,62.85,21528768.24,3051287.29,4.25,0
Sacramento,Capital,Agricultural Processing,311930,Flavoring Syrup and Concentrate Manufacturing,247.95,170814223.82,34023238.13,2.0,0
Sacramento,Capital,Agricultural Processing,311941,"Mayonnaise, Dressing, and Other Prepared Sauce Manufacturing",10.0,1776598.72,307895.82,1.0,1
Sacramento,Capital,Agricultural Processing,311942,Spice and Extract Manufacturing,112.89,80368412.97,13733518.67,2.0,0
Sacramento,Capital,Agricultural Processing,311991,Perishable Prepared Food Manufacturing,280.27,82190822.69,14932050.16,13.25,0
Sacramento,Capital,Agricultural Processing,311999,All Other Miscellaneous Food Manufacturing,25.27,8947106.5,1623996.96,3.0,0
Sacramento,Capital,Agricultural Processing,312111,Soft Drink Manufacturing,534.47,266661648.38,49154372.96,4.0,0
Sacramento,Capital,Agricultural Processing,312112,Bottled Water Manufacturing,10.0,2273026.95,417515.32,1.0,1
Sacramento,Capital,Agricultural Processing,312113,Ice Manufacturing,10.0,2791716.57,512822.64,3.0,1
Sacramento,Capital,Agricultural Processing,312120,Breweries,313.4,114033380.5,17472450.92,29.5,0
Sacramento,Capital,Agricultural Processing,312130,Wineries,198.55,38160845.11,8351437.93,23.0,0
Sacramento,Capital,Agricultural Processing,312140,Distilleries,46.72,25302489.3,1997021.1,2.0,0
Sacramento,Capital,Agricultural Processing,313110,"Fiber, Yarn, and Thread Mills",10.0,1678114.99,326430.47,1.0,1
Sacramento,Capital,Agricultural Processing,316990,Other Leather and Allied Product Manufacturing,33.8,6034564.81,1620796.0,2.0,0
Sacramento,Capital,Forestry,321113,Sawmills,10.0,1635085.95,242798.14,0.0,1
Sacramento,Capital,Forestry,321114,Wood Preservation,16.82,11084718.24,1639928.02,1.0,0
Sacramento,Capital,Forestry,321215,Engineered Wood Member Manufacturing,190.27,70244782.41,12274762.85,4.0,0
Sacramento,Capital,Forestry,321219,Reconstituted Wood Product Manufacturing,10.0,5755828.27,977397.81,1.0,1
Sacramento,Capital,Forestry,321911,Wood Window and Door Manufacturing,469.85,189249581.11,40409274.67,7.0,0
Sacramento,Capital,Forestry,321912,"Cut Stock, Resawing Lumber, and Planing",10.0,124124.32,26207.14,0.0,1
Sacramento,Capital,Forestry,321918,Other Millwork (including Flooring),189.79,58507132.13,12392389.24,5.5,0
Sacramento,Capital,Forestry,321920,Wood Container and Pallet Manufacturing,244.46,57945884.44,14416355.48,11.0,0
Sacramento,Capital,Forestry,321992,Prefabricated Wood Building Manufacturing,60.77,18653626.91,4645522.99,3.0,0
Sacramento,Capital,Forestry,321999,All Other Miscellaneous Wood Product Manufacturing,144.45,32125912.92,7984751.51,5.0,0
Sacramento,Capital,Forestry,322120,Paper Mills,10.0,981076.41,175175.79,1.0,1
Sacramento,Capital,Forestry,322130,Paperboard Mills,10.0,232367.92,22173.7,0.0,1
Sacramento,Capital,Forestry,322211,Corrugated and Solid Fiber Box Manufacturing,507.95,257595534.99,48108354.94,4.5,0
Sacramento,Capital,Forestry,322212,Folding Paperboard Box Manufacturing,10.0,425184.45,79784.98,0.0,1
Sacramento,Capital,Forestry,322219,Other Paperboard Container Manufacturing,32.39,12943769.3,2394747.53,1.0,0
Sacramento,Capital,Forestry,322220,Paper Bag and Coated and Treated Paper Manufacturing,39.26,18431526.82,4001003.64,2.0,0
Sacramento,Capital,Forestry,322230,Stationery Product Manufacturing,10.0,484607.96,107854.56,0.0,1
Sacramento,Capital,Forestry,322291,Sanitary Paper Product Manufacturing,10.0,144086.49,36362.99,0.0,1
Sacramento,Capital,Forestry,322299,All Other Converted Paper Product Manufacturing,47.64,17448943.0,4577468.75,1.0,0
Sacramento,Capital,Agricultural Support,325311,Nitrogenous Fertilizer Manufacturing,16.54,13038587.89,1811270.44,2.0,0
Sacramento,Capital,Agricultural Support,325314,Fertilizer (Mixing Only) Manufacturing,10.0,1789876.15,248472.11,0.0,1
Sacramento,Capital,Agricultural Support,325320,Pesticide and Other Agricultural Chemical Manufacturing,10.0,11845030.86,1194190.75,1.0,1
Sacramento,Capital,Mining,327120,Clay Building Material and Refractories Manufacturing,67.57,11082060.62,3824723.77,1.0,0
Sacramento,Capital,Mining,327310,Cement Manufacturing,42.31,28822320.79,4665796.91,1.0,0
Sacramento,Capital,Mining,327320,Ready-Mix Concrete Manufacturing,193.9,81908598.98,18471043.81,10.5,0
Sacramento,Capital,Mining,327331,Concrete Block and Brick Manufacturing,10.0,647895.85,193702.69,1.0,1
Sacramento,Capital,Mining,327390,Other Concrete Product Manufacturing,99.12,27230551.37,7846096.51,5.0,0
Sacramento,Capital,Mining,327991,Cut Stone and Stone Product Manufacturing,191.45,33620767.58,12893963.16,7.75,0
Sacramento,Capital,Mining,327992,Ground or Treated Mineral and Earth Manufacturing,10.0,408592.46,51611.39,1.0,1
Sacramento,Capital,Agricultural Support,333111,Farm Machinery and Equipment Manufacturing,42.92,12285087.26,2502391.6,2.0,0
Sacramento,Capital,Mining,333132,Oil and Gas Field Machinery and Equipment Manufacturing,10.0,206013.64,78663.44,0.0,1
Sacramento,Capital,Agricultural Processing,333241,Food Product Machinery Manufacturing,10.0,2939089.29,796609.76,2.5,1
Sacramento,Capital,Agricultural Processing,333993,Packaging Machinery Manufacturing,50.29,25445146.49,6930681.44,2.25,0
Sacramento,Capital,Forestry,337110,Wood Kitchen Cabinet and Countertop Manufacturing,327.72,49218578.7,22214684.8,33.0,0
Sacramento,Capital,Forestry,337211,Wood Office Furniture Manufacturing,16.38,4635109.0,1162533.14,1.0,0
Sacramento,Capital,Forestry,423310,"Lumber, Plywood, Millwork, and Wood Panel Merchant Wholesalers",632.44,201819767.78,61527371.99,27.0,0
Sacramento,Capital,Mining,423320,"Brick, Stone, and Related Construction Material Merchant Wholesalers",307.51,84984789.85,25952651.07,26.25,0
Sacramento,Capital,Agricultural Support,423820,Farm and Garden Machinery and Equipment Merchant Wholesalers,170.74,58712930.59,20137474.25,18.0,0
Sacramento,Capital,Agricultural Distribution,424410,General Line Grocery Merchant Wholesalers,796.75,241090441.07,80264319.75,25.25,0
Sacramento,Capital,Agricultural Distribution,424420,Packaged Frozen Food Merchant Wholesalers,86.25,21943262.25,7295502.99,5.0,0
Sacramento,Capital,Agricultural Distribution,424430,Dairy Product (except Dried or Canned) Merchant Wholesalers,55.21,13777034.76,4566168.86,7.0,0
Sacramento,Capital,Agricultural Distribution,424440,Poultry and Poultry Product Merchant Wholesalers,88.35,25048228.77,8345863.18,1.0,0
Sacramento,Capital,Agricultural Distribution,424450,Confectionery Merchant Wholesalers,34.93,7366624.8,2443227.18,4.25,0
Sacramento,Capital,Fishing,424460,Fish and Seafood Merchant Wholesalers,132.27,28318966.35,9444289.2,3.5,0
Sacramento,Capital,Agricultural Distribution,424470,Meat and Meat Product Merchant Wholesalers,79.87,17720950.8,5903716.34,3.0,0
Sacramento,Capital,Agricultural Distribution,424480,Fresh Fruit and Vegetable Merchant Wholesalers,532.0,112458625.78,37506369.85,16.5,0
Sacramento,Capital,Agricultural Distribution,424490,Other Grocery and Related Products Merchant Wholesalers,1397.36,364724834.12,121371618.24,45.25,0
Sacramento,Capital,Agricultural Distribution,424510,Grain and Field Bean Merchant Wholesalers,52.63,7845159.88,1881384.45,1.0,0
Sacramento,Capital,Agricultural Distribution,424520,Livestock Merchant Wholesalers,19.88,1372688.63,326112.92,2.0,0
Sacramento,Capital,Agricultural Distribution,424590,Other Farm Product Raw Material Merchant Wholesalers,315.42,69092172.2,16652895.79,12.0,0
Sacramento,Capital,Agricultural Distribution,424810,Beer and Ale Merchant Wholesalers,375.81,152478108.05,36646564.78,4.5,0
Sacramento,Capital,Agricultural Distribution,424820,Wine and Distilled Alcoholic Beverage Merchant Wholesalers,220.4,126495141.55,30862682.54,7.75,0
Sacramento,Capital,Agricultural Distribution,424910,Farm Supplies Merchant Wholesalers,309.08,123465988.22,29716504.48,29.0,0
Sacramento,Capital,Agricultural Distribution,424930,"Flower, Nursery Stock, and Florists' Supplies Merchant Wholesalers",170.08,40061788.75,9674474.77,11.0,0
Sacramento,Capital,Agricultural Distribution,424990,Other Miscellaneous Nondurable Goods Merchant Wholesalers,523.59,159219425.56,38581118.98,36.5,0
Sacramento,Capital,Outdoor Recreation,441222,Boat Dealers,86.93,21332461.52,6505076.23,11.0,0
Sacramento,Capital,Agricultural Support,444240,"Nursery, Garden Center, and Farm Supply Retailers",672.35,98768655.54,28289005.16,39.25,0
Sacramento,Capital,Agricultural Distribution,445230,Fruit and Vegetable Markets,202.36,20863726.15,7942098.22,8.25,0
Sacramento,Capital,Agricultural Distribution,445240,Meat Retailers,148.06,16918249.52,6392119.98,20.0,0
Sacramento,Capital,Agricultural Distribution,445291,Baked Goods Stores,214.32,22704388.44,8569920.06,4.75,0
Sacramento,Capital,Agricultural Distribution,445292,Confectionery and Nut Stores,281.41,30819727.72,11665139.58,21.5,0
Sacramento,Capital,Agricultural Distribution,445298,All Other Specialty Food Retailers,750.5,70879616.69,26883420.96,41.25,0
Sacramento,Capital,Agricultural Distribution,445320,"Beer, Wine, and Liquor Retailers",846.65,94469923.58,35646496.46,136.0,0
Sacramento,Capital,Agricultural Distribution,456191,Food (Health) Supplement Retailers,471.74,25986928.87,8221507.65,28.5,0
Sacramento,Capital,Agricultural Distribution,459310,Florists,650.05,43574344.84,14592406.02,34.5,0
Sacramento,Capital,Agricultural Distribution,484230,"Specialized Freight (except Used Goods) Trucking, Long-Distance",142.9,22981179.99,8305032.73,38.5,0
Sacramento,Capital,Outdoor Recreation,487110,"Scenic and Sightseeing Transportation, Land",10.0,145491.17,62888.89,0.0,1
Sacramento,Capital,Outdoor Recreation,487210,"Scenic and Sightseeing Transportation, Water",88.77,6271642.08,2707672.66,4.0,0
Sacramento,Capital,Outdoor Recreation,487990,"Scenic and Sightseeing Transportation, Other",10.0,43470.18,18725.0,0.0,1
Sacramento,Capital,Agricultural Distribution,493120,Refrigerated Warehousing and Storage,481.7,64330297.67,40477924.41,5.75,0
Sacramento,Capital,Agricultural Distribution,493130,Farm Product Warehousing and Storage,10.0,246085.46,154724.6,0.0,1
Sacramento,Capital,Outdoor Recreation,532284,Recreational Goods Rental,50.16,6033057.37,1582559.97,6.0,0
Sacramento,Capital,Mining,532412,"Construction, Mining, and Forestry Machinery and Equipment Rental and Leasing",284.86,290517378.96,36576503.99,20.5,0
Sacramento,Capital,Mining,541360,Geophysical Surveying and Mapping Services,71.05,15501546.12,7789575.91,3.0,0
Sacramento,Capital,Agricultural Support,541620,Environmental Consulting Services,1703.12,308713573.79,188449745.69,87.75,0
Sacramento,Capital,Agricultural Support,541690,Other Scientific and Technical Consulting Services,2418.22,334634195.77,204295096.9,258.75,0
Sacramento,Capital,Agricultural Distribution,624210,Community Food Services,367.09,32492394.61,23768382.97,31.5,0
Sacramento,Capital,Outdoor Recreation,712130,Zoos and Botanical Gardens,140.89,22710301.02,7363407.48,4.0,0
Sacramento,Capital,Outdoor Recreation,712190,Nature Parks and Other Similar Institutions,61.09,12864612.88,4160827.53,3.25,0
Sacramento,Capital,Outdoor Recreation,713920,Skiing Facilities,10.0,2113.26,804.57,0.0,1
Sacramento,Capital,Outdoor Recreation,713930,Marinas,135.36,14860747.24,5789256.38,10.75,0
Sacramento,Capital,Outdoor Recreation,713990,All Other Amusement and Recreation Industries,1121.58,89302922.07,34564836.61,55.5,0
Sacramento,Capital,Outdoor Recreation,721211,RV (Recreational Vehicle) Parks and Campgrounds,103.52,22028412.82,5808035.47,13.0,0
Sacramento,Capital,Outdoor Recreation,721214,Recreational and Vacation Camps (except Campgrounds),38.52,5202401.53,1368306.1,2.75,0
San Benito,Central Coast,Agricultural Production,111000,Crop Production,1042.03,304674138.2,69858836.76,60.25,0
San Benito,Central Coast,Agricultural Production,112000,Animal Production,137.81,54193841.16,9497632.43,19.75,0
San Benito,Central Coast,Forestry,113310,Logging,10.0,374332.59,147999.43,0.0,1
San Benito,Central Coast,Fishing,114111,Finfish Fishing,10.0,153206.4,58874.81,0.0,1
San Benito,Central Coast,Fishing,114112,Shellfish Fishing,10.0,21354.06,8120.47,0.0,1
San Benito,Central Coast,Outdoor Recreation,114210,Hunting and Trapping,10.0,615517.75,232880.46,0.0,1
San Benito,Central Coast,Agricultural Production,115112,"Soil Preparation, Planting, and Cultivating",113.78,12861654.39,11151497.95,2.0,0
San Benito,Central Coast,Agricultural Production,115113,"Crop Harvesting, Primarily by Machine",10.0,69434.63,60250.69,0.0,1
San Benito,Central Coast,Agricultural Production,115114,Postharvest Crop Activities (except Cotton Ginning),635.38,49386177.33,42934876.71,4.0,0
San Benito,Central Coast,Agricultural Support,115115,Farm Labor Contractors and Crew Leaders,311.73,23329794.87,18626253.0,4.0,0
San Benito,Central Coast,Agricultural Support,115116,Farm Management Services,10.83,389130.8,338291.69,3.0,0
San Benito,Central Coast,Agricultural Support,115210,Support Activities for Animal Production,50.44,1726801.98,1495283.4,4.0,0
San Benito,Central Coast,Forestry,115310,Support Activities for Forestry,10.0,171792.62,148662.08,0.0,1
San Benito,Central Coast,Mining,211120,Crude Petroleum Extraction,17.98,5191533.3,474370.17,0.0,0
San Benito,Central Coast,Mining,211130,Natural Gas Extraction,10.0,604906.08,55649.66,0.0,1
San Benito,Central Coast,Mining,212114,Surface Coal Mining,10.0,30177.98,4113.62,0.0,1
San Benito,Central Coast,Mining,212115,Underground Coal Mining,10.0,158038.86,21329.37,0.0,1
San Benito,Central Coast,Mining,212220,Gold Ore and Silver Ore Mining,10.0,655374.04,124172.75,0.0,1
San Benito,Central Coast,Mining,212313,Crushed and Broken Granite Mining and Quarrying,10.0,213218.34,45930.21,0.0,1
San Benito,Central Coast,Mining,212319,Other Crushed and Broken Stone Mining and Quarrying,10.0,319612.13,69246.93,0.5,1
San Benito,Central Coast,Mining,212321,Construction Sand and Gravel Mining,26.58,10565167.76,2838464.12,2.5,0
San Benito,Central Coast,Mining,212390,Other Nonmetallic Mineral Mining and Quarrying,10.0,162017.74,43519.87,0.0,1
San Benito,Central Coast,Mining,213111,Drilling Oil and Gas Wells,10.0,38324.21,10645.39,0.0,1
San Benito,Central Coast,Mining,213112,Support Activities for Oil and Gas Operations,10.0,126401.19,45836.59,0.0,1
San Benito,Central Coast,Renewable Energy,221111,Hydroelectric Power Generation,10.0,706112.41,98060.68,0.0,1
San Benito,Central Coast,Renewable Energy,221114,Solar Electric Power Generation,10.0,358748.52,49627.23,0.0,1
San Benito,Central Coast,Renewable Energy,221118,Other Electric Power Generation,10.0,452985.36,62458.25,0.0,1
San Benito,Central Coast,Agricultural Support,221310,Water Supply and Irrigation Systems,10.0,1407916.75,443776.78,1.0,1
San Benito,Central Coast,Agricultural Processing,311111,Dog and Cat Food Manufacturing,64.73,48786538.74,5126366.2,1.0,0
San Benito,Central Coast,Agricultural Processing,311225,Fats and Oils Refining and Blending,77.6,100804745.9,5984998.8,1.0,0
San Benito,Central Coast,Agricultural Processing,311421,Fruit and Vegetable Canning,26.17,8742407.51,1639200.89,2.0,0
San Benito,Central Coast,Agricultural Processing,311423,Dried and Dehydrated Food Manufacturing,11.07,3825907.82,719125.3,1.0,0
San Benito,Central Coast,Agricultural Processing,311611,Animal (except Poultry) Slaughtering,10.51,6037220.87,718546.52,1.0,0
San Benito,Central Coast,Agricultural Processing,311615,Poultry Processing,31.53,9226591.12,1501333.54,1.0,0
San Benito,Central Coast,Agricultural Processing,311811,Retail Bakeries,23.24,2725288.07,808281.35,1.0,0
San Benito,Central Coast,Agricultural Processing,311812,Commercial Bakeries,10.0,840033.85,248500.75,1.0,1
San Benito,Central Coast,Agricultural Processing,311830,Tortilla Manufacturing,41.94,11124655.37,2107247.69,1.0,0
San Benito,Central Coast,Agricultural Processing,311911,Roasted Nuts and Peanut Butter Manufacturing,10.0,325733.14,33313.07,0.0,1
San Benito,Central Coast,Agricultural Processing,311920,Coffee and Tea Manufacturing,10.0,526603.08,74635.82,0.0,1
San Benito,Central Coast,Agricultural Processing,311930,Flavoring Syrup and Concentrate Manufacturing,10.0,169657.02,33792.74,0.0,1
San Benito,Central Coast,Agricultural Processing,311941,"Mayonnaise, Dressing, and Other Prepared Sauce Manufacturing",10.0,167633.51,29051.95,0.0,1
San Benito,Central Coast,Agricultural Processing,311942,Spice and Extract Manufacturing,10.0,1170264.33,199977.16,1.0,1
San Benito,Central Coast,Agricultural Processing,311991,Perishable Prepared Food Manufacturing,737.27,275597883.71,50069354.31,2.0,0
San Benito,Central Coast,Agricultural Processing,311999,All Other Miscellaneous Food Manufacturing,10.0,225436.56,40919.18,0.0,1
San Benito,Central Coast,Agricultural Processing,312120,Breweries,10.0,970548.02,148709.55,2.0,1
San Benito,Central Coast,Agricultural Processing,312130,Wineries,123.71,37148147.38,8129810.71,6.0,0
San Benito,Central Coast,Forestry,321113,Sawmills,10.0,100545.1,14930.2,0.0,1
San Benito,Central Coast,Forestry,321215,Engineered Wood Member Manufacturing,75.74,24301796.15,4246561.44,1.0,0
San Benito,Central Coast,Forestry,321911,Wood Window and Door Manufacturing,10.0,129274.88,27603.25,0.0,1
San Benito,Central Coast,Forestry,321918,Other Millwork (including Flooring),10.0,169809.75,35967.38,0.0,1
San Benito,Central Coast,Forestry,321920,Wood Container and Pallet Manufacturing,10.0,114065.52,28378.36,0.0,1
San Benito,Central Coast,Forestry,321999,All Other Miscellaneous Wood Product Manufacturing,10.32,1452113.84,360916.38,2.5,0
San Benito,Central Coast,Agricultural Support,325314,Fertilizer (Mixing Only) Manufacturing,10.0,1489990.93,206841.79,0.0,1
San Benito,Central Coast,Agricultural Support,325315,Compost Manufacturing,10.0,378476.77,53302.57,1.0,1
San Benito,Central Coast,Agricultural Support,325320,Pesticide and Other Agricultural Chemical Manufacturing,88.49,97117073.25,9791136.25,1.0,0
San Benito,Central Coast,Mining,327120,Clay Building Material and Refractories Manufacturing,79.11,15756580.99,5438029.25,1.0,0
San Benito,Central Coast,Mining,327320,Ready-Mix Concrete Manufacturing,13.52,5249215.47,1183740.05,1.0,0
San Benito,Central Coast,Mining,327331,Concrete Block and Brick Manufacturing,12.22,3080866.45,921092.66,1.0,0
San Benito,Central Coast,Mining,327390,Other Concrete Product Manufacturing,162.51,45301385.35,13052950.59,1.0,0
San Benito,Central Coast,Mining,327991,Cut Stone and Stone Product Manufacturing,132.74,27700384.49,10623426.02,1.0,0
San Benito,Central Coast,Agricultural Support,333111,Farm Machinery and Equipment Manufacturing,10.0,97094.94,19777.6,0.0,1
San Benito,Central Coast,Agricultural Processing,333241,Food Product Machinery Manufacturing,18.26,9233634.57,2502681.16,1.0,0
San Benito,Central Coast,Forestry,337110,Wood Kitchen Cabinet and Countertop Manufacturing,14.31,1667140.71,752459.87,4.0,0
San Benito,Central Coast,Forestry,423310,"Lumber, Plywood, Millwork, and Wood Panel Merchant Wholesalers",20.5,4635331.99,1413141.03,3.0,0
San Benito,Central Coast,Agricultural Support,423820,Farm and Garden Machinery and Equipment Merchant Wholesalers,24.03,6725195.33,2306620.48,1.0,0
San Benito,Central Coast,Agricultural Distribution,424410,General Line Grocery Merchant Wholesalers,10.0,154948.48,51585.76,0.0,1
San Benito,Central Coast,Agricultural Distribution,424420,Packaged Frozen Food Merchant Wholesalers,10.0,1158812.07,385271.65,1.0,1
San Benito,Central Coast,Agricultural Distribution,424450,Confectionery Merchant Wholesalers,10.0,121457.39,40282.76,0.0,1
San Benito,Central Coast,Fishing,424460,Fish and Seafood Merchant Wholesalers,10.0,293529.54,97891.21,1.0,1
San Benito,Central Coast,Agricultural Distribution,424480,Fresh Fruit and Vegetable Merchant Wholesalers,48.47,10634470.38,3546729.98,3.0,0
San Benito,Central Coast,Agricultural Distribution,424490,Other Grocery and Related Products Merchant Wholesalers,10.0,1259457.11,419116.92,2.5,1
San Benito,Central Coast,Agricultural Distribution,424810,Beer and Ale Merchant Wholesalers,10.0,81890.88,19681.64,0.0,1
San Benito,Central Coast,Agricultural Distribution,424820,Wine and Distilled Alcoholic Beverage Merchant Wholesalers,10.0,357023.51,87107.72,0.0,1
San Benito,Central Coast,Agricultural Distribution,424910,Farm Supplies Merchant Wholesalers,79.96,35127880.08,8454780.31,5.0,0
San Benito,Central Coast,Agricultural Distribution,424930,"Flower, Nursery Stock, and Florists' Supplies Merchant Wholesalers",39.81,9144989.49,2208412.87,1.0,0
San Benito,Central Coast,Agricultural Distribution,424990,Other Miscellaneous Nondurable Goods Merchant Wholesalers,37.8,4341599.2,1052030.9,1.0,0
San Benito,Central Coast,Outdoor Recreation,441222,Boat Dealers,10.0,426628.26,130095.13,0.0,1
San Benito,Central Coast,Agricultural Support,444240,"Nursery, Garden Center, and Farm Supply Retailers",19.69,2882854.19,825697.96,1.0,0
San Benito,Central Coast,Agricultural Distribution,445230,Fruit and Vegetable Markets,11.26,1034345.47,393739.51,1.0,0
San Benito,Central Coast,Agricultural Distribution,445240,Meat Retailers,10.0,88532.99,33449.89,2.0,1
San Benito,Central Coast,Agricultural Distribution,445291,Baked Goods Stores,10.0,333623.42,125928.34,0.0,1
San Benito,Central Coast,Agricultural Distribution,445292,Confectionery and Nut Stores,10.0,197783.82,74860.36,0.0,1
San Benito,Central Coast,Agricultural Distribution,445298,All Other Specialty Food Retailers,32.12,2560770.73,971256.35,3.0,0
San Benito,Central Coast,Agricultural Distribution,445320,"Beer, Wine, and Liquor Retailers",30.33,3572343.4,1347958.39,8.5,0
San Benito,Central Coast,Agricultural Distribution,456191,Food (Health) Supplement Retailers,41.4,3718093.35,1176296.48,1.0,0
San Benito,Central Coast,Agricultural Distribution,459310,Florists,25.38,2217567.83,742630.79,1.0,0
San Benito,Central Coast,Agricultural Distribution,484230,"Specialized Freight (except Used Goods) Trucking, Long-Distance",42.42,12179812.49,4401590.41,4.0,0
San Benito,Central Coast,Outdoor Recreation,487110,"Scenic and Sightseeing Transportation, Land",10.0,18655.37,8063.83,0.0,1
San Benito,Central Coast,Outdoor Recreation,487210,"Scenic and Sightseeing Transportation, Water",10.0,75233.55,32480.78,0.0,1
San Benito,Central Coast,Outdoor Recreation,487990,"Scenic and Sightseeing Transportation, Other",23.11,2151460.87,926752.82,1.0,0
San Benito,Central Coast,Agricultural Distribution,493120,Refrigerated Warehousing and Storage,10.0,18768.22,11809.35,0.0,1
San Benito,Central Coast,Outdoor Recreation,532284,Recreational Goods Rental,10.0,948510.5,248808.3,1.0,1
San Benito,Central Coast,Mining,532412,"Construction, Mining, and Forestry Machinery and Equipment Rental and Leasing",10.0,3369560.01,424231.85,2.0,1
San Benito,Central Coast,Agricultural Support,541620,Environmental Consulting Services,10.0,215771.28,131714.46,0.0,1
San Benito,Central Coast,Agricultural Support,541690,Other Scientific and Technical Consulting Services,48.22,3186756.91,1945523.86,4.0,0
San Benito,Central Coast,Agricultural Distribution,624210,Community Food Services,10.0,695358.2,508658.72,1.0,1
San Benito,Central Coast,Outdoor Recreation,713930,Marinas,10.0,96409.67,37558.02,0.0,1
San Benito,Central Coast,Outdoor Recreation,713990,All Other Amusement and Recreation Industries,56.44,4493753.86,1739314.51,4.0,0
San Benito,Central Coast,Outdoor Recreation,721211,RV (Recreational Vehicle) Parks and Campgrounds,80.19,17107083.41,4510472.36,4.0,0
San Benito,Central Coast,Outdoor Recreation,721214,Recreational and Vacation Camps (except Campgrounds),24.5,5828532.85,1532987.61,0.0,0
San Bernardino,Inland SoCal,Agricultural Production,111000,Crop Production,1860.86,450312833.81,103252382.81,99.25,0
San Bernardino,Inland SoCal,Agricultural Production,112000,Animal Production,822.73,339656746.04,59525858.63,57.0,0
San Bernardino,Inland SoCal,Forestry,113110,Timber Tract Operations,10.0,268249.07,109780.71,0.0,1
San Bernardino,Inland SoCal,Forestry,113210,Forest Nurseries and Gathering of Forest Products,10.0,211756.04,87218.06,0.0,1
San Bernardino,Inland SoCal,Forestry,113310,Logging,49.2,4887185.68,1932240.78,3.0,0
San Bernardino,Inland SoCal,Fishing,114111,Finfish Fishing,34.16,2784977.74,1070223.12,1.0,0
San Bernardino,Inland SoCal,Fishing,114112,Shellfish Fishing,16.69,664976.91,252875.89,0.0,0
San Bernardino,Inland SoCal,Fishing,114119,Other Marine Fishing,10.0,2394.59,914.21,0.0,1
San Bernardino,Inland SoCal,Outdoor Recreation,114210,Hunting and Trapping,16.86,437502.08,165528.43,0.0,0
San Bernardino,Inland SoCal,Agricultural Processing,115111,Cotton Ginning,10.0,87124.78,75196.79,0.0,1
San Bernardino,Inland SoCal,Agricultural Production,115112,"Soil Preparation, Planting, and Cultivating",100.77,2200315.81,1907749.7,5.5,0
San Bernardino,Inland SoCal,Agricultural Production,115113,"Crop Harvesting, Primarily by Machine",30.46,1558648.53,1352490.05,1.75,0
San Bernardino,Inland SoCal,Agricultural Production,115114,Postharvest Crop Activities (except Cotton Ginning),87.21,3074656.67,2673015.25,2.5,0
San Bernardino,Inland SoCal,Agricultural Support,115115,Farm Labor Contractors and Crew Leaders,243.99,13302614.35,10620661.77,9.0,0
San Bernardino,Inland SoCal,Agricultural Support,115116,Farm Management Services,31.13,1255081.91,1091108.14,3.0,0
San Bernardino,Inland SoCal,Agricultural Support,115210,Support Activities for Animal Production,284.02,5523459.83,4782909.61,10.0,0
San Bernardino,Inland SoCal,Forestry,115310,Support Activities for Forestry,228.62,15608849.25,13507239.06,5.75,0
San Bernardino,Inland SoCal,Mining,211120,Crude Petroleum Extraction,383.69,114486686.62,10461084.56,0.0,0
San Bernardino,Inland SoCal,Mining,211130,Natural Gas Extraction,36.92,2371504.44,218171.74,0.0,0
San Bernardino,Inland SoCal,Mining,212210,Iron Ore Mining,17.87,9534619.42,1730992.75,2.0,0
San Bernardino,Inland SoCal,Mining,212220,Gold Ore and Silver Ore Mining,17.61,2165822.09,410355.1,1.0,0
San Bernardino,Inland SoCal,Mining,212290,Other Metal Ore Mining,10.0,6545972.32,1164621.81,3.0,1
San Bernardino,Inland SoCal,Mining,212312,Crushed and Broken Limestone Mining and Quarrying,103.64,48733083.81,10445128.19,2.0,0
San Bernardino,Inland SoCal,Mining,212313,Crushed and Broken Granite Mining and Quarrying,10.0,630030.04,135717.27,0.0,1
San Bernardino,Inland SoCal,Mining,212319,Other Crushed and Broken Stone Mining and Quarrying,76.25,28017067.36,6070156.99,1.0,0
San Bernardino,Inland SoCal,Mining,212321,Construction Sand and Gravel Mining,169.55,84320420.66,22653732.9,12.5,0
San Bernardino,Inland SoCal,Mining,212323,"Kaolin, Clay, and Ceramic and Refractory Minerals Mining",73.03,34156122.99,9143375.82,1.0,0
San Bernardino,Inland SoCal,Mining,212390,Other Nonmetallic Mineral Mining and Quarrying,595.88,325383346.09,87401799.48,6.0,0
San Bernardino,Inland SoCal,Mining,213111,Drilling Oil and Gas Wells,11.78,2603347.71,723136.74,1.0,0
San Bernardino,Inland SoCal,Mining,213112,Support Activities for Oil and Gas Operations,71.98,15714196.28,5698405.14,5.25,0
San Bernardino,Inland SoCal,Mining,213114,Support Activities for Metal Mining,10.0,231083.72,81048.41,0.0,1
San Bernardino,Inland SoCal,Mining,213115,Support Activities for Nonmetallic Minerals (except Fuels) Mining,30.54,4350558.86,1493699.2,2.0,0
San Bernardino,Inland SoCal,Renewable Energy,221111,Hydroelectric Power Generation,545.58,784018266.94,108879776.88,1.5,0
San Bernardino,Inland SoCal,Renewable Energy,221114,Solar Electric Power Generation,159.29,132068817.48,18269650.03,11.25,0
San Bernardino,Inland SoCal,Renewable Energy,221115,Wind Electric Power Generation,12.66,8784731.23,1180172.37,2.0,0
San Bernardino,Inland SoCal,Renewable Energy,221116,Geothermal Electric Power Generation,10.0,437278.99,61890.05,0.0,1
San Bernardino,Inland SoCal,Renewable Energy,221117,Biomass Electric Power Generation,10.0,1595701.56,220081.68,1.0,1
San Bernardino,Inland SoCal,Renewable Energy,221118,Other Electric Power Generation,139.68,203806618.86,28101138.14,4.0,0
San Bernardino,Inland SoCal,Agricultural Support,221310,Water Supply and Irrigation Systems,671.38,223489702.28,70444179.12,52.25,0
San Bernardino,Inland SoCal,Agricultural Processing,311111,Dog and Cat Food Manufacturing,298.78,328684251.52,34537310.54,7.0,0
San Bernardino,Inland SoCal,Agricultural Processing,311119,Other Animal Food Manufacturing,31.96,26650272.42,2292026.27,4.0,0
San Bernardino,Inland SoCal,Agricultural Processing,311211,Flour Milling,276.99,237450536.7,25538831.38,3.0,0
San Bernardino,Inland SoCal,Agricultural Processing,311212,Rice Milling,10.0,1982582.37,210042.33,1.0,1
San Bernardino,Inland SoCal,Agricultural Processing,311213,Malt Manufacturing,10.0,341224.71,35646.24,0.0,1
San Bernardino,Inland SoCal,Agricultural Processing,311224,Soybean and Other Oilseed Processing,10.0,5058580.99,109965.19,0.0,1
San Bernardino,Inland SoCal,Agricultural Processing,311225,Fats and Oils Refining and Blending,474.84,693929637.79,41200124.16,3.0,0
San Bernardino,Inland SoCal,Agricultural Processing,311230,Breakfast Cereal Manufacturing,38.0,17414570.11,2304871.26,1.0,0
San Bernardino,Inland SoCal,Agricultural Processing,311313,Beet Sugar Manufacturing,10.0,261931.66,36869.62,0.0,1
San Bernardino,Inland SoCal,Agricultural Processing,311340,Nonchocolate Confectionery Manufacturing,10.31,2516144.61,356215.1,2.0,0
San Bernardino,Inland SoCal,Agricultural Processing,311411,"Frozen Fruit, Juice, and Vegetable Manufacturing",105.66,56014424.97,9925992.37,1.0,0
San Bernardino,Inland SoCal,Agricultural Processing,311412,Frozen Specialty Food Manufacturing,15.12,5507737.34,976005.64,2.0,0
San Bernardino,Inland SoCal,Agricultural Processing,311421,Fruit and Vegetable Canning,171.41,90738454.33,17013454.85,4.5,0
San Bernardino,Inland SoCal,Agricultural Processing,311422,Specialty Canning,10.0,298853.74,55876.52,0.0,1
San Bernardino,Inland SoCal,Agricultural Processing,311423,Dried and Dehydrated Food Manufacturing,32.5,18646414.7,3504817.48,1.5,0
San Bernardino,Inland SoCal,Agricultural Processing,311511,Fluid Milk Manufacturing,12.93,8722522.68,987443.04,0.5,0
San Bernardino,Inland SoCal,Agricultural Processing,311513,Cheese Manufacturing,75.39,83206554.1,6332165.73,3.5,0
San Bernardino,Inland SoCal,Agricultural Processing,311514,"Dry, Condensed, and Evaporated Dairy Product Manufacturing",30.16,35644372.87,2691697.59,1.0,0
San Bernardino,Inland SoCal,Agricultural Processing,311520,Ice Cream and Frozen Dessert Manufacturing,414.33,177411757.24,33890045.69,6.5,0
San Bernardino,Inland SoCal,Agricultural Processing,311611,Animal (except Poultry) Slaughtering,106.77,57391264.11,6830674.87,1.0,0
San Bernardino,Inland SoCal,Agricultural Processing,311612,Meat Processed from Carcasses,182.41,90496291.89,10610272.4,7.0,0
San Bernardino,Inland SoCal,Agricultural Processing,311613,Rendering and Meat Byproduct Processing,155.27,113436346.78,13302909.87,1.0,0
San Bernardino,Inland SoCal,Agricultural Processing,311615,Poultry Processing,50.4,14360896.18,2336778.0,3.5,0
San Bernardino,Inland SoCal,Fishing,311710,Seafood Product Preparation and Packaging,39.15,11540603.28,2240229.5,2.0,0
San Bernardino,Inland SoCal,Agricultural Processing,311811,Retail Bakeries,854.06,106629494.74,31624778.76,50.0,0
San Bernardino,Inland SoCal,Agricultural Processing,311812,Commercial Bakeries,429.55,107225073.22,31719568.47,10.75,0
San Bernardino,Inland SoCal,Agricultural Processing,311813,"Frozen Cakes, Pies, and Other Pastries Manufacturing",10.0,1093991.58,325337.29,1.0,1
San Bernardino,Inland SoCal,Agricultural Processing,311821,Cookie and Cracker Manufacturing,248.51,82793069.72,15724399.63,5.0,0
San Bernardino,Inland SoCal,Agricultural Processing,311824,"Dry Pasta, Dough, and Flour Mixes Manufacturing from Purchased Flour",573.36,214531095.83,40380660.89,7.0,0
San Bernardino,Inland SoCal,Agricultural Processing,311830,Tortilla Manufacturing,784.53,282807480.61,53569786.32,3.0,0
San Bernardino,Inland SoCal,Agricultural Processing,311911,Roasted Nuts and Peanut Butter Manufacturing,10.0,2409562.01,246428.41,0.0,1
San Bernardino,Inland SoCal,Agricultural Processing,311919,Other Snack Food Manufacturing,1112.1,877164105.92,89707318.72,3.0,0
San Bernardino,Inland SoCal,Agricultural Processing,311920,Coffee and Tea Manufacturing,66.86,26167623.01,3708755.4,3.0,0
San Bernardino,Inland SoCal,Agricultural Processing,311930,Flavoring Syrup and Concentrate Manufacturing,120.09,69593047.75,13861731.08,1.75,0
San Bernardino,Inland SoCal,Agricultural Processing,311941,"Mayonnaise, Dressing, and Other Prepared Sauce Manufacturing",12.05,1096721.03,190068.7,5.0,0
San Bernardino,Inland SoCal,Agricultural Processing,311942,Spice and Extract Manufacturing,390.15,165467274.13,28275385.99,8.0,0
San Bernardino,Inland SoCal,Agricultural Processing,311991,Perishable Prepared Food Manufacturing,767.77,263183718.5,47814005.94,6.0,0
San Bernardino,Inland SoCal,Agricultural Processing,311999,All Other Miscellaneous Food Manufacturing,396.96,169245114.7,30719825.67,8.0,0
San Bernardino,Inland SoCal,Agricultural Processing,312111,Soft Drink Manufacturing,727.78,340046280.06,62681535.86,8.0,0
San Bernardino,Inland SoCal,Agricultural Processing,312112,Bottled Water Manufacturing,550.12,309172944.22,56789665.7,8.25,0
San Bernardino,Inland SoCal,Agricultural Processing,312113,Ice Manufacturing,16.25,7872360.7,1446108.41,6.0,0
San Bernardino,Inland SoCal,Agricultural Processing,312120,Breweries,320.44,100759873.29,15438654.31,24.0,0
San Bernardino,Inland SoCal,Agricultural Processing,312130,Wineries,131.43,26677575.72,5838343.39,8.5,0
San Bernardino,Inland SoCal,Agricultural Processing,312140,Distilleries,10.0,3017413.77,238152.02,1.0,1
San Bernardino,Inland SoCal,Agricultural Processing,313110,"Fiber, Yarn, and Thread Mills",10.0,459796.31,89440.55,0.0,1
San Bernardino,Inland SoCal,Agricultural Processing,316110,Leather and Hide Tanning and Finishing,10.0,1281889.21,345662.71,1.0,1
San Bernardino,Inland SoCal,Agricultural Processing,316990,Other Leather and Allied Product Manufacturing,40.0,5905852.91,1586225.86,4.0,0
San Bernardino,Inland SoCal,Forestry,321113,Sawmills,82.79,39317597.99,5838371.71,5.0,0
San Bernardino,Inland SoCal,Forestry,321114,Wood Preservation,64.82,27798695.65,4112676.47,2.0,0
San Bernardino,Inland SoCal,Forestry,321211,Hardwood Veneer and Plywood Manufacturing,10.0,341483.65,59070.03,0.0,1
San Bernardino,Inland SoCal,Forestry,321215,Engineered Wood Member Manufacturing,207.99,95916867.43,16760772.27,7.75,0
San Bernardino,Inland SoCal,Forestry,321219,Reconstituted Wood Product Manufacturing,10.0,601776.6,102187.75,0.0,1
San Bernardino,Inland SoCal,Forestry,321911,Wood Window and Door Manufacturing,561.95,231187216.3,49363954.57,9.25,0
San Bernardino,Inland SoCal,Forestry,321912,"Cut Stock, Resawing Lumber, and Planing",10.0,1339232.11,282760.41,0.0,1
San Bernardino,Inland SoCal,Forestry,321918,Other Millwork (including Flooring),159.85,47486721.58,10058157.29,8.0,0
San Bernardino,Inland SoCal,Forestry,321920,Wood Container and Pallet Manufacturing,948.1,248427820.08,61806352.6,62.75,0
San Bernardino,Inland SoCal,Forestry,321992,Prefabricated Wood Building Manufacturing,31.13,12506779.54,3114704.29,2.25,0
San Bernardino,Inland SoCal,Forestry,321999,All Other Miscellaneous Wood Product Manufacturing,210.66,51471470.54,12793003.06,15.5,0
San Bernardino,Inland SoCal,Forestry,322120,Paper Mills,10.0,902718.55,161184.63,0.25,1
San Bernardino,Inland SoCal,Forestry,322130,Paperboard Mills,286.44,285729578.32,27265739.34,5.0,0
San Bernardino,Inland SoCal,Forestry,322211,Corrugated and Solid Fiber Box Manufacturing,794.76,456170203.3,85194015.71,11.0,0
San Bernardino,Inland SoCal,Forestry,322212,Folding Paperboard Box Manufacturing,45.71,14102569.12,2646317.77,1.0,0
San Bernardino,Inland SoCal,Forestry,322219,Other Paperboard Container Manufacturing,16.91,5175039.85,957442.43,3.0,0
San Bernardino,Inland SoCal,Forestry,322220,Paper Bag and Coated and Treated Paper Manufacturing,277.59,126957243.54,27559105.57,7.0,0
San Bernardino,Inland SoCal,Forestry,322230,Stationery Product Manufacturing,66.82,33982011.01,7563051.14,2.0,0
San Bernardino,Inland SoCal,Forestry,322291,Sanitary Paper Product Manufacturing,79.27,41988250.67,10596539.22,1.0,0
San Bernardino,Inland SoCal,Forestry,322299,All Other Converted Paper Product Manufacturing,191.23,45123708.96,11837528.93,7.0,0
San Bernardino,Inland SoCal,Agricultural Support,325311,Nitrogenous Fertilizer Manufacturing,24.33,20206948.8,2807071.55,2.0,0
San Bernardino,Inland SoCal,Agricultural Support,325312,Phosphatic Fertilizer Manufacturing,28.86,21642651.1,2947458.44,1.0,0
San Bernardino,Inland SoCal,Agricultural Support,325314,Fertilizer (Mixing Only) Manufacturing,44.2,25860770.03,3590013.83,2.0,0
San Bernardino,Inland SoCal,Agricultural Support,325315,Compost Manufacturing,42.7,22522362.18,3171924.7,1.0,0
San Bernardino,Inland SoCal,Agricultural Support,325320,Pesticide and Other Agricultural Chemical Manufacturing,20.33,24877692.27,2508115.89,1.0,0
San Bernardino,Inland SoCal,Mining,327120,Clay Building Material and Refractories Manufacturing,10.0,1183511.47,408462.34,3.0,1
San Bernardino,Inland SoCal,Mining,327310,Cement Manufacturing,576.67,446476294.79,72276196.38,4.0,0
San Bernardino,Inland SoCal,Mining,327320,Ready-Mix Concrete Manufacturing,1402.7,593423110.82,133821655.04,45.5,0
San Bernardino,Inland SoCal,Mining,327331,Concrete Block and Brick Manufacturing,119.45,30398114.08,9088183.53,3.0,0
San Bernardino,Inland SoCal,Mining,327390,Other Concrete Product Manufacturing,872.27,272667338.35,78565219.75,15.5,0
San Bernardino,Inland SoCal,Mining,327991,Cut Stone and Stone Product Manufacturing,15.45,1571183.51,602567.51,2.0,0
San Bernardino,Inland SoCal,Mining,327992,Ground or Treated Mineral and Earth Manufacturing,46.02,35124419.03,4436744.04,1.0,0
San Bernardino,Inland SoCal,Agricultural Support,333111,Farm Machinery and Equipment Manufacturing,48.39,15765683.1,3211366.11,5.0,0
San Bernardino,Inland SoCal,Mining,333131,Mining Machinery and Equipment Manufacturing,10.0,178463.54,68421.99,1.0,1
San Bernardino,Inland SoCal,Mining,333132,Oil and Gas Field Machinery and Equipment Manufacturing,126.9,28341846.19,10821938.83,3.25,0
San Bernardino,Inland SoCal,Agricultural Processing,333241,Food Product Machinery Manufacturing,40.61,13257851.77,3593403.61,5.5,0
San Bernardino,Inland SoCal,Forestry,333243,"Sawmill, Woodworking, and Paper Machinery Manufacturing",47.44,14431679.82,3884556.84,2.0,0
San Bernardino,Inland SoCal,Agricultural Processing,333993,Packaging Machinery Manufacturing,178.91,56261868.97,15324458.49,6.25,0
San Bernardino,Inland SoCal,Forestry,337110,Wood Kitchen Cabinet and Countertop Manufacturing,618.9,86084573.14,38854061.0,29.75,0
San Bernardino,Inland SoCal,Forestry,337211,Wood Office Furniture Manufacturing,44.52,15887521.77,3984754.32,3.5,0
San Bernardino,Inland SoCal,Forestry,423310,"Lumber, Plywood, Millwork, and Wood Panel Merchant Wholesalers",1357.1,423973407.0,129253788.22,56.0,0
San Bernardino,Inland SoCal,Mining,423320,"Brick, Stone, and Related Construction Material Merchant Wholesalers",490.11,153087213.59,46749765.99,20.5,0
San Bernardino,Inland SoCal,Mining,423520,Coal and Other Mineral and Ore Merchant Wholesalers,10.0,4872919.13,1527268.8,3.0,1
San Bernardino,Inland SoCal,Agricultural Support,423820,Farm and Garden Machinery and Equipment Merchant Wholesalers,173.89,39452056.22,13531342.39,23.75,0
San Bernardino,Inland SoCal,Agricultural Distribution,424410,General Line Grocery Merchant Wholesalers,1462.46,400682423.06,133396006.82,49.0,0
San Bernardino,Inland SoCal,Agricultural Distribution,424420,Packaged Frozen Food Merchant Wholesalers,478.79,130265331.02,43309472.47,10.0,0
San Bernardino,Inland SoCal,Agricultural Distribution,424430,Dairy Product (except Dried or Canned) Merchant Wholesalers,109.01,24993208.63,8283583.01,8.5,0
San Bernardino,Inland SoCal,Agricultural Distribution,424440,Poultry and Poultry Product Merchant Wholesalers,381.28,93955830.43,31305307.57,4.0,0
San Bernardino,Inland SoCal,Agricultural Distribution,424450,Confectionery Merchant Wholesalers,641.56,163786585.29,54321734.56,16.25,0
San Bernardino,Inland SoCal,Fishing,424460,Fish and Seafood Merchant Wholesalers,24.71,3621287.95,1207688.52,11.25,0
San Bernardino,Inland SoCal,Agricultural Distribution,424470,Meat and Meat Product Merchant Wholesalers,274.16,70235332.92,23398828.15,14.0,0
San Bernardino,Inland SoCal,Agricultural Distribution,424480,Fresh Fruit and Vegetable Merchant Wholesalers,358.68,92269789.01,30773138.19,18.25,0
San Bernardino,Inland SoCal,Agricultural Distribution,424490,Other Grocery and Related Products Merchant Wholesalers,3059.05,859896325.08,286152734.15,82.5,0
San Bernardino,Inland SoCal,Agricultural Distribution,424510,Grain and Field Bean Merchant Wholesalers,29.3,8400800.01,2014635.11,1.0,0
San Bernardino,Inland SoCal,Agricultural Distribution,424520,Livestock Merchant Wholesalers,25.51,3363491.11,799072.62,3.0,0
San Bernardino,Inland SoCal,Agricultural Distribution,424590,Other Farm Product Raw Material Merchant Wholesalers,149.56,28636597.75,6902117.31,8.0,0
San Bernardino,Inland SoCal,Agricultural Distribution,424810,Beer and Ale Merchant Wholesalers,442.6,155175329.93,37294814.66,5.0,0
San Bernardino,Inland SoCal,Agricultural Distribution,424820,Wine and Distilled Alcoholic Beverage Merchant Wholesalers,31.05,8325628.21,2031312.96,3.0,0
San Bernardino,Inland SoCal,Agricultural Distribution,424910,Farm Supplies Merchant Wholesalers,215.74,77092097.8,18554969.7,20.0,0
San Bernardino,Inland SoCal,Agricultural Distribution,424930,"Flower, Nursery Stock, and Florists' Supplies Merchant Wholesalers",280.33,63999410.93,15455143.3,29.75,0
San Bernardino,Inland SoCal,Agricultural Distribution,424990,Other Miscellaneous Nondurable Goods Merchant Wholesalers,1960.42,610929206.13,148036788.28,171.75,0
San Bernardino,Inland SoCal,Outdoor Recreation,441222,Boat Dealers,71.48,14133676.95,4309893.91,7.0,0
San Bernardino,Inland SoCal,Agricultural Support,444240,"Nursery, Garden Center, and Farm Supply Retailers",509.99,60044109.82,17197643.56,42.25,0
San Bernardino,Inland SoCal,Agricultural Distribution,445230,Fruit and Vegetable Markets,131.68,13918119.68,5298146.3,5.0,0
San Bernardino,Inland SoCal,Agricultural Distribution,445240,Meat Retailers,376.43,49341200.9,18642287.78,40.0,0
San Bernardino,Inland SoCal,Agricultural Distribution,445291,Baked Goods Stores,178.03,16121639.78,6085218.48,8.0,0
San Bernardino,Inland SoCal,Agricultural Distribution,445292,Confectionery and Nut Stores,379.45,35982008.03,13619041.35,30.25,0
San Bernardino,Inland SoCal,Agricultural Distribution,445298,All Other Specialty Food Retailers,1034.1,105163419.43,39886678.37,34.0,0
San Bernardino,Inland SoCal,Agricultural Distribution,445320,"Beer, Wine, and Liquor Retailers",1206.8,119333251.1,45028217.99,255.25,0
San Bernardino,Inland SoCal,Agricultural Distribution,456191,Food (Health) Supplement Retailers,927.31,75409264.85,23857295.75,66.25,0
San Bernardino,Inland SoCal,Agricultural Distribution,459310,Florists,697.67,41385761.06,13859481.56,49.75,0
San Bernardino,Inland SoCal,Agricultural Distribution,484230,"Specialized Freight (except Used Goods) Trucking, Long-Distance",2608.19,627753103.77,226859981.82,84.5,0
San Bernardino,Inland SoCal,Outdoor Recreation,487110,"Scenic and Sightseeing Transportation, Land",14.77,1598701.74,691042.5,2.0,0
San Bernardino,Inland SoCal,Outdoor Recreation,487210,"Scenic and Sightseeing Transportation, Water",17.99,1340287.26,578645.77,1.75,0
San Bernardino,Inland SoCal,Outdoor Recreation,487990,"Scenic and Sightseeing Transportation, Other",10.0,494880.12,213172.15,2.0,1
San Bernardino,Inland SoCal,Agricultural Distribution,493120,Refrigerated Warehousing and Storage,1730.9,186804711.12,117541302.46,16.0,0
San Bernardino,Inland SoCal,Agricultural Distribution,493130,Farm Product Warehousing and Storage,82.51,6804113.91,4278041.56,3.75,0
San Bernardino,Inland SoCal,Outdoor Recreation,532284,Recreational Goods Rental,171.31,25605054.52,6716583.63,18.0,0
San Bernardino,Inland SoCal,Mining,532412,"Construction, Mining, and Forestry Machinery and Equipment Rental and Leasing",622.69,498538751.2,62766656.81,40.75,0
San Bernardino,Inland SoCal,Mining,541360,Geophysical Surveying and Mapping Services,20.61,1759981.69,884396.36,3.75,0
San Bernardino,Inland SoCal,Agricultural Support,541620,Environmental Consulting Services,622.81,76684275.42,46810809.2,42.75,0
San Bernardino,Inland SoCal,Agricultural Support,541690,Other Scientific and Technical Consulting Services,2115.85,203105704.17,123996591.02,207.5,0
San Bernardino,Inland SoCal,Agricultural Distribution,624210,Community Food Services,174.36,8356320.09,6112698.63,33.0,0
San Bernardino,Inland SoCal,Outdoor Recreation,712130,Zoos and Botanical Gardens,14.13,1348654.69,437277.08,4.0,0
San Bernardino,Inland SoCal,Outdoor Recreation,712190,Nature Parks and Other Similar Institutions,45.48,4828465.84,1561680.39,2.0,0
San Bernardino,Inland SoCal,Outdoor Recreation,713920,Skiing Facilities,1171.44,138108167.47,52580973.76,3.5,0
San Bernardino,Inland SoCal,Outdoor Recreation,713930,Marinas,141.01,19769073.81,7701378.32,8.0,0
San Bernardino,Inland SoCal,Outdoor Recreation,713990,All Other Amusement and Recreation Industries,1284.87,122084372.8,47252948.73,89.5,0
San Bernardino,Inland SoCal,Outdoor Recreation,721211,RV (Recreational Vehicle) Parks and Campgrounds,285.61,49266413.33,12989636.54,21.5,0
San Bernardino,Inland SoCal,Outdoor Recreation,721214,Recreational and Vacation Camps (except Campgrounds),357.74,48845041.18,12846945.31,15.75,0
San Diego,Southern Border,Agricultural Production,111000,Crop Production,10054.67,2373933539.06,544320028.53,369.25,0
San Diego,Southern Border,Agricultural Production,112000,Animal Production,1449.91,665406449.48,116614466.54,65.0,0
San Diego,Southern Border,Forestry,113110,Timber Tract Operations,10.0,1124090.02,460032.91,0.0,1
San Diego,Southern Border,Forestry,113210,Forest Nurseries and Gathering of Forest Products,10.0,1601742.75,659725.67,2.0,1
San Diego,Southern Border,Forestry,113310,Logging,118.66,16596397.13,6561697.77,0.0,0
San Diego,Southern Border,Fishing,114111,Finfish Fishing,291.18,46679665.03,17938260.75,23.0,0
San Diego,Southern Border,Fishing,114112,Shellfish Fishing,73.91,3875658.26,1473826.39,1.0,0
San Diego,Southern Border,Fishing,114119,Other Marine Fishing,11.32,1044564.13,398794.97,5.0,0
San Diego,Southern Border,Outdoor Recreation,114210,Hunting and Trapping,12.13,616856.07,233386.81,0.0,0
San Diego,Southern Border,Agricultural Processing,115111,Cotton Ginning,10.0,454472.72,392252.24,0.0,1
San Diego,Southern Border,Agricultural Production,115112,"Soil Preparation, Planting, and Cultivating",533.81,26297372.39,22800728.85,21.0,0
San Diego,Southern Border,Agricultural Production,115113,"Crop Harvesting, Primarily by Machine",33.02,2542911.13,2206566.74,1.0,0
San Diego,Southern Border,Agricultural Production,115114,Postharvest Crop Activities (except Cotton Ginning),183.57,13169541.21,11449208.23,7.0,0
San Diego,Southern Border,Agricultural Support,115115,Farm Labor Contractors and Crew Leaders,583.98,45815680.96,36578738.46,20.5,0
San Diego,Southern Border,Agricultural Support,115116,Farm Management Services,340.09,19405877.26,16870540.8,27.25,0
San Diego,Southern Border,Agricultural Support,115210,Support Activities for Animal Production,949.46,52660275.41,45599921.99,91.75,0
San Diego,Southern Border,Forestry,115310,Support Activities for Forestry,110.59,7640954.47,6612159.36,2.5,0
San Diego,Southern Border,Mining,211120,Crude Petroleum Extraction,22.98,45544262.22,4161552.69,1.0,0
San Diego,Southern Border,Mining,211130,Natural Gas Extraction,10.0,7257613.17,667680.01,2.0,1
San Diego,Southern Border,Mining,212114,Surface Coal Mining,10.0,247530.8,33741.44,0.0,1
San Diego,Southern Border,Mining,212115,Underground Coal Mining,10.0,1264221.97,170622.96,0.0,1
San Diego,Southern Border,Mining,212210,Iron Ore Mining,10.0,96706.08,17556.81,0.0,1
San Diego,Southern Border,Mining,212220,Gold Ore and Silver Ore Mining,11.14,602692.75,114191.3,0.0,0
San Diego,Southern Border,Mining,212312,Crushed and Broken Limestone Mining and Quarrying,54.86,20622427.99,4420075.38,3.0,0
San Diego,Southern Border,Mining,212313,Crushed and Broken Granite Mining and Quarrying,20.48,11483617.84,2473731.61,0.5,0
San Diego,Southern Border,Mining,212319,Other Crushed and Broken Stone Mining and Quarrying,30.31,11028585.63,2389445.17,1.5,0
San Diego,Southern Border,Mining,212321,Construction Sand and Gravel Mining,175.38,92029025.67,24724745.8,14.0,0
San Diego,Southern Border,Mining,212322,Industrial Sand Mining,10.14,3557387.53,930874.04,1.0,0
San Diego,Southern Border,Mining,212323,"Kaolin, Clay, and Ceramic and Refractory Minerals Mining",15.4,4400126.76,1177885.81,1.0,0
San Diego,Southern Border,Mining,212390,Other Nonmetallic Mineral Mining and Quarrying,10.0,765432.82,205604.27,0.0,1
San Diego,Southern Border,Mining,213111,Drilling Oil and Gas Wells,19.38,4296936.0,1193567.92,3.5,0
San Diego,Southern Border,Mining,213112,Support Activities for Oil and Gas Operations,84.16,6119730.07,2219184.53,5.75,0
San Diego,Southern Border,Mining,213113,Support Activities for Coal Mining,10.0,38663.5,12847.77,0.0,1
San Diego,Southern Border,Mining,213114,Support Activities for Metal Mining,10.0,2058598.16,722015.81,1.0,1
San Diego,Southern Border,Mining,213115,Support Activities for Nonmetallic Minerals (except Fuels) Mining,10.0,189107.82,64927.33,3.0,1
San Diego,Southern Border,Renewable Energy,221111,Hydroelectric Power Generation,10.0,3542636.91,491980.27,0.0,1
San Diego,Southern Border,Renewable Energy,221114,Solar Electric Power Generation,361.04,390970691.28,54084664.64,43.25,0
San Diego,Southern Border,Renewable Energy,221115,Wind Electric Power Generation,106.43,205133745.42,27558404.77,6.0,0
San Diego,Southern Border,Renewable Energy,221116,Geothermal Electric Power Generation,29.68,26292035.54,3721229.24,1.0,0
San Diego,Southern Border,Renewable Energy,221117,Biomass Electric Power Generation,10.0,5103517.58,703885.2,3.75,1
San Diego,Southern Border,Renewable Energy,221118,Other Electric Power Generation,85.8,147040851.24,20274195.68,13.0,0
San Diego,Southern Border,Agricultural Support,221310,Water Supply and Irrigation Systems,310.52,108782860.41,34288467.1,38.0,0
San Diego,Southern Border,Agricultural Processing,311111,Dog and Cat Food Manufacturing,133.48,105521951.94,11087980.05,9.5,0
San Diego,Southern Border,Agricultural Processing,311119,Other Animal Food Manufacturing,73.56,42920382.06,3691318.49,5.25,0
San Diego,Southern Border,Agricultural Processing,311211,Flour Milling,10.0,6661970.18,716523.68,0.0,1
San Diego,Southern Border,Agricultural Processing,311213,Malt Manufacturing,10.0,2948288.36,307994.72,1.0,1
San Diego,Southern Border,Agricultural Processing,311224,Soybean and Other Oilseed Processing,12.54,40571246.32,881951.84,1.0,0
San Diego,Southern Border,Agricultural Processing,311225,Fats and Oils Refining and Blending,10.44,16016608.82,950941.18,2.25,0
San Diego,Southern Border,Agricultural Processing,311230,Breakfast Cereal Manufacturing,10.0,1816451.48,240412.87,2.0,1
San Diego,Southern Border,Agricultural Processing,311313,Beet Sugar Manufacturing,10.0,453384.55,63818.62,0.0,1
San Diego,Southern Border,Agricultural Processing,311314,Cane Sugar Manufacturing,70.54,54305689.2,7734504.63,1.0,0
San Diego,Southern Border,Agricultural Processing,311340,Nonchocolate Confectionery Manufacturing,96.71,53739801.73,7608040.0,6.0,0
San Diego,Southern Border,Agricultural Processing,311411,"Frozen Fruit, Juice, and Vegetable Manufacturing",36.41,16269793.3,2883076.0,2.0,0
San Diego,Southern Border,Agricultural Processing,311412,Frozen Specialty Food Manufacturing,63.77,25447895.6,4509526.9,7.5,0
San Diego,Southern Border,Agricultural Processing,311421,Fruit and Vegetable Canning,955.25,378728595.75,71011589.44,7.0,0
San Diego,Southern Border,Agricultural Processing,311422,Specialty Canning,42.04,26195139.01,4897690.58,4.0,0
San Diego,Southern Border,Agricultural Processing,311423,Dried and Dehydrated Food Manufacturing,19.69,8605183.0,1617447.44,1.25,0
San Diego,Southern Border,Agricultural Processing,311511,Fluid Milk Manufacturing,265.49,214817422.24,24318649.06,4.0,0
San Diego,Southern Border,Agricultural Processing,311512,Creamery Butter Manufacturing,10.0,2608113.25,289732.95,1.0,1
San Diego,Southern Border,Agricultural Processing,311513,Cheese Manufacturing,10.0,496827.95,37809.48,0.0,1
San Diego,Southern Border,Agricultural Processing,311514,"Dry, Condensed, and Evaporated Dairy Product Manufacturing",27.67,34469531.35,2602979.01,2.0,0
San Diego,Southern Border,Agricultural Processing,311520,Ice Cream and Frozen Dessert Manufacturing,46.97,12058943.19,2303557.23,7.0,0
San Diego,Southern Border,Agricultural Processing,311611,Animal (except Poultry) Slaughtering,10.0,1831415.42,217974.0,0.75,1
San Diego,Southern Border,Agricultural Processing,311612,Meat Processed from Carcasses,758.48,401195741.52,47038348.38,7.5,0
San Diego,Southern Border,Agricultural Processing,311615,Poultry Processing,10.0,1822408.5,296538.88,1.0,1
San Diego,Southern Border,Fishing,311710,Seafood Product Preparation and Packaging,80.0,21527537.39,4178865.1,3.0,0
San Diego,Southern Border,Agricultural Processing,311811,Retail Bakeries,1400.96,165493684.39,49083053.12,90.25,0
San Diego,Southern Border,Agricultural Processing,311812,Commercial Bakeries,1392.4,255292297.56,75521156.29,53.0,0
San Diego,Southern Border,Agricultural Processing,311813,"Frozen Cakes, Pies, and Other Pastries Manufacturing",44.52,8431502.4,2507406.99,3.0,0
San Diego,Southern Border,Agricultural Processing,311821,Cookie and Cracker Manufacturing,70.92,23152498.3,4397217.51,7.0,0
San Diego,Southern Border,Agricultural Processing,311824,"Dry Pasta, Dough, and Flour Mixes Manufacturing from Purchased Flour",66.59,20488824.36,3856561.05,5.0,0
San Diego,Southern Border,Agricultural Processing,311830,Tortilla Manufacturing,1035.64,295411504.6,55957258.08,15.0,0
San Diego,Southern Border,Agricultural Processing,311911,Roasted Nuts and Peanut Butter Manufacturing,80.07,47263100.35,4833646.35,1.0,0
San Diego,Southern Border,Agricultural Processing,311919,Other Snack Food Manufacturing,26.28,21441036.68,2192768.6,7.0,0
San Diego,Southern Border,Agricultural Processing,311920,Coffee and Tea Manufacturing,312.05,174209578.03,24690844.62,17.5,0
San Diego,Southern Border,Agricultural Processing,311930,Flavoring Syrup and Concentrate Manufacturing,32.49,8947501.99,1782187.6,3.25,0
San Diego,Southern Border,Agricultural Processing,311941,"Mayonnaise, Dressing, and Other Prepared Sauce Manufacturing",87.42,37289570.81,6462518.93,6.0,0
San Diego,Southern Border,Agricultural Processing,311942,Spice and Extract Manufacturing,64.19,29235888.57,4995888.39,7.75,0
San Diego,Southern Border,Agricultural Processing,311991,Perishable Prepared Food Manufacturing,649.3,234335108.36,42572923.31,32.0,0
San Diego,Southern Border,Agricultural Processing,311999,All Other Miscellaneous Food Manufacturing,311.39,123767428.2,22465131.86,19.5,0
San Diego,Southern Border,Agricultural Processing,312111,Soft Drink Manufacturing,523.22,280553876.57,51715160.28,13.75,0
San Diego,Southern Border,Agricultural Processing,312112,Bottled Water Manufacturing,270.39,117029172.25,21496213.35,4.75,0
San Diego,Southern Border,Agricultural Processing,312113,Ice Manufacturing,29.92,11801871.43,2167937.45,5.0,0
San Diego,Southern Border,Agricultural Processing,312120,Breweries,2765.85,1135795051.43,174029071.2,107.25,0
San Diego,Southern Border,Agricultural Processing,312130,Wineries,499.38,106608620.6,23331120.56,49.75,0
San Diego,Southern Border,Agricultural Processing,312140,Distilleries,237.57,315704486.56,24917252.73,12.0,0
San Diego,Southern Border,Agricultural Processing,313110,"Fiber, Yarn, and Thread Mills",27.58,6015833.16,1170212.55,1.0,0
San Diego,Southern Border,Agricultural Processing,316110,Leather and Hide Tanning and Finishing,10.0,2303068.55,621024.75,2.0,1
San Diego,Southern Border,Agricultural Processing,316990,Other Leather and Allied Product Manufacturing,232.42,67783497.89,18205657.84,14.5,0
San Diego,Southern Border,Forestry,321113,Sawmills,10.0,1913269.92,284106.39,0.0,1
San Diego,Southern Border,Forestry,321114,Wood Preservation,10.0,902455.12,133513.67,0.0,1
San Diego,Southern Border,Forestry,321211,Hardwood Veneer and Plywood Manufacturing,10.0,3425335.52,592516.41,1.0,1
San Diego,Southern Border,Forestry,321215,Engineered Wood Member Manufacturing,100.66,43660795.54,7629405.24,5.5,0
San Diego,Southern Border,Forestry,321219,Reconstituted Wood Product Manufacturing,10.0,299775.28,50904.87,0.0,1
San Diego,Southern Border,Forestry,321911,Wood Window and Door Manufacturing,96.55,32137829.27,6862188.88,7.25,0
San Diego,Southern Border,Forestry,321912,"Cut Stock, Resawing Lumber, and Planing",10.0,1415065.42,298771.57,1.0,1
San Diego,Southern Border,Forestry,321918,Other Millwork (including Flooring),288.47,161065107.51,34115182.75,11.5,0
San Diego,Southern Border,Forestry,321920,Wood Container and Pallet Manufacturing,178.34,50160812.8,12479507.66,20.0,0
San Diego,Southern Border,Forestry,321992,Prefabricated Wood Building Manufacturing,14.5,4957040.06,1234507.57,1.0,0
San Diego,Southern Border,Forestry,321999,All Other Miscellaneous Wood Product Manufacturing,251.47,57302138.37,14242189.39,18.5,0
San Diego,Southern Border,Forestry,322120,Paper Mills,39.78,52809077.35,9429308.09,5.0,0
San Diego,Southern Border,Forestry,322130,Paperboard Mills,22.31,65007231.34,6203313.76,2.0,0
San Diego,Southern Border,Forestry,322211,Corrugated and Solid Fiber Box Manufacturing,210.26,129216646.12,24132406.94,9.75,0
San Diego,Southern Border,Forestry,322212,Folding Paperboard Box Manufacturing,95.11,33437911.19,6274554.5,4.0,0
San Diego,Southern Border,Forestry,322219,Other Paperboard Container Manufacturing,273.17,95018521.99,17579529.24,1.5,0
San Diego,Southern Border,Forestry,322220,Paper Bag and Coated and Treated Paper Manufacturing,16.35,4244482.96,921366.52,1.5,0
San Diego,Southern Border,Forestry,322230,Stationery Product Manufacturing,155.23,61424960.52,13670765.91,3.25,0
San Diego,Southern Border,Forestry,322291,Sanitary Paper Product Manufacturing,10.0,3263512.3,823609.83,1.0,1
San Diego,Southern Border,Forestry,322299,All Other Converted Paper Product Manufacturing,10.0,1262499.89,331197.93,2.0,1
San Diego,Southern Border,Agricultural Support,325311,Nitrogenous Fertilizer Manufacturing,10.0,3506853.74,487158.62,3.0,1
San Diego,Southern Border,Agricultural Support,325312,Phosphatic Fertilizer Manufacturing,12.12,12735285.02,1734386.57,1.5,0
San Diego,Southern Border,Agricultural Support,325314,Fertilizer (Mixing Only) Manufacturing,18.22,14491162.85,2011675.4,1.0,0
San Diego,Southern Border,Agricultural Support,325315,Compost Manufacturing,15.69,11193030.46,1576364.39,1.0,0
San Diego,Southern Border,Agricultural Support,325320,Pesticide and Other Agricultural Chemical Manufacturing,10.0,4480548.68,451719.36,1.0,1
San Diego,Southern Border,Mining,327120,Clay Building Material and Refractories Manufacturing,55.08,10583922.37,3652802.56,5.25,0
San Diego,Southern Border,Mining,327310,Cement Manufacturing,10.0,402227.21,65113.09,0.0,1
San Diego,Southern Border,Mining,327320,Ready-Mix Concrete Manufacturing,683.67,307051536.56,69242575.92,24.25,0
San Diego,Southern Border,Mining,327331,Concrete Block and Brick Manufacturing,152.55,44842008.76,13406502.93,4.0,0
San Diego,Southern Border,Mining,327390,Other Concrete Product Manufacturing,60.74,13645841.01,3931855.22,5.0,0
San Diego,Southern Border,Mining,327410,Lime Manufacturing,10.0,155400.12,22989.7,1.0,1
San Diego,Southern Border,Mining,327991,Cut Stone and Stone Product Manufacturing,485.73,88263473.31,33850088.95,27.0,0
San Diego,Southern Border,Mining,327992,Ground or Treated Mineral and Earth Manufacturing,10.0,4618287.88,583359.43,2.0,1
San Diego,Southern Border,Mining,331410,Nonferrous Metal (except Aluminum) Smelting and Refining,10.0,2108098.32,151963.5,1.0,1
San Diego,Southern Border,Agricultural Support,333111,Farm Machinery and Equipment Manufacturing,848.37,490037897.76,99817501.7,7.0,0
San Diego,Southern Border,Mining,333131,Mining Machinery and Equipment Manufacturing,10.0,196775.48,75442.7,0.0,1
San Diego,Southern Border,Mining,333132,Oil and Gas Field Machinery and Equipment Manufacturing,10.0,36965.84,14114.89,0.0,1
San Diego,Southern Border,Agricultural Processing,333241,Food Product Machinery Manufacturing,45.39,9507000.53,2576774.18,6.0,0
San Diego,Southern Border,Forestry,333243,"Sawmill, Woodworking, and Paper Machinery Manufacturing",10.0,2909438.07,783129.73,1.0,1
San Diego,Southern Border,Agricultural Processing,333993,Packaging Machinery Manufacturing,160.8,52306506.65,14247107.4,6.5,0
San Diego,Southern Border,Forestry,337110,Wood Kitchen Cabinet and Countertop Manufacturing,796.74,124120157.85,56021328.88,84.5,0
San Diego,Southern Border,Forestry,337211,Wood Office Furniture Manufacturing,66.57,23928148.35,6001426.39,2.0,0
San Diego,Southern Border,Forestry,423310,"Lumber, Plywood, Millwork, and Wood Panel Merchant Wholesalers",511.68,173520534.6,52899983.96,61.0,0
San Diego,Southern Border,Mining,423320,"Brick, Stone, and Related Construction Material Merchant Wholesalers",491.11,148519243.01,45354799.35,50.5,0
San Diego,Southern Border,Mining,423520,Coal and Other Mineral and Ore Merchant Wholesalers,11.64,8231935.26,2580050.59,4.0,0
San Diego,Southern Border,Agricultural Support,423820,Farm and Garden Machinery and Equipment Merchant Wholesalers,214.98,53005078.23,18179784.03,28.75,0
San Diego,Southern Border,Agricultural Distribution,424410,General Line Grocery Merchant Wholesalers,1122.19,327470778.23,109022237.19,71.25,0
San Diego,Southern Border,Agricultural Distribution,424420,Packaged Frozen Food Merchant Wholesalers,238.38,88230839.43,29334214.11,17.5,0
San Diego,Southern Border,Agricultural Distribution,424430,Dairy Product (except Dried or Canned) Merchant Wholesalers,316.19,67557334.07,22390753.93,15.75,0
San Diego,Southern Border,Agricultural Distribution,424440,Poultry and Poultry Product Merchant Wholesalers,10.0,1904130.0,634440.41,1.5,1
San Diego,Southern Border,Agricultural Distribution,424450,Confectionery Merchant Wholesalers,529.4,122907813.14,40763812.18,24.0,0
San Diego,Southern Border,Fishing,424460,Fish and Seafood Merchant Wholesalers,271.12,53896784.51,17974413.81,30.25,0
San Diego,Southern Border,Agricultural Distribution,424470,Meat and Meat Product Merchant Wholesalers,427.35,104255797.25,34732710.47,20.5,0
San Diego,Southern Border,Agricultural Distribution,424480,Fresh Fruit and Vegetable Merchant Wholesalers,1044.45,244921077.2,81684267.8,98.75,0
San Diego,Southern Border,Agricultural Distribution,424490,Other Grocery and Related Products Merchant Wholesalers,1909.54,528540562.79,175885537.29,149.25,0
San Diego,Southern Border,Agricultural Distribution,424510,Grain and Field Bean Merchant Wholesalers,48.49,8076054.12,1936756.28,3.0,0
San Diego,Southern Border,Agricultural Distribution,424520,Livestock Merchant Wholesalers,15.02,2599026.15,617456.85,0.0,0
San Diego,Southern Border,Agricultural Distribution,424590,Other Farm Product Raw Material Merchant Wholesalers,156.3,35850420.56,8640824.26,11.5,0
San Diego,Southern Border,Agricultural Distribution,424810,Beer and Ale Merchant Wholesalers,828.19,322295804.86,77460523.62,23.25,0
San Diego,Southern Border,Agricultural Distribution,424820,Wine and Distilled Alcoholic Beverage Merchant Wholesalers,705.76,360083029.14,87854190.14,42.0,0
San Diego,Southern Border,Agricultural Distribution,424910,Farm Supplies Merchant Wholesalers,221.46,90486059.56,21778705.48,35.0,0
San Diego,Southern Border,Agricultural Distribution,424930,"Flower, Nursery Stock, and Florists' Supplies Merchant Wholesalers",3104.57,722347388.72,174438830.71,104.0,0
San Diego,Southern Border,Agricultural Distribution,424990,Other Miscellaneous Nondurable Goods Merchant Wholesalers,2509.77,868076828.53,210347294.56,234.0,0
San Diego,Southern Border,Outdoor Recreation,441222,Boat Dealers,349.23,86283637.69,26311152.14,47.75,0
San Diego,Southern Border,Agricultural Support,444240,"Nursery, Garden Center, and Farm Supply Retailers",1279.46,216920247.62,62129609.56,102.0,0
San Diego,Southern Border,Agricultural Distribution,445230,Fruit and Vegetable Markets,842.17,108542710.71,41318452.09,43.0,0
San Diego,Southern Border,Agricultural Distribution,445240,Meat Retailers,663.69,81921913.12,30952061.4,34.25,0
San Diego,Southern Border,Agricultural Distribution,445291,Baked Goods Stores,343.98,44067591.54,16633600.94,15.25,0
San Diego,Southern Border,Agricultural Distribution,445292,Confectionery and Nut Stores,527.81,48173270.19,18233383.7,40.25,0
San Diego,Southern Border,Agricultural Distribution,445298,All Other Specialty Food Retailers,1573.46,159313918.3,60425032.34,91.5,0
San Diego,Southern Border,Agricultural Distribution,445320,"Beer, Wine, and Liquor Retailers",2487.2,242381938.92,91458388.02,413.25,0
San Diego,Southern Border,Agricultural Distribution,456191,Food (Health) Supplement Retailers,1699.05,212448134.12,67212403.91,137.25,0
San Diego,Southern Border,Agricultural Distribution,459310,Florists,1798.3,136093160.8,45575594.22,118.25,0
San Diego,Southern Border,Agricultural Distribution,484230,"Specialized Freight (except Used Goods) Trucking, Long-Distance",180.2,41541040.31,15012270.89,26.5,0
San Diego,Southern Border,Outdoor Recreation,487110,"Scenic and Sightseeing Transportation, Land",218.5,20942848.92,9052594.53,7.25,0
San Diego,Southern Border,Outdoor Recreation,487210,"Scenic and Sightseeing Transportation, Water",810.9,81148941.63,35034647.74,71.5,0
San Diego,Southern Border,Outdoor Recreation,487990,"Scenic and Sightseeing Transportation, Other",43.14,2320209.59,999442.19,5.0,0
San Diego,Southern Border,Agricultural Distribution,493120,Refrigerated Warehousing and Storage,169.15,15712601.49,9886686.65,8.0,0
San Diego,Southern Border,Agricultural Distribution,493130,Farm Product Warehousing and Storage,34.51,879516.31,552990.06,2.0,0
San Diego,Southern Border,Outdoor Recreation,532284,Recreational Goods Rental,394.98,60716274.0,15926774.6,47.75,0
San Diego,Southern Border,Mining,532412,"Construction, Mining, and Forestry Machinery and Equipment Rental and Leasing",1138.88,1013851266.25,127645151.62,67.75,0
San Diego,Southern Border,Mining,541360,Geophysical Surveying and Mapping Services,162.77,28687025.18,14415320.79,15.0,0
San Diego,Southern Border,Agricultural Support,541620,Environmental Consulting Services,2784.96,431868783.44,263628066.01,173.25,0
San Diego,Southern Border,Agricultural Support,541690,Other Scientific and Technical Consulting Services,10527.83,1638805095.8,1000495018.37,1052.5,0
San Diego,Southern Border,Agricultural Distribution,624210,Community Food Services,454.34,39788689.36,29105666.67,29.5,0
San Diego,Southern Border,Outdoor Recreation,712130,Zoos and Botanical Gardens,3217.51,593271673.64,192357691.69,12.0,0
San Diego,Southern Border,Outdoor Recreation,712190,Nature Parks and Other Similar Institutions,114.27,17627741.92,5701375.91,11.0,0
San Diego,Southern Border,Outdoor Recreation,713920,Skiing Facilities,106.34,11526815.68,4388525.34,1.0,0
San Diego,Southern Border,Outdoor Recreation,713930,Marinas,576.53,85393346.11,33266427.7,28.5,0
San Diego,Southern Border,Outdoor Recreation,713990,All Other Amusement and Recreation Industries,3814.98,391869604.79,151673747.58,243.5,0
San Diego,Southern Border,Outdoor Recreation,721211,RV (Recreational Vehicle) Parks and Campgrounds,610.42,97793941.15,25784457.71,28.75,0
San Diego,Southern Border,Outdoor Recreation,721214,Recreational and Vacation Camps (except Campgrounds),271.0,49087548.22,12910728.13,15.5,0
San Francisco,Bay Area,Agricultural Production,111000,Crop Production,77.25,27273067.73,6253450.97,22.25,0
San Francisco,Bay Area,Agricultural Production,112000,Animal Production,78.27,38953351.16,6826691.07,9.0,0
San Francisco,Bay Area,Forestry,113310,Logging,11.67,1032003.12,408021.84,0.0,0
San Francisco,Bay Area,Fishing,114111,Finfish Fishing,42.85,3056103.0,1174412.29,0.0,0
San Francisco,Bay Area,Fishing,114112,Shellfish Fishing,10.0,172444.01,65576.61,0.0,1
San Francisco,Bay Area,Fishing,114119,Other Marine Fishing,10.0,1144.61,436.99,0.0,1
San Francisco,Bay Area,Outdoor Recreation,114210,Hunting and Trapping,10.0,195998.72,74155.9,1.0,1
San Francisco,Bay Area,Agricultural Processing,115111,Cotton Ginning,10.0,80712.97,69662.8,0.25,1
San Francisco,Bay Area,Agricultural Production,115112,"Soil Preparation, Planting, and Cultivating",60.94,1919883.4,1664605.12,6.0,0
San Francisco,Bay Area,Agricultural Production,115113,"Crop Harvesting, Primarily by Machine",10.0,131386.26,114008.13,0.0,1
San Francisco,Bay Area,Agricultural Production,115114,Postharvest Crop Activities (except Cotton Ginning),10.0,529216.65,460085.25,2.0,1
San Francisco,Bay Area,Agricultural Support,115115,Farm Labor Contractors and Crew Leaders,36.3,6390620.84,5102201.77,2.5,0
San Francisco,Bay Area,Agricultural Support,115116,Farm Management Services,10.0,668217.05,580915.92,2.0,1
San Francisco,Bay Area,Agricultural Support,115210,Support Activities for Animal Production,22.33,1484555.43,1285515.72,4.0,0
San Francisco,Bay Area,Forestry,115310,Support Activities for Forestry,10.0,326793.66,282793.44,1.0,1
San Francisco,Bay Area,Mining,211120,Crude Petroleum Extraction,10.0,22868567.59,2089588.11,1.0,1
San Francisco,Bay Area,Mining,211130,Natural Gas Extraction,12.53,29454457.34,2709727.26,1.5,0
San Francisco,Bay Area,Mining,212210,Iron Ore Mining,10.0,6351830.91,1153163.31,1.0,1
San Francisco,Bay Area,Mining,212311,Dimension Stone Mining and Quarrying,10.0,1043460.04,223379.17,0.75,1
San Francisco,Bay Area,Mining,212312,Crushed and Broken Limestone Mining and Quarrying,10.0,63205.72,13547.1,0.0,1
San Francisco,Bay Area,Mining,212313,Crushed and Broken Granite Mining and Quarrying,10.0,47943.57,10327.71,0.0,1
San Francisco,Bay Area,Mining,212319,Other Crushed and Broken Stone Mining and Quarrying,10.0,17033.6,3690.49,0.0,1
San Francisco,Bay Area,Mining,212321,Construction Sand and Gravel Mining,13.65,1126343.92,302606.34,1.0,0
San Francisco,Bay Area,Mining,212322,Industrial Sand Mining,10.0,25512.94,6676.06,0.0,1
San Francisco,Bay Area,Mining,212323,"Kaolin, Clay, and Ceramic and Refractory Minerals Mining",10.0,26238.56,7023.9,0.0,1
San Francisco,Bay Area,Mining,212390,Other Nonmetallic Mineral Mining and Quarrying,10.0,88729.62,23833.82,0.0,1
San Francisco,Bay Area,Mining,213111,Drilling Oil and Gas Wells,10.0,144374.79,40103.26,0.0,1
San Francisco,Bay Area,Mining,213112,Support Activities for Oil and Gas Operations,12.82,2333359.44,846141.11,1.0,0
San Francisco,Bay Area,Renewable Energy,221111,Hydroelectric Power Generation,10.0,775392.77,107681.92,0.0,1
San Francisco,Bay Area,Renewable Energy,221114,Solar Electric Power Generation,496.42,1130576897.89,156397586.16,15.75,0
San Francisco,Bay Area,Renewable Energy,221115,Wind Electric Power Generation,131.63,391396045.61,52581551.74,3.0,0
San Francisco,Bay Area,Renewable Energy,221116,Geothermal Electric Power Generation,43.71,91863617.3,13001868.12,1.0,0
San Francisco,Bay Area,Renewable Energy,221117,Biomass Electric Power Generation,10.0,6230981.08,859386.74,1.5,1
San Francisco,Bay Area,Renewable Energy,221118,Other Electric Power Generation,10.44,6977277.03,962036.6,2.25,0
San Francisco,Bay Area,Agricultural Support,221310,Water Supply and Irrigation Systems,24.92,8030196.37,2531125.98,0.0,0
San Francisco,Bay Area,Agricultural Processing,311111,Dog and Cat Food Manufacturing,15.05,9707439.31,1020033.19,1.5,0
San Francisco,Bay Area,Agricultural Processing,311119,Other Animal Food Manufacturing,17.59,14161989.93,1217985.78,1.5,0
San Francisco,Bay Area,Agricultural Processing,311230,Breakfast Cereal Manufacturing,11.8,8778069.67,1161804.19,2.0,0
San Francisco,Bay Area,Agricultural Processing,311314,Cane Sugar Manufacturing,17.77,9041280.54,1287707.19,1.0,0
San Francisco,Bay Area,Agricultural Processing,311340,Nonchocolate Confectionery Manufacturing,31.2,10642324.66,1506652.97,6.5,0
San Francisco,Bay Area,Agricultural Processing,311411,"Frozen Fruit, Juice, and Vegetable Manufacturing",18.13,9863999.27,1747942.28,1.0,0
San Francisco,Bay Area,Agricultural Processing,311412,Frozen Specialty Food Manufacturing,32.05,15633958.33,2770435.59,3.0,0
San Francisco,Bay Area,Agricultural Processing,311421,Fruit and Vegetable Canning,12.6,3367736.42,631450.38,3.5,0
San Francisco,Bay Area,Agricultural Processing,311422,Specialty Canning,10.0,572781.92,107092.72,0.0,1
San Francisco,Bay Area,Agricultural Processing,311423,Dried and Dehydrated Food Manufacturing,10.0,915028.89,171990.66,1.0,1
San Francisco,Bay Area,Agricultural Processing,311511,Fluid Milk Manufacturing,33.08,54628964.12,6184333.62,2.5,0
San Francisco,Bay Area,Agricultural Processing,311514,"Dry, Condensed, and Evaporated Dairy Product Manufacturing",10.0,16500212.36,1246019.45,2.0,1
San Francisco,Bay Area,Agricultural Processing,311520,Ice Cream and Frozen Dessert Manufacturing,10.72,6414496.38,1225327.9,0.5,0
San Francisco,Bay Area,Agricultural Processing,311611,Animal (except Poultry) Slaughtering,19.27,18530797.85,2205524.78,1.0,0
San Francisco,Bay Area,Agricultural Processing,311612,Meat Processed from Carcasses,215.61,192169008.24,22530928.98,2.0,0
San Francisco,Bay Area,Agricultural Processing,311613,Rendering and Meat Byproduct Processing,15.43,21540158.51,2526057.97,1.0,0
San Francisco,Bay Area,Agricultural Processing,311615,Poultry Processing,10.0,166490.21,27090.97,1.0,1
San Francisco,Bay Area,Fishing,311710,Seafood Product Preparation and Packaging,38.35,18280053.01,3548472.55,3.5,0
San Francisco,Bay Area,Agricultural Processing,311811,Retail Bakeries,731.67,122232420.99,36252382.89,63.25,0
San Francisco,Bay Area,Agricultural Processing,311812,Commercial Bakeries,192.96,31137556.76,9211183.86,16.0,0
San Francisco,Bay Area,Agricultural Processing,311813,"Frozen Cakes, Pies, and Other Pastries Manufacturing",31.56,4667359.85,1388005.38,1.5,0
San Francisco,Bay Area,Agricultural Processing,311821,Cookie and Cracker Manufacturing,11.29,3374885.63,640972.13,2.0,0
San Francisco,Bay Area,Agricultural Processing,311824,"Dry Pasta, Dough, and Flour Mixes Manufacturing from Purchased Flour",38.5,12974730.5,2442201.63,4.0,0
San Francisco,Bay Area,Agricultural Processing,311830,Tortilla Manufacturing,10.0,133340.74,25257.59,0.0,1
San Francisco,Bay Area,Agricultural Processing,311911,Roasted Nuts and Peanut Butter Manufacturing,10.0,565862.92,57871.39,0.0,1
San Francisco,Bay Area,Agricultural Processing,311919,Other Snack Food Manufacturing,28.27,13745386.37,1405736.68,2.0,0
San Francisco,Bay Area,Agricultural Processing,311920,Coffee and Tea Manufacturing,135.58,52457480.62,7434835.2,8.5,0
San Francisco,Bay Area,Agricultural Processing,311930,Flavoring Syrup and Concentrate Manufacturing,10.76,1121162.57,223316.19,0.0,0
San Francisco,Bay Area,Agricultural Processing,311941,"Mayonnaise, Dressing, and Other Prepared Sauce Manufacturing",10.0,1351991.75,234308.74,2.0,1
San Francisco,Bay Area,Agricultural Processing,311942,Spice and Extract Manufacturing,54.25,19619787.77,3352669.43,2.0,0
San Francisco,Bay Area,Agricultural Processing,311991,Perishable Prepared Food Manufacturing,169.08,67582860.54,12278142.87,14.25,0
San Francisco,Bay Area,Agricultural Processing,311999,All Other Miscellaneous Food Manufacturing,178.52,146210365.43,26538768.61,11.25,0
San Francisco,Bay Area,Agricultural Processing,312111,Soft Drink Manufacturing,10.0,626786.28,115537.0,3.0,1
San Francisco,Bay Area,Agricultural Processing,312112,Bottled Water Manufacturing,55.69,34361405.02,6311589.49,1.5,0
San Francisco,Bay Area,Agricultural Processing,312113,Ice Manufacturing,10.0,407110.69,74783.95,0.0,1
San Francisco,Bay Area,Agricultural Processing,312120,Breweries,272.33,144899805.11,22201873.89,16.5,0
San Francisco,Bay Area,Agricultural Processing,312130,Wineries,214.97,122373562.89,26781252.15,21.0,0
San Francisco,Bay Area,Agricultural Processing,312140,Distilleries,67.63,89166393.14,7037535.57,8.0,0
San Francisco,Bay Area,Agricultural Processing,316990,Other Leather and Allied Product Manufacturing,66.12,19502541.28,5238097.83,7.5,0
San Francisco,Bay Area,Forestry,321113,Sawmills,10.0,312912.04,46465.12,0.0,1
San Francisco,Bay Area,Forestry,321212,Softwood Veneer and Plywood Manufacturing,14.72,11730751.41,1994713.4,1.0,0
San Francisco,Bay Area,Forestry,321215,Engineered Wood Member Manufacturing,10.0,76355.52,13342.57,0.0,1
San Francisco,Bay Area,Forestry,321219,Reconstituted Wood Product Manufacturing,10.0,4570383.7,776097.34,1.0,1
San Francisco,Bay Area,Forestry,321911,Wood Window and Door Manufacturing,61.1,33544512.17,7162549.04,6.0,0
San Francisco,Bay Area,Forestry,321912,"Cut Stock, Resawing Lumber, and Planing",10.0,165521.74,34947.64,1.0,1
San Francisco,Bay Area,Forestry,321918,Other Millwork (including Flooring),22.54,8812783.08,1866634.62,1.0,0
San Francisco,Bay Area,Forestry,321920,Wood Container and Pallet Manufacturing,10.0,1472614.14,366371.64,1.0,1
San Francisco,Bay Area,Forestry,321999,All Other Miscellaneous Wood Product Manufacturing,46.41,8562883.15,2128266.19,4.5,0
San Francisco,Bay Area,Forestry,322211,Corrugated and Solid Fiber Box Manufacturing,10.0,1997661.28,373081.77,1.0,1
San Francisco,Bay Area,Forestry,322220,Paper Bag and Coated and Treated Paper Manufacturing,10.0,2591578.48,562564.08,2.0,1
San Francisco,Bay Area,Forestry,322291,Sanitary Paper Product Manufacturing,10.0,6774101.64,1709574.29,0.5,1
San Francisco,Bay Area,Agricultural Support,325320,Pesticide and Other Agricultural Chemical Manufacturing,10.0,6246804.93,629789.55,2.75,1
San Francisco,Bay Area,Mining,327120,Clay Building Material and Refractories Manufacturing,10.11,2139765.41,738491.87,1.0,0
San Francisco,Bay Area,Mining,327320,Ready-Mix Concrete Manufacturing,87.99,60126567.82,13559021.67,4.0,0
San Francisco,Bay Area,Mining,327991,Cut Stone and Stone Product Manufacturing,14.19,4564208.17,1750427.97,1.5,0
San Francisco,Bay Area,Agricultural Support,333111,Farm Machinery and Equipment Manufacturing,10.0,790491.3,161017.89,1.5,1
San Francisco,Bay Area,Mining,333132,Oil and Gas Field Machinery and Equipment Manufacturing,10.0,180322.05,68853.46,1.0,1
San Francisco,Bay Area,Forestry,333243,"Sawmill, Woodworking, and Paper Machinery Manufacturing",10.0,1794904.93,483132.27,1.0,1
San Francisco,Bay Area,Forestry,337110,Wood Kitchen Cabinet and Countertop Manufacturing,57.4,9651219.5,4356054.25,10.25,0
San Francisco,Bay Area,Forestry,337211,Wood Office Furniture Manufacturing,10.0,3759675.92,942965.5,3.0,1
San Francisco,Bay Area,Forestry,423310,"Lumber, Plywood, Millwork, and Wood Panel Merchant Wholesalers",125.8,52901117.97,16127591.46,10.5,0
San Francisco,Bay Area,Mining,423320,"Brick, Stone, and Related Construction Material Merchant Wholesalers",107.54,35852733.2,10948705.95,16.0,0
San Francisco,Bay Area,Agricultural Support,423820,Farm and Garden Machinery and Equipment Merchant Wholesalers,40.7,6862086.18,2353571.56,4.0,0
San Francisco,Bay Area,Agricultural Distribution,424410,General Line Grocery Merchant Wholesalers,250.75,55377117.32,18436262.47,30.75,0
San Francisco,Bay Area,Agricultural Distribution,424420,Packaged Frozen Food Merchant Wholesalers,54.2,16920264.63,5625500.89,6.5,0
San Francisco,Bay Area,Agricultural Distribution,424430,Dairy Product (except Dried or Canned) Merchant Wholesalers,59.41,14115652.95,4678398.23,4.0,0
San Francisco,Bay Area,Agricultural Distribution,424440,Poultry and Poultry Product Merchant Wholesalers,10.0,394389.85,131407.44,0.0,1
San Francisco,Bay Area,Agricultural Distribution,424450,Confectionery Merchant Wholesalers,37.4,6794586.83,2253504.11,6.0,0
San Francisco,Bay Area,Fishing,424460,Fish and Seafood Merchant Wholesalers,278.26,60762628.66,20264151.96,26.5,0
San Francisco,Bay Area,Agricultural Distribution,424470,Meat and Meat Product Merchant Wholesalers,39.28,13127537.05,4373425.32,7.0,0
San Francisco,Bay Area,Agricultural Distribution,424480,Fresh Fruit and Vegetable Merchant Wholesalers,549.75,163670231.45,54586086.13,24.75,0
San Francisco,Bay Area,Agricultural Distribution,424490,Other Grocery and Related Products Merchant Wholesalers,407.87,129215079.47,42999658.45,59.75,0
San Francisco,Bay Area,Agricultural Distribution,424510,Grain and Field Bean Merchant Wholesalers,10.0,1575011.7,377710.92,2.75,1
San Francisco,Bay Area,Agricultural Distribution,424520,Livestock Merchant Wholesalers,10.0,355396.01,84432.28,0.0,1
San Francisco,Bay Area,Agricultural Distribution,424590,Other Farm Product Raw Material Merchant Wholesalers,40.2,12847411.32,3096538.94,4.75,0
San Francisco,Bay Area,Agricultural Distribution,424810,Beer and Ale Merchant Wholesalers,45.93,10521334.7,2528695.95,4.0,0
San Francisco,Bay Area,Agricultural Distribution,424820,Wine and Distilled Alcoholic Beverage Merchant Wholesalers,594.67,528558350.22,128959328.94,42.0,0
San Francisco,Bay Area,Agricultural Distribution,424910,Farm Supplies Merchant Wholesalers,128.96,151149229.43,36379466.27,8.25,0
San Francisco,Bay Area,Agricultural Distribution,424930,"Flower, Nursery Stock, and Florists' Supplies Merchant Wholesalers",119.51,40022640.74,9665020.96,13.75,0
San Francisco,Bay Area,Agricultural Distribution,424990,Other Miscellaneous Nondurable Goods Merchant Wholesalers,559.81,212710450.95,51542751.07,58.0,0
San Francisco,Bay Area,Outdoor Recreation,441222,Boat Dealers,12.2,3233147.81,985909.34,2.0,0
San Francisco,Bay Area,Agricultural Support,444240,"Nursery, Garden Center, and Farm Supply Retailers",196.85,35156807.46,10069501.32,23.25,0
San Francisco,Bay Area,Agricultural Distribution,445230,Fruit and Vegetable Markets,352.73,62938086.76,23958350.64,33.25,0
San Francisco,Bay Area,Agricultural Distribution,445240,Meat Retailers,190.14,28462168.58,10753689.17,22.25,0
San Francisco,Bay Area,Agricultural Distribution,445291,Baked Goods Stores,208.96,25854210.5,9758841.02,10.0,0
San Francisco,Bay Area,Agricultural Distribution,445292,Confectionery and Nut Stores,369.79,47581848.63,18009533.08,27.25,0
San Francisco,Bay Area,Agricultural Distribution,445298,All Other Specialty Food Retailers,570.72,92098284.31,34931297.07,45.25,0
San Francisco,Bay Area,Agricultural Distribution,445320,"Beer, Wine, and Liquor Retailers",858.42,120218359.61,45362197.49,121.5,0
San Francisco,Bay Area,Agricultural Distribution,456191,Food (Health) Supplement Retailers,551.83,475734758.48,150508625.9,42.5,0
San Francisco,Bay Area,Agricultural Distribution,459310,Florists,605.22,78406858.22,26257301.49,74.25,0
San Francisco,Bay Area,Agricultural Distribution,484230,"Specialized Freight (except Used Goods) Trucking, Long-Distance",40.68,14637576.56,5289787.23,3.5,0
San Francisco,Bay Area,Outdoor Recreation,487110,"Scenic and Sightseeing Transportation, Land",327.18,103908763.03,44914801.4,9.0,0
San Francisco,Bay Area,Outdoor Recreation,487210,"Scenic and Sightseeing Transportation, Water",403.37,56883536.94,24558480.23,11.0,0
San Francisco,Bay Area,Outdoor Recreation,487990,"Scenic and Sightseeing Transportation, Other",10.0,892138.49,384293.24,0.5,1
San Francisco,Bay Area,Agricultural Distribution,493120,Refrigerated Warehousing and Storage,59.62,9902352.87,6230760.71,5.0,0
San Francisco,Bay Area,Agricultural Distribution,493130,Farm Product Warehousing and Storage,10.0,82623.99,51949.29,0.0,1
San Francisco,Bay Area,Outdoor Recreation,532284,Recreational Goods Rental,372.24,146339806.79,38387090.71,21.75,0
San Francisco,Bay Area,Mining,532412,"Construction, Mining, and Forestry Machinery and Equipment Rental and Leasing",105.0,86716061.56,10917661.39,9.0,0
San Francisco,Bay Area,Mining,541360,Geophysical Surveying and Mapping Services,12.48,3257363.18,1636835.29,3.0,0
San Francisco,Bay Area,Agricultural Support,541620,Environmental Consulting Services,1189.99,257405435.5,157129433.16,53.25,0
San Francisco,Bay Area,Agricultural Support,541690,Other Scientific and Technical Consulting Services,4651.19,1428300147.4,871981168.4,373.25,0
San Francisco,Bay Area,Agricultural Distribution,624210,Community Food Services,771.24,91179852.63,66698613.1,16.0,0
San Francisco,Bay Area,Outdoor Recreation,712130,Zoos and Botanical Gardens,325.95,73174626.48,23725559.24,4.0,0
San Francisco,Bay Area,Outdoor Recreation,712190,Nature Parks and Other Similar Institutions,188.55,53044528.04,17156298.05,7.0,0
San Francisco,Bay Area,Outdoor Recreation,713930,Marinas,66.58,11029966.33,4296910.64,2.0,0
San Francisco,Bay Area,Outdoor Recreation,713990,All Other Amusement and Recreation Industries,834.11,107548386.64,41626772.4,60.5,0
San Francisco,Bay Area,Outdoor Recreation,721211,RV (Recreational Vehicle) Parks and Campgrounds,10.0,1204860.75,317674.91,2.0,1
San Francisco,Bay Area,Outdoor Recreation,721214,Recreational and Vacation Camps (except Campgrounds),65.33,10264422.06,2699689.99,6.5,0
San Joaquin,Northern San Joaquin,Agricultural Production,111000,Crop Production,7410.46,2047670192.74,469510994.89,573.75,0
San Joaquin,Northern San Joaquin,Agricultural Production,112000,Animal Production,1728.64,692827431.12,121420075.42,113.5,0
San Joaquin,Northern San Joaquin,Forestry,113110,Timber Tract Operations,10.0,192395.19,78737.57,0.0,1
San Joaquin,Northern San Joaquin,Forestry,113210,Forest Nurseries and Gathering of Forest Products,10.0,138561.15,57070.55,0.0,1
San Joaquin,Northern San Joaquin,Forestry,113310,Logging,18.58,2970041.73,1174261.86,1.0,0
San Joaquin,Northern San Joaquin,Fishing,114111,Finfish Fishing,36.06,2488061.92,956123.05,0.0,0
San Joaquin,Northern San Joaquin,Fishing,114112,Shellfish Fishing,19.31,792430.23,301343.54,0.0,0
San Joaquin,Northern San Joaquin,Fishing,114119,Other Marine Fishing,10.0,1519.78,580.22,0.0,1
San Joaquin,Northern San Joaquin,Outdoor Recreation,114210,Hunting and Trapping,10.58,603545.5,228350.77,0.0,0
San Joaquin,Northern San Joaquin,Agricultural Processing,115111,Cotton Ginning,10.0,339081.15,292658.58,0.0,1
San Joaquin,Northern San Joaquin,Agricultural Production,115112,"Soil Preparation, Planting, and Cultivating",395.38,31576105.18,27377572.24,30.0,0
San Joaquin,Northern San Joaquin,Agricultural Production,115113,"Crop Harvesting, Primarily by Machine",351.13,24163983.65,20967875.0,29.0,0
San Joaquin,Northern San Joaquin,Agricultural Production,115114,Postharvest Crop Activities (except Cotton Ginning),2772.51,202742830.22,176258598.87,45.5,0
San Joaquin,Northern San Joaquin,Agricultural Support,115115,Farm Labor Contractors and Crew Leaders,4084.08,230629678.33,184132212.14,113.5,0
San Joaquin,Northern San Joaquin,Agricultural Support,115116,Farm Management Services,529.13,37386586.07,32502108.37,30.5,0
San Joaquin,Northern San Joaquin,Agricultural Support,115210,Support Activities for Animal Production,218.56,13157768.11,11393658.59,15.0,0
San Joaquin,Northern San Joaquin,Forestry,115310,Support Activities for Forestry,14.54,1520678.8,1315931.22,1.0,0
San Joaquin,Northern San Joaquin,Mining,211120,Crude Petroleum Extraction,98.04,23473390.34,2144853.07,0.0,0
San Joaquin,Northern San Joaquin,Mining,211130,Natural Gas Extraction,52.21,36986634.56,3402666.39,2.0,0
San Joaquin,Northern San Joaquin,Mining,212114,Surface Coal Mining,10.0,60228.54,8209.88,0.0,1
San Joaquin,Northern San Joaquin,Mining,212115,Underground Coal Mining,10.0,317395.48,42836.59,0.0,1
San Joaquin,Northern San Joaquin,Mining,212220,Gold Ore and Silver Ore Mining,10.0,49404.56,9360.61,0.0,1
San Joaquin,Northern San Joaquin,Mining,212313,Crushed and Broken Granite Mining and Quarrying,10.0,132616.95,28567.54,0.0,1
San Joaquin,Northern San Joaquin,Mining,212321,Construction Sand and Gravel Mining,10.0,931379.76,250226.79,2.0,1
San Joaquin,Northern San Joaquin,Mining,212390,Other Nonmetallic Mineral Mining and Quarrying,10.0,3484974.53,936105.21,1.0,1
San Joaquin,Northern San Joaquin,Mining,213111,Drilling Oil and Gas Wells,18.26,5323413.39,1478694.45,1.0,0
San Joaquin,Northern San Joaquin,Mining,213112,Support Activities for Oil and Gas Operations,26.47,1339486.59,485735.14,1.0,0
San Joaquin,Northern San Joaquin,Mining,213114,Support Activities for Metal Mining,10.0,345747.08,121264.49,0.0,1
San Joaquin,Northern San Joaquin,Mining,213115,Support Activities for Nonmetallic Minerals (except Fuels) Mining,10.0,37403.57,12841.95,0.0,1
San Joaquin,Northern San Joaquin,Renewable Energy,221111,Hydroelectric Power Generation,10.0,4237574.84,588489.1,0.0,1
San Joaquin,Northern San Joaquin,Renewable Energy,221114,Solar Electric Power Generation,11.69,11418517.83,1579572.9,2.0,0
San Joaquin,Northern San Joaquin,Renewable Energy,221115,Wind Electric Power Generation,10.0,7555207.03,1014993.67,1.0,1
San Joaquin,Northern San Joaquin,Renewable Energy,221118,Other Electric Power Generation,12.59,7691335.59,1060491.98,1.0,0
San Joaquin,Northern San Joaquin,Agricultural Support,221310,Water Supply and Irrigation Systems,403.51,151520143.29,47759301.69,19.25,0
San Joaquin,Northern San Joaquin,Agricultural Processing,311111,Dog and Cat Food Manufacturing,412.4,398283807.61,41850656.01,2.5,0
San Joaquin,Northern San Joaquin,Agricultural Processing,311119,Other Animal Food Manufacturing,97.27,112141026.29,9644561.01,10.0,0
San Joaquin,Northern San Joaquin,Agricultural Processing,311211,Flour Milling,39.84,39488691.82,4247179.46,1.0,0
San Joaquin,Northern San Joaquin,Agricultural Processing,311221,Wet Corn Milling,10.0,6525426.19,1139349.12,1.0,1
San Joaquin,Northern San Joaquin,Agricultural Processing,311224,Soybean and Other Oilseed Processing,10.0,25810801.7,561084.17,1.0,1
San Joaquin,Northern San Joaquin,Agricultural Processing,311225,Fats and Oils Refining and Blending,10.0,14188396.1,842396.19,1.0,1
San Joaquin,Northern San Joaquin,Agricultural Processing,311340,Nonchocolate Confectionery Manufacturing,10.0,439162.23,62172.98,0.0,1
San Joaquin,Northern San Joaquin,Agricultural Processing,311411,"Frozen Fruit, Juice, and Vegetable Manufacturing",175.39,68230296.85,12090696.39,2.0,0
San Joaquin,Northern San Joaquin,Agricultural Processing,311412,Frozen Specialty Food Manufacturing,10.0,180530.37,31991.12,0.0,1
San Joaquin,Northern San Joaquin,Agricultural Processing,311421,Fruit and Vegetable Canning,955.13,509838653.94,95594717.65,12.0,0
San Joaquin,Northern San Joaquin,Agricultural Processing,311422,Specialty Canning,10.0,307881.29,57564.39,0.0,1
San Joaquin,Northern San Joaquin,Agricultural Processing,311423,Dried and Dehydrated Food Manufacturing,123.86,37929339.47,7129274.67,2.0,0
San Joaquin,Northern San Joaquin,Agricultural Processing,311511,Fluid Milk Manufacturing,14.9,16099913.83,1822608.94,1.25,0
San Joaquin,Northern San Joaquin,Agricultural Processing,311513,Cheese Manufacturing,688.95,937498338.1,71345279.4,1.0,0
San Joaquin,Northern San Joaquin,Agricultural Processing,311514,"Dry, Condensed, and Evaporated Dairy Product Manufacturing",10.0,423492.99,31980.23,0.0,1
San Joaquin,Northern San Joaquin,Agricultural Processing,311520,Ice Cream and Frozen Dessert Manufacturing,32.63,10235982.22,1955326.47,4.5,0
San Joaquin,Northern San Joaquin,Agricultural Processing,311611,Animal (except Poultry) Slaughtering,10.0,4142446.05,493031.52,1.25,1
San Joaquin,Northern San Joaquin,Agricultural Processing,311612,Meat Processed from Carcasses,1103.22,749917235.04,87924333.46,8.5,0
San Joaquin,Northern San Joaquin,Agricultural Processing,311613,Rendering and Meat Byproduct Processing,10.0,8898174.23,1043506.89,2.0,1
San Joaquin,Northern San Joaquin,Agricultural Processing,311615,Poultry Processing,92.47,40792888.39,6637742.04,5.0,0
San Joaquin,Northern San Joaquin,Fishing,311710,Seafood Product Preparation and Packaging,10.08,1224624.44,237720.66,0.0,0
San Joaquin,Northern San Joaquin,Agricultural Processing,311811,Retail Bakeries,112.01,10896760.95,3231823.01,11.75,0
San Joaquin,Northern San Joaquin,Agricultural Processing,311812,Commercial Bakeries,767.4,249401021.74,73778385.49,7.25,0
San Joaquin,Northern San Joaquin,Agricultural Processing,311813,"Frozen Cakes, Pies, and Other Pastries Manufacturing",23.12,4092373.21,1217012.66,1.0,0
San Joaquin,Northern San Joaquin,Agricultural Processing,311821,Cookie and Cracker Manufacturing,10.0,464011.71,88127.01,1.0,1
San Joaquin,Northern San Joaquin,Agricultural Processing,311824,"Dry Pasta, Dough, and Flour Mixes Manufacturing from Purchased Flour",39.52,10309483.32,1940528.71,1.0,0
San Joaquin,Northern San Joaquin,Agricultural Processing,311830,Tortilla Manufacturing,82.56,21806055.03,4130533.27,3.0,0
San Joaquin,Northern San Joaquin,Agricultural Processing,311911,Roasted Nuts and Peanut Butter Manufacturing,326.0,242378814.93,24788333.1,2.0,0
San Joaquin,Northern San Joaquin,Agricultural Processing,311919,Other Snack Food Manufacturing,41.73,25352906.88,2592834.43,1.0,0
San Joaquin,Northern San Joaquin,Agricultural Processing,311920,Coffee and Tea Manufacturing,10.0,1340080.3,189930.51,0.0,1
San Joaquin,Northern San Joaquin,Agricultural Processing,311930,Flavoring Syrup and Concentrate Manufacturing,10.0,412705.09,82203.71,0.0,1
San Joaquin,Northern San Joaquin,Agricultural Processing,311941,"Mayonnaise, Dressing, and Other Prepared Sauce Manufacturing",271.7,116722046.14,20228670.26,2.0,0
San Joaquin,Northern San Joaquin,Agricultural Processing,311942,Spice and Extract Manufacturing,10.0,649296.59,110953.13,0.0,1
San Joaquin,Northern San Joaquin,Agricultural Processing,311991,Perishable Prepared Food Manufacturing,624.54,215828515.18,39210730.69,3.0,0
San Joaquin,Northern San Joaquin,Agricultural Processing,311999,All Other Miscellaneous Food Manufacturing,201.81,92010791.61,16700957.56,2.5,0
San Joaquin,Northern San Joaquin,Agricultural Processing,312111,Soft Drink Manufacturing,211.13,119524830.91,22032295.06,2.0,0
San Joaquin,Northern San Joaquin,Agricultural Processing,312112,Bottled Water Manufacturing,29.42,14780734.73,2714962.61,3.0,0
San Joaquin,Northern San Joaquin,Agricultural Processing,312120,Breweries,41.46,13814773.87,2116730.71,5.0,0
San Joaquin,Northern San Joaquin,Agricultural Processing,312130,Wineries,2654.41,1100909622.63,240932252.87,90.25,0
San Joaquin,Northern San Joaquin,Agricultural Processing,312140,Distilleries,13.52,15370527.53,1213132.33,1.0,0
San Joaquin,Northern San Joaquin,Agricultural Processing,316990,Other Leather and Allied Product Manufacturing,10.0,1158802.86,311237.53,1.0,1
San Joaquin,Northern San Joaquin,Forestry,321113,Sawmills,10.0,3459878.52,513766.3,1.0,1
San Joaquin,Northern San Joaquin,Forestry,321114,Wood Preservation,49.1,30665433.95,4536795.9,1.0,0
San Joaquin,Northern San Joaquin,Forestry,321215,Engineered Wood Member Manufacturing,197.41,81715913.16,14279259.2,4.0,0
San Joaquin,Northern San Joaquin,Forestry,321219,Reconstituted Wood Product Manufacturing,10.0,1680521.56,285369.55,0.5,1
San Joaquin,Northern San Joaquin,Forestry,321911,Wood Window and Door Manufacturing,127.21,95787647.23,20452934.82,4.5,0
San Joaquin,Northern San Joaquin,Forestry,321912,"Cut Stock, Resawing Lumber, and Planing",112.36,42825248.72,9041961.43,3.0,0
San Joaquin,Northern San Joaquin,Forestry,321918,Other Millwork (including Flooring),172.41,64588090.72,13680396.41,2.25,0
San Joaquin,Northern San Joaquin,Forestry,321920,Wood Container and Pallet Manufacturing,427.43,116065029.35,28875816.43,11.75,0
San Joaquin,Northern San Joaquin,Forestry,321992,Prefabricated Wood Building Manufacturing,14.07,6198142.37,1543593.26,1.0,0
San Joaquin,Northern San Joaquin,Forestry,321999,All Other Miscellaneous Wood Product Manufacturing,23.8,7751265.85,1926542.35,2.5,0
San Joaquin,Northern San Joaquin,Forestry,322211,Corrugated and Solid Fiber Box Manufacturing,539.0,266567439.25,49783941.26,7.0,0
San Joaquin,Northern San Joaquin,Forestry,322219,Other Paperboard Container Manufacturing,101.8,39946196.1,7390509.84,3.0,0
San Joaquin,Northern San Joaquin,Forestry,322220,Paper Bag and Coated and Treated Paper Manufacturing,41.05,11165461.3,2423730.37,1.0,0
San Joaquin,Northern San Joaquin,Forestry,322299,All Other Converted Paper Product Manufacturing,67.89,13982321.89,3668052.64,2.0,0
San Joaquin,Northern San Joaquin,Agricultural Support,325311,Nitrogenous Fertilizer Manufacturing,22.54,19678793.76,2733702.29,1.5,0
San Joaquin,Northern San Joaquin,Agricultural Support,325312,Phosphatic Fertilizer Manufacturing,140.39,116677752.66,15890050.87,1.0,0
San Joaquin,Northern San Joaquin,Agricultural Support,325314,Fertilizer (Mixing Only) Manufacturing,118.38,63902679.03,8871023.6,3.0,0
San Joaquin,Northern San Joaquin,Agricultural Support,325320,Pesticide and Other Agricultural Chemical Manufacturing,10.0,1828883.86,184384.17,0.0,1
San Joaquin,Northern San Joaquin,Mining,327120,Clay Building Material and Refractories Manufacturing,16.65,2766610.15,954833.22,1.0,0
San Joaquin,Northern San Joaquin,Mining,327310,Cement Manufacturing,10.0,277654.32,44947.06,0.0,1
San Joaquin,Northern San Joaquin,Mining,327320,Ready-Mix Concrete Manufacturing,289.24,128858654.0,29058656.51,8.5,0
San Joaquin,Northern San Joaquin,Mining,327331,Concrete Block and Brick Manufacturing,24.7,6404367.92,1914726.38,1.0,0
San Joaquin,Northern San Joaquin,Mining,327390,Other Concrete Product Manufacturing,452.41,131457475.56,37877603.96,9.0,0
San Joaquin,Northern San Joaquin,Agricultural Support,333111,Farm Machinery and Equipment Manufacturing,107.93,38111947.64,7763153.45,4.0,0
San Joaquin,Northern San Joaquin,Agricultural Processing,333241,Food Product Machinery Manufacturing,23.83,3413386.0,925162.97,1.0,0
San Joaquin,Northern San Joaquin,Agricultural Processing,333993,Packaging Machinery Manufacturing,36.0,12616427.49,3436429.02,1.75,0
San Joaquin,Northern San Joaquin,Forestry,337110,Wood Kitchen Cabinet and Countertop Manufacturing,454.53,70055060.02,31619179.55,21.25,0
San Joaquin,Northern San Joaquin,Forestry,337211,Wood Office Furniture Manufacturing,10.0,641928.92,161002.39,1.0,1
San Joaquin,Northern San Joaquin,Forestry,423310,"Lumber, Plywood, Millwork, and Wood Panel Merchant Wholesalers",167.39,53839377.83,16413632.14,6.0,0
San Joaquin,Northern San Joaquin,Mining,423320,"Brick, Stone, and Related Construction Material Merchant Wholesalers",203.39,63871837.36,19505178.65,11.0,0
San Joaquin,Northern San Joaquin,Mining,423520,Coal and Other Mineral and Ore Merchant Wholesalers,10.0,511347.55,160266.39,1.0,1
San Joaquin,Northern San Joaquin,Agricultural Support,423820,Farm and Garden Machinery and Equipment Merchant Wholesalers,356.94,111663323.53,38298502.22,16.75,0
San Joaquin,Northern San Joaquin,Agricultural Distribution,424410,General Line Grocery Merchant Wholesalers,1744.87,457618355.62,152351233.23,23.5,0
San Joaquin,Northern San Joaquin,Agricultural Distribution,424420,Packaged Frozen Food Merchant Wholesalers,28.69,7099135.48,2360258.18,3.0,0
San Joaquin,Northern San Joaquin,Agricultural Distribution,424430,Dairy Product (except Dried or Canned) Merchant Wholesalers,416.43,122887579.1,40729042.72,9.0,0
San Joaquin,Northern San Joaquin,Agricultural Distribution,424440,Poultry and Poultry Product Merchant Wholesalers,118.49,34895808.02,11626995.34,5.0,0
San Joaquin,Northern San Joaquin,Agricultural Distribution,424450,Confectionery Merchant Wholesalers,161.83,41082417.41,13625463.71,7.0,0
San Joaquin,Northern San Joaquin,Fishing,424460,Fish and Seafood Merchant Wholesalers,10.0,735992.77,245451.35,1.0,1
San Joaquin,Northern San Joaquin,Agricultural Distribution,424470,Meat and Meat Product Merchant Wholesalers,147.88,42045552.94,14007432.25,5.0,0
San Joaquin,Northern San Joaquin,Agricultural Distribution,424480,Fresh Fruit and Vegetable Merchant Wholesalers,85.11,23046846.63,7686413.98,15.25,0
San Joaquin,Northern San Joaquin,Agricultural Distribution,424490,Other Grocery and Related Products Merchant Wholesalers,485.31,124632226.09,41474595.5,29.25,0
San Joaquin,Northern San Joaquin,Agricultural Distribution,424510,Grain and Field Bean Merchant Wholesalers,54.27,16071365.97,3854149.38,4.0,0
San Joaquin,Northern San Joaquin,Agricultural Distribution,424520,Livestock Merchant Wholesalers,10.0,817564.69,194230.8,1.5,1
San Joaquin,Northern San Joaquin,Agricultural Distribution,424590,Other Farm Product Raw Material Merchant Wholesalers,63.28,14155570.91,3411837.26,3.0,0
San Joaquin,Northern San Joaquin,Agricultural Distribution,424810,Beer and Ale Merchant Wholesalers,455.18,148736504.76,35747308.42,5.0,0
San Joaquin,Northern San Joaquin,Agricultural Distribution,424820,Wine and Distilled Alcoholic Beverage Merchant Wholesalers,260.74,145036041.58,35386349.66,13.25,0
San Joaquin,Northern San Joaquin,Agricultural Distribution,424910,Farm Supplies Merchant Wholesalers,593.65,286107101.66,68861903.52,30.5,0
San Joaquin,Northern San Joaquin,Agricultural Distribution,424930,"Flower, Nursery Stock, and Florists' Supplies Merchant Wholesalers",119.45,24479590.45,5911547.82,5.5,0
San Joaquin,Northern San Joaquin,Agricultural Distribution,424990,Other Miscellaneous Nondurable Goods Merchant Wholesalers,331.32,96963709.0,23495678.25,14.25,0
San Joaquin,Northern San Joaquin,Outdoor Recreation,441222,Boat Dealers,72.25,16285797.0,4966156.9,8.25,0
San Joaquin,Northern San Joaquin,Agricultural Support,444240,"Nursery, Garden Center, and Farm Supply Retailers",230.85,40308322.29,11544981.87,26.0,0
San Joaquin,Northern San Joaquin,Agricultural Distribution,445230,Fruit and Vegetable Markets,99.31,10799403.16,4110958.89,10.0,0
San Joaquin,Northern San Joaquin,Agricultural Distribution,445240,Meat Retailers,320.58,38220580.36,14440650.92,30.5,0
San Joaquin,Northern San Joaquin,Agricultural Distribution,445291,Baked Goods Stores,67.87,6799297.06,2566439.19,3.0,0
San Joaquin,Northern San Joaquin,Agricultural Distribution,445292,Confectionery and Nut Stores,76.89,8209107.02,3107113.08,7.75,0
San Joaquin,Northern San Joaquin,Agricultural Distribution,445298,All Other Specialty Food Retailers,268.62,21583601.83,8186289.39,14.0,0
San Joaquin,Northern San Joaquin,Agricultural Distribution,445320,"Beer, Wine, and Liquor Retailers",352.03,39237917.27,14805709.86,69.25,0
San Joaquin,Northern San Joaquin,Agricultural Distribution,456191,Food (Health) Supplement Retailers,213.94,9848892.8,3115902.92,7.0,0
San Joaquin,Northern San Joaquin,Agricultural Distribution,459310,Florists,250.97,19387810.69,6492692.12,12.0,0
San Joaquin,Northern San Joaquin,Agricultural Distribution,484230,"Specialized Freight (except Used Goods) Trucking, Long-Distance",384.76,98820786.35,35712259.58,47.25,0
San Joaquin,Northern San Joaquin,Outdoor Recreation,487110,"Scenic and Sightseeing Transportation, Land",10.0,202549.37,87552.43,0.0,1
San Joaquin,Northern San Joaquin,Outdoor Recreation,487210,"Scenic and Sightseeing Transportation, Water",10.0,583420.87,251881.84,0.0,1
San Joaquin,Northern San Joaquin,Outdoor Recreation,487990,"Scenic and Sightseeing Transportation, Other",10.0,53105.58,22875.5,0.0,1
San Joaquin,Northern San Joaquin,Agricultural Distribution,493120,Refrigerated Warehousing and Storage,685.8,98855809.51,62202074.75,15.5,0
San Joaquin,Northern San Joaquin,Agricultural Distribution,493130,Farm Product Warehousing and Storage,10.83,306138.02,192482.25,0.0,0
San Joaquin,Northern San Joaquin,Outdoor Recreation,532284,Recreational Goods Rental,15.36,1586786.07,416237.4,5.5,0
San Joaquin,Northern San Joaquin,Mining,532412,"Construction, Mining, and Forestry Machinery and Equipment Rental and Leasing",293.97,245440065.46,30901213.43,12.0,0
San Joaquin,Northern San Joaquin,Mining,541360,Geophysical Surveying and Mapping Services,10.0,1211814.3,608940.52,1.0,1
San Joaquin,Northern San Joaquin,Agricultural Support,541620,Environmental Consulting Services,452.26,79115476.78,48294900.99,20.0,0
San Joaquin,Northern San Joaquin,Agricultural Support,541690,Other Scientific and Technical Consulting Services,534.01,39393589.54,24049894.77,45.25,0
San Joaquin,Northern San Joaquin,Agricultural Distribution,624210,Community Food Services,205.92,18456901.81,13501335.19,7.5,0
San Joaquin,Northern San Joaquin,Outdoor Recreation,712130,Zoos and Botanical Gardens,10.0,265405.38,86052.93,1.5,1
San Joaquin,Northern San Joaquin,Outdoor Recreation,712190,Nature Parks and Other Similar Institutions,14.18,1690002.62,546600.94,1.0,0
San Joaquin,Northern San Joaquin,Outdoor Recreation,713920,Skiing Facilities,10.0,477166.46,181668.31,0.0,1
San Joaquin,Northern San Joaquin,Outdoor Recreation,713930,Marinas,90.6,9804160.67,3819377.23,6.0,0
San Joaquin,Northern San Joaquin,Outdoor Recreation,713990,All Other Amusement and Recreation Industries,229.77,25238504.55,9768602.93,23.0,0
San Joaquin,Northern San Joaquin,Outdoor Recreation,721211,RV (Recreational Vehicle) Parks and Campgrounds,122.1,16319239.34,4302748.53,5.0,0
San Joaquin,Northern San Joaquin,Outdoor Recreation,721214,Recreational and Vacation Camps (except Campgrounds),14.71,2642899.67,695120.46,1.0,0
San Luis Obispo,Central Coast,Agricultural Production,111000,Crop Production,3185.96,780332647.48,178922738.13,166.5,0
San Luis Obispo,Central Coast,Agricultural Production,112000,Animal Production,362.98,100324078.38,17582094.21,47.5,0
San Luis Obispo,Central Coast,Forestry,113310,Logging,15.33,1450803.41,573602.42,0.0,0
San Luis Obispo,Central Coast,Fishing,114111,Finfish Fishing,68.01,4417005.15,1697385.58,0.0,0
San Luis Obispo,Central Coast,Fishing,114112,Shellfish Fishing,61.72,2142558.11,814767.06,2.0,0
San Luis Obispo,Central Coast,Fishing,114119,Other Marine Fishing,10.0,3136.1,1197.3,0.0,1
San Luis Obispo,Central Coast,Outdoor Recreation,114210,Hunting and Trapping,21.72,2348017.07,888369.65,0.0,0
San Luis Obispo,Central Coast,Agricultural Processing,115111,Cotton Ginning,10.0,229460.34,198045.62,0.0,1
San Luis Obispo,Central Coast,Agricultural Production,115112,"Soil Preparation, Planting, and Cultivating",195.58,12383150.68,10736618.73,21.5,0
San Luis Obispo,Central Coast,Agricultural Production,115113,"Crop Harvesting, Primarily by Machine",29.97,2427141.43,2106109.6,1.0,0
San Luis Obispo,Central Coast,Agricultural Production,115114,Postharvest Crop Activities (except Cotton Ginning),124.33,9601969.94,8347667.66,2.5,0
San Luis Obispo,Central Coast,Agricultural Support,115115,Farm Labor Contractors and Crew Leaders,2858.49,157002603.48,125349161.05,28.25,0
San Luis Obispo,Central Coast,Agricultural Support,115116,Farm Management Services,851.03,55598197.44,48334411.56,23.0,0
San Luis Obispo,Central Coast,Agricultural Support,115210,Support Activities for Animal Production,417.05,21824469.66,18898384.15,18.0,0
San Luis Obispo,Central Coast,Forestry,115310,Support Activities for Forestry,14.59,1268600.71,1097793.49,2.0,0
San Luis Obispo,Central Coast,Mining,211120,Crude Petroleum Extraction,122.08,24881513.09,2273518.61,0.0,0
San Luis Obispo,Central Coast,Mining,211130,Natural Gas Extraction,66.34,20558691.85,1891341.85,1.0,0
San Luis Obispo,Central Coast,Mining,212210,Iron Ore Mining,10.0,693571.93,125916.72,0.0,1
San Luis Obispo,Central Coast,Mining,212220,Gold Ore and Silver Ore Mining,22.66,6612539.03,1252867.95,0.0,0
San Luis Obispo,Central Coast,Mining,212311,Dimension Stone Mining and Quarrying,10.0,363244.37,77761.7,0.0,1
San Luis Obispo,Central Coast,Mining,212312,Crushed and Broken Limestone Mining and Quarrying,18.84,8953351.56,1919002.4,1.0,0
San Luis Obispo,Central Coast,Mining,212313,Crushed and Broken Granite Mining and Quarrying,10.0,289944.6,62458.11,0.0,1
San Luis Obispo,Central Coast,Mining,212319,Other Crushed and Broken Stone Mining and Quarrying,39.81,19957786.14,4324039.11,2.0,0
San Luis Obispo,Central Coast,Mining,212321,Construction Sand and Gravel Mining,16.9,3491167.32,937945.65,5.0,0
San Luis Obispo,Central Coast,Mining,212390,Other Nonmetallic Mineral Mining and Quarrying,10.0,577149.91,155029.26,0.0,1
San Luis Obispo,Central Coast,Mining,213111,Drilling Oil and Gas Wells,10.0,3003521.05,834293.64,2.0,1
San Luis Obispo,Central Coast,Mining,213112,Support Activities for Oil and Gas Operations,10.4,2307905.03,836910.63,0.5,0
San Luis Obispo,Central Coast,Renewable Energy,221111,Hydroelectric Power Generation,10.0,11228335.18,1559324.17,1.0,1
San Luis Obispo,Central Coast,Renewable Energy,221114,Solar Electric Power Generation,29.66,28686704.99,3968355.82,3.75,0
San Luis Obispo,Central Coast,Renewable Energy,221115,Wind Electric Power Generation,10.0,1300984.54,174778.94,0.0,1
San Luis Obispo,Central Coast,Renewable Energy,221117,Biomass Electric Power Generation,10.0,769359.15,106111.23,0.0,1
San Luis Obispo,Central Coast,Renewable Energy,221118,Other Electric Power Generation,10.1,6722522.43,926910.68,1.0,0
San Luis Obispo,Central Coast,Agricultural Support,221310,Water Supply and Irrigation Systems,163.47,58955413.26,18582805.6,10.5,0
San Luis Obispo,Central Coast,Agricultural Processing,311111,Dog and Cat Food Manufacturing,10.0,337266.21,35439.08,0.75,1
San Luis Obispo,Central Coast,Agricultural Processing,311119,Other Animal Food Manufacturing,18.57,13518379.21,1162632.78,1.0,0
San Luis Obispo,Central Coast,Agricultural Processing,311224,Soybean and Other Oilseed Processing,10.0,1567430.2,34073.34,1.0,1
San Luis Obispo,Central Coast,Agricultural Processing,311225,Fats and Oils Refining and Blending,10.0,6469187.08,384089.82,1.0,1
San Luis Obispo,Central Coast,Agricultural Processing,311314,Cane Sugar Manufacturing,15.31,4611705.68,656823.61,1.0,0
San Luis Obispo,Central Coast,Agricultural Processing,311340,Nonchocolate Confectionery Manufacturing,36.74,13748742.0,1946434.03,4.0,0
San Luis Obispo,Central Coast,Agricultural Processing,311411,"Frozen Fruit, Juice, and Vegetable Manufacturing",10.0,5264869.94,932957.16,1.0,1
San Luis Obispo,Central Coast,Agricultural Processing,311412,Frozen Specialty Food Manufacturing,10.0,231244.36,40977.95,0.0,1
San Luis Obispo,Central Coast,Agricultural Processing,311421,Fruit and Vegetable Canning,10.0,3244671.83,608375.78,1.0,1
San Luis Obispo,Central Coast,Agricultural Processing,311422,Specialty Canning,10.0,3921209.02,733146.27,1.0,1
San Luis Obispo,Central Coast,Agricultural Processing,311423,Dried and Dehydrated Food Manufacturing,11.69,2012617.72,378295.66,0.0,0
San Luis Obispo,Central Coast,Agricultural Processing,311511,Fluid Milk Manufacturing,10.0,203328.92,23018.08,0.0,1
San Luis Obispo,Central Coast,Agricultural Processing,311513,Cheese Manufacturing,10.0,838357.88,63800.52,2.0,1
San Luis Obispo,Central Coast,Agricultural Processing,311514,"Dry, Condensed, and Evaporated Dairy Product Manufacturing",20.01,13929343.52,1051879.37,1.0,0
San Luis Obispo,Central Coast,Agricultural Processing,311520,Ice Cream and Frozen Dessert Manufacturing,48.68,8989283.49,1717176.09,1.0,0
San Luis Obispo,Central Coast,Agricultural Processing,311611,Animal (except Poultry) Slaughtering,15.24,6586042.98,783867.0,1.0,0
San Luis Obispo,Central Coast,Agricultural Processing,311612,Meat Processed from Carcasses,14.02,6400764.12,750460.04,1.0,0
San Luis Obispo,Central Coast,Agricultural Processing,311613,Rendering and Meat Byproduct Processing,10.0,696630.48,81695.27,0.0,1
San Luis Obispo,Central Coast,Agricultural Processing,311615,Poultry Processing,10.0,803430.61,130732.72,0.0,1
San Luis Obispo,Central Coast,Agricultural Processing,311811,Retail Bakeries,246.64,31739352.94,9413436.84,15.75,0
San Luis Obispo,Central Coast,Agricultural Processing,311812,Commercial Bakeries,315.41,70769087.87,20935074.8,13.0,0
San Luis Obispo,Central Coast,Agricultural Processing,311824,"Dry Pasta, Dough, and Flour Mixes Manufacturing from Purchased Flour",0.0,56371.28,10610.63,0.25,0
San Luis Obispo,Central Coast,Agricultural Processing,311911,Roasted Nuts and Peanut Butter Manufacturing,10.0,943955.74,96539.33,0.0,1
San Luis Obispo,Central Coast,Agricultural Processing,311919,Other Snack Food Manufacturing,10.0,4662120.84,476793.75,2.0,1
San Luis Obispo,Central Coast,Agricultural Processing,311920,Coffee and Tea Manufacturing,53.13,19265341.19,2730490.2,4.0,0
San Luis Obispo,Central Coast,Agricultural Processing,311930,Flavoring Syrup and Concentrate Manufacturing,10.0,2575680.94,513031.08,1.0,1
San Luis Obispo,Central Coast,Agricultural Processing,311941,"Mayonnaise, Dressing, and Other Prepared Sauce Manufacturing",10.0,647311.4,112183.17,1.0,1
San Luis Obispo,Central Coast,Agricultural Processing,311942,Spice and Extract Manufacturing,130.3,48685250.44,8319435.1,3.0,0
San Luis Obispo,Central Coast,Agricultural Processing,311991,Perishable Prepared Food Manufacturing,42.97,12748270.59,2316047.09,2.25,0
San Luis Obispo,Central Coast,Agricultural Processing,311999,All Other Miscellaneous Food Manufacturing,10.0,791915.69,143741.3,0.0,1
San Luis Obispo,Central Coast,Agricultural Processing,312111,Soft Drink Manufacturing,10.0,634357.37,116932.6,0.0,1
San Luis Obispo,Central Coast,Agricultural Processing,312112,Bottled Water Manufacturing,22.14,8466967.8,1555233.99,2.0,0
San Luis Obispo,Central Coast,Agricultural Processing,312113,Ice Manufacturing,10.0,552366.77,101466.67,0.0,1
San Luis Obispo,Central Coast,Agricultural Processing,312120,Breweries,506.98,238391655.08,36526905.33,14.75,0
San Luis Obispo,Central Coast,Agricultural Processing,312130,Wineries,2977.61,1233789914.16,270012885.23,183.5,0
San Luis Obispo,Central Coast,Agricultural Processing,312140,Distilleries,22.07,19901699.12,1570759.01,3.5,0
San Luis Obispo,Central Coast,Agricultural Processing,316990,Other Leather and Allied Product Manufacturing,10.0,1560153.43,419034.43,1.0,1
San Luis Obispo,Central Coast,Forestry,321113,Sawmills,10.0,326236.6,48443.71,0.0,1
San Luis Obispo,Central Coast,Forestry,321114,Wood Preservation,10.0,1111034.28,164371.9,0.5,1
San Luis Obispo,Central Coast,Forestry,321215,Engineered Wood Member Manufacturing,10.0,69296.81,12109.11,0.0,1
San Luis Obispo,Central Coast,Forestry,321911,Wood Window and Door Manufacturing,10.9,1374937.24,293581.72,0.0,0
San Luis Obispo,Central Coast,Forestry,321912,"Cut Stock, Resawing Lumber, and Planing",10.0,72138.73,15231.1,0.0,1
San Luis Obispo,Central Coast,Forestry,321918,Other Millwork (including Flooring),10.0,1185086.49,251013.04,1.0,1
San Luis Obispo,Central Coast,Forestry,321920,Wood Container and Pallet Manufacturing,14.2,1286332.23,320026.57,0.0,0
San Luis Obispo,Central Coast,Forestry,321992,Prefabricated Wood Building Manufacturing,10.0,124414.32,30984.3,0.25,1
San Luis Obispo,Central Coast,Forestry,321999,All Other Miscellaneous Wood Product Manufacturing,52.83,6558187.04,1630007.96,2.5,0
San Luis Obispo,Central Coast,Forestry,322220,Paper Bag and Coated and Treated Paper Manufacturing,10.0,272871.65,59233.32,1.0,1
San Luis Obispo,Central Coast,Agricultural Support,325315,Compost Manufacturing,10.0,176268.75,24824.71,0.75,1
San Luis Obispo,Central Coast,Mining,327120,Clay Building Material and Refractories Manufacturing,10.0,344050.33,118741.23,0.0,1
San Luis Obispo,Central Coast,Mining,327320,Ready-Mix Concrete Manufacturing,83.18,30220534.11,6814972.01,6.0,0
San Luis Obispo,Central Coast,Mining,327331,Concrete Block and Brick Manufacturing,10.0,492486.63,147239.69,0.0,1
San Luis Obispo,Central Coast,Mining,327390,Other Concrete Product Manufacturing,14.38,3457005.22,996086.94,2.0,0
San Luis Obispo,Central Coast,Agricultural Support,333111,Farm Machinery and Equipment Manufacturing,124.38,48288211.46,9835991.57,5.0,0
San Luis Obispo,Central Coast,Mining,333131,Mining Machinery and Equipment Manufacturing,10.0,58131.5,22287.31,0.0,1
San Luis Obispo,Central Coast,Mining,333132,Oil and Gas Field Machinery and Equipment Manufacturing,118.05,30422882.0,11616553.34,1.0,0
San Luis Obispo,Central Coast,Agricultural Processing,333241,Food Product Machinery Manufacturing,31.2,6270163.71,1699463.03,2.5,0
San Luis Obispo,Central Coast,Agricultural Processing,333993,Packaging Machinery Manufacturing,10.0,635869.3,173196.39,2.0,1
San Luis Obispo,Central Coast,Forestry,337110,Wood Kitchen Cabinet and Countertop Manufacturing,102.04,15984230.66,7214443.31,12.0,0
San Luis Obispo,Central Coast,Forestry,337211,Wood Office Furniture Manufacturing,10.0,107266.67,26903.59,0.0,1
San Luis Obispo,Central Coast,Forestry,423310,"Lumber, Plywood, Millwork, and Wood Panel Merchant Wholesalers",33.32,8862440.88,2701829.97,1.5,0
San Luis Obispo,Central Coast,Mining,423320,"Brick, Stone, and Related Construction Material Merchant Wholesalers",18.29,4641676.2,1417474.86,2.0,0
San Luis Obispo,Central Coast,Agricultural Support,423820,Farm and Garden Machinery and Equipment Merchant Wholesalers,81.3,22563891.03,7739006.9,6.0,0
San Luis Obispo,Central Coast,Agricultural Distribution,424410,General Line Grocery Merchant Wholesalers,24.36,6144536.14,2045651.46,7.0,0
San Luis Obispo,Central Coast,Agricultural Distribution,424420,Packaged Frozen Food Merchant Wholesalers,10.0,527341.26,175325.79,1.0,1
San Luis Obispo,Central Coast,Agricultural Distribution,424430,Dairy Product (except Dried or Canned) Merchant Wholesalers,18.73,3607283.13,1195573.95,1.0,0
San Luis Obispo,Central Coast,Agricultural Distribution,424450,Confectionery Merchant Wholesalers,10.0,1247631.45,413791.55,1.0,1
San Luis Obispo,Central Coast,Fishing,424460,Fish and Seafood Merchant Wholesalers,10.0,483122.76,161119.97,2.0,1
San Luis Obispo,Central Coast,Agricultural Distribution,424470,Meat and Meat Product Merchant Wholesalers,89.12,18271492.24,6087128.64,2.0,0
San Luis Obispo,Central Coast,Agricultural Distribution,424480,Fresh Fruit and Vegetable Merchant Wholesalers,198.77,49302911.88,16443142.84,13.75,0
San Luis Obispo,Central Coast,Agricultural Distribution,424490,Other Grocery and Related Products Merchant Wholesalers,152.78,40515865.22,13482701.66,15.0,0
San Luis Obispo,Central Coast,Agricultural Distribution,424510,Grain and Field Bean Merchant Wholesalers,10.0,472864.08,113399.75,0.0,1
San Luis Obispo,Central Coast,Agricultural Distribution,424520,Livestock Merchant Wholesalers,10.0,195717.42,46497.05,0.0,1
San Luis Obispo,Central Coast,Agricultural Distribution,424590,Other Farm Product Raw Material Merchant Wholesalers,91.05,21024373.01,5067385.81,8.75,0
San Luis Obispo,Central Coast,Agricultural Distribution,424810,Beer and Ale Merchant Wholesalers,10.0,1029901.79,247526.44,0.0,1
San Luis Obispo,Central Coast,Agricultural Distribution,424820,Wine and Distilled Alcoholic Beverage Merchant Wholesalers,234.05,76030810.61,18550236.34,15.0,0
San Luis Obispo,Central Coast,Agricultural Distribution,424910,Farm Supplies Merchant Wholesalers,143.2,61409247.72,14780331.1,16.75,0
San Luis Obispo,Central Coast,Agricultural Distribution,424930,"Flower, Nursery Stock, and Florists' Supplies Merchant Wholesalers",251.19,48097820.29,11615086.68,5.5,0
San Luis Obispo,Central Coast,Agricultural Distribution,424990,Other Miscellaneous Nondurable Goods Merchant Wholesalers,282.43,72745457.22,17627253.28,5.5,0
San Luis Obispo,Central Coast,Outdoor Recreation,441222,Boat Dealers,26.07,11478949.98,3500367.01,2.0,0
San Luis Obispo,Central Coast,Agricultural Support,444240,"Nursery, Garden Center, and Farm Supply Retailers",297.44,49803859.5,14264663.53,26.5,0
San Luis Obispo,Central Coast,Agricultural Distribution,445230,Fruit and Vegetable Markets,120.63,11185344.66,4257873.46,7.25,0
San Luis Obispo,Central Coast,Agricultural Distribution,445240,Meat Retailers,46.06,5776684.91,2182569.95,5.25,0
San Luis Obispo,Central Coast,Agricultural Distribution,445291,Baked Goods Stores,10.0,823205.87,310724.44,0.0,1
San Luis Obispo,Central Coast,Agricultural Distribution,445292,Confectionery and Nut Stores,75.97,7573063.64,2866373.29,8.5,0
San Luis Obispo,Central Coast,Agricultural Distribution,445298,All Other Specialty Food Retailers,127.45,12091254.2,4586005.0,13.25,0
San Luis Obispo,Central Coast,Agricultural Distribution,445320,"Beer, Wine, and Liquor Retailers",323.98,52661836.22,19870979.96,59.0,0
San Luis Obispo,Central Coast,Agricultural Distribution,456191,Food (Health) Supplement Retailers,142.75,15408685.23,4874859.36,10.0,0
San Luis Obispo,Central Coast,Agricultural Distribution,459310,Florists,240.56,21887829.47,7329911.57,23.25,0
San Luis Obispo,Central Coast,Agricultural Distribution,484230,"Specialized Freight (except Used Goods) Trucking, Long-Distance",68.98,15833456.84,5721959.33,7.5,0
San Luis Obispo,Central Coast,Outdoor Recreation,487110,"Scenic and Sightseeing Transportation, Land",10.4,1017496.89,439815.37,2.0,0
San Luis Obispo,Central Coast,Outdoor Recreation,487210,"Scenic and Sightseeing Transportation, Water",51.15,7558597.83,3263293.48,8.0,0
San Luis Obispo,Central Coast,Outdoor Recreation,487990,"Scenic and Sightseeing Transportation, Other",10.0,53351.33,22981.36,0.0,1
San Luis Obispo,Central Coast,Agricultural Distribution,493120,Refrigerated Warehousing and Storage,14.57,1067371.81,671611.93,2.0,0
San Luis Obispo,Central Coast,Outdoor Recreation,532284,Recreational Goods Rental,74.46,8823590.44,2314557.97,9.0,0
San Luis Obispo,Central Coast,Mining,532412,"Construction, Mining, and Forestry Machinery and Equipment Rental and Leasing",66.89,49937633.05,6287210.91,6.75,0
San Luis Obispo,Central Coast,Mining,541360,Geophysical Surveying and Mapping Services,10.0,812735.58,408402.2,1.0,1
San Luis Obispo,Central Coast,Agricultural Support,541620,Environmental Consulting Services,380.24,50305766.65,30708429.22,24.25,0
San Luis Obispo,Central Coast,Agricultural Support,541690,Other Scientific and Technical Consulting Services,561.35,54789932.0,33449404.18,67.0,0
San Luis Obispo,Central Coast,Agricultural Distribution,624210,Community Food Services,87.69,5785230.21,4231930.85,4.0,0
San Luis Obispo,Central Coast,Outdoor Recreation,712130,Zoos and Botanical Gardens,10.0,523300.99,169670.95,1.0,1
San Luis Obispo,Central Coast,Outdoor Recreation,712190,Nature Parks and Other Similar Institutions,10.0,1426967.0,461526.8,1.0,1
San Luis Obispo,Central Coast,Outdoor Recreation,713930,Marinas,10.0,1150611.39,448240.2,0.0,1
San Luis Obispo,Central Coast,Outdoor Recreation,713990,All Other Amusement and Recreation Industries,281.58,24057736.0,9311584.6,29.25,0
San Luis Obispo,Central Coast,Outdoor Recreation,721211,RV (Recreational Vehicle) Parks and Campgrounds,205.03,37770567.51,9958629.23,11.5,0
San Luis Obispo,Central Coast,Outdoor Recreation,721214,Recreational and Vacation Camps (except Campgrounds),59.54,7918596.03,2082704.15,7.0,0
San Mateo,Bay Area,Agricultural Production,111000,Crop Production,1197.91,445641339.08,102181254.2,66.25,0
San Mateo,Bay Area,Agricultural Production,112000,Animal Production,68.83,31031911.39,5438435.1,15.0,0
San Mateo,Bay Area,Forestry,113110,Timber Tract Operations,10.0,177572.27,72671.3,0.0,1
San Mateo,Bay Area,Forestry,113210,Forest Nurseries and Gathering of Forest Products,10.0,1282207.06,528115.34,1.0,1
San Mateo,Bay Area,Forestry,113310,Logging,17.4,877942.94,347111.26,0.0,0
San Mateo,Bay Area,Fishing,114111,Finfish Fishing,45.67,5671065.9,2179301.39,7.5,0
San Mateo,Bay Area,Fishing,114112,Shellfish Fishing,28.71,2639991.92,1003930.05,1.0,0
San Mateo,Bay Area,Fishing,114119,Other Marine Fishing,10.0,1504.73,574.48,0.0,1
San Mateo,Bay Area,Outdoor Recreation,114210,Hunting and Trapping,10.0,295418.69,111771.33,1.0,1
San Mateo,Bay Area,Agricultural Processing,115111,Cotton Ginning,10.0,26958.82,23267.97,0.0,1
San Mateo,Bay Area,Agricultural Production,115112,"Soil Preparation, Planting, and Cultivating",41.0,1592210.62,1380501.52,4.0,0
San Mateo,Bay Area,Agricultural Production,115113,"Crop Harvesting, Primarily by Machine",10.0,128547.4,111544.77,0.0,1
San Mateo,Bay Area,Agricultural Production,115114,Postharvest Crop Activities (except Cotton Ginning),10.0,86720.56,75392.28,0.0,1
San Mateo,Bay Area,Agricultural Support,115115,Farm Labor Contractors and Crew Leaders,52.69,4884700.63,3899891.55,1.0,0
San Mateo,Bay Area,Agricultural Support,115116,Farm Management Services,10.0,391811.25,340621.94,2.0,1
San Mateo,Bay Area,Agricultural Support,115210,Support Activities for Animal Production,326.52,18549572.09,16062563.92,25.5,0
San Mateo,Bay Area,Forestry,115310,Support Activities for Forestry,110.87,8657783.63,7492080.38,3.75,0
San Mateo,Bay Area,Mining,211120,Crude Petroleum Extraction,332.36,83832511.64,7660095.85,0.0,0
San Mateo,Bay Area,Mining,211130,Natural Gas Extraction,127.67,33894803.47,3118226.62,0.0,0
San Mateo,Bay Area,Mining,212210,Iron Ore Mining,10.0,342061.76,62100.69,0.0,1
San Mateo,Bay Area,Mining,212220,Gold Ore and Silver Ore Mining,22.31,3910478.89,740912.63,0.0,0
San Mateo,Bay Area,Mining,212321,Construction Sand and Gravel Mining,42.48,49034184.18,13173645.28,3.0,0
San Mateo,Bay Area,Mining,212390,Other Nonmetallic Mineral Mining and Quarrying,10.0,2123386.61,570366.65,1.0,1
San Mateo,Bay Area,Mining,213111,Drilling Oil and Gas Wells,10.0,58433.21,16231.1,0.0,1
San Mateo,Bay Area,Mining,213112,Support Activities for Oil and Gas Operations,10.0,270816.62,98205.65,0.0,1
San Mateo,Bay Area,Mining,213114,Support Activities for Metal Mining,10.0,424067.93,148734.1,0.0,1
San Mateo,Bay Area,Mining,213115,Support Activities for Nonmetallic Minerals (except Fuels) Mining,26.49,9855015.33,3383571.85,1.0,0
San Mateo,Bay Area,Renewable Energy,221111,Hydroelectric Power Generation,16.73,16320993.8,2266562.19,1.0,0
San Mateo,Bay Area,Renewable Energy,221114,Solar Electric Power Generation,10.0,4837267.07,669160.05,3.25,1
San Mateo,Bay Area,Renewable Energy,221115,Wind Electric Power Generation,10.0,3999120.48,537256.22,0.0,1
San Mateo,Bay Area,Renewable Energy,221116,Geothermal Electric Power Generation,10.0,2697564.36,381798.33,1.0,1
San Mateo,Bay Area,Renewable Energy,221117,Biomass Electric Power Generation,10.0,737912.97,101774.12,0.0,1
San Mateo,Bay Area,Renewable Energy,221118,Other Electric Power Generation,70.8,190737919.22,26299207.78,5.0,0
San Mateo,Bay Area,Agricultural Support,221310,Water Supply and Irrigation Systems,176.01,72953012.02,22994862.82,9.25,0
San Mateo,Bay Area,Agricultural Processing,311340,Nonchocolate Confectionery Manufacturing,17.39,17525328.85,2481092.2,4.0,0
San Mateo,Bay Area,Agricultural Processing,311411,"Frozen Fruit, Juice, and Vegetable Manufacturing",10.0,3637096.49,644508.84,1.0,1
San Mateo,Bay Area,Agricultural Processing,311412,Frozen Specialty Food Manufacturing,43.69,14465538.68,2563384.29,3.5,0
San Mateo,Bay Area,Agricultural Processing,311421,Fruit and Vegetable Canning,12.32,5216027.58,978004.87,2.0,0
San Mateo,Bay Area,Agricultural Processing,311422,Specialty Canning,16.81,9844649.78,1840648.7,1.0,0
San Mateo,Bay Area,Agricultural Processing,311423,Dried and Dehydrated Food Manufacturing,10.0,495535.22,93141.79,0.0,1
San Mateo,Bay Area,Agricultural Processing,311513,Cheese Manufacturing,26.19,27476869.22,2091038.28,2.0,0
San Mateo,Bay Area,Agricultural Processing,311520,Ice Cream and Frozen Dessert Manufacturing,46.21,20744696.42,3962751.51,3.5,0
San Mateo,Bay Area,Agricultural Processing,311611,Animal (except Poultry) Slaughtering,13.28,7308053.94,869800.33,1.0,0
San Mateo,Bay Area,Agricultural Processing,311612,Meat Processed from Carcasses,10.0,3835192.24,449658.58,1.5,1
San Mateo,Bay Area,Agricultural Processing,311615,Poultry Processing,10.0,3567604.33,580513.86,0.5,1
San Mateo,Bay Area,Fishing,311710,Seafood Product Preparation and Packaging,26.48,10240302.48,1987818.76,0.0,0
San Mateo,Bay Area,Agricultural Processing,311811,Retail Bakeries,585.3,80462565.55,23864042.87,32.75,0
San Mateo,Bay Area,Agricultural Processing,311812,Commercial Bakeries,1044.89,245456100.5,72611389.79,20.75,0
San Mateo,Bay Area,Agricultural Processing,311813,"Frozen Cakes, Pies, and Other Pastries Manufacturing",34.25,5058033.57,1504186.1,4.0,0
San Mateo,Bay Area,Agricultural Processing,311821,Cookie and Cracker Manufacturing,10.0,1778542.32,337788.06,3.0,1
San Mateo,Bay Area,Agricultural Processing,311824,"Dry Pasta, Dough, and Flour Mixes Manufacturing from Purchased Flour",10.0,675582.89,127163.31,0.0,1
San Mateo,Bay Area,Agricultural Processing,311830,Tortilla Manufacturing,11.09,1834547.8,347502.6,1.0,0
San Mateo,Bay Area,Agricultural Processing,311911,Roasted Nuts and Peanut Butter Manufacturing,10.0,1140995.31,116690.77,1.0,1
San Mateo,Bay Area,Agricultural Processing,311919,Other Snack Food Manufacturing,32.47,16205424.73,1657324.09,1.0,0
San Mateo,Bay Area,Agricultural Processing,311920,Coffee and Tea Manufacturing,27.36,7175523.76,1016991.97,1.5,0
San Mateo,Bay Area,Agricultural Processing,311930,Flavoring Syrup and Concentrate Manufacturing,26.47,7990071.9,1591484.09,1.0,0
San Mateo,Bay Area,Agricultural Processing,311941,"Mayonnaise, Dressing, and Other Prepared Sauce Manufacturing",10.0,1276704.38,221260.96,1.0,1
San Mateo,Bay Area,Agricultural Processing,311942,Spice and Extract Manufacturing,10.0,2811639.22,480458.66,1.0,1
San Mateo,Bay Area,Agricultural Processing,311991,Perishable Prepared Food Manufacturing,196.56,82638213.87,15013330.12,7.5,0
San Mateo,Bay Area,Agricultural Processing,311999,All Other Miscellaneous Food Manufacturing,97.5,80873152.73,14679355.19,4.0,0
San Mateo,Bay Area,Agricultural Processing,312111,Soft Drink Manufacturing,10.0,773229.3,142531.19,1.0,1
San Mateo,Bay Area,Agricultural Processing,312112,Bottled Water Manufacturing,10.0,164097.65,30141.87,0.0,1
San Mateo,Bay Area,Agricultural Processing,312120,Breweries,88.36,25308097.39,3877763.58,6.0,0
San Mateo,Bay Area,Agricultural Processing,312130,Wineries,205.33,55599509.27,12167860.79,22.0,0
San Mateo,Bay Area,Agricultural Processing,312140,Distilleries,17.66,12603229.45,994720.91,4.0,0
San Mateo,Bay Area,Agricultural Processing,316110,Leather and Hide Tanning and Finishing,10.0,134076.75,36153.93,0.5,1
San Mateo,Bay Area,Agricultural Processing,316990,Other Leather and Allied Product Manufacturing,10.0,555780.39,149274.5,0.0,1
San Mateo,Bay Area,Forestry,321113,Sawmills,10.0,383302.42,56917.57,0.0,1
San Mateo,Bay Area,Forestry,321114,Wood Preservation,10.0,339902.94,50286.92,0.0,1
San Mateo,Bay Area,Forestry,321215,Engineered Wood Member Manufacturing,10.0,127040.66,22199.43,0.0,1
San Mateo,Bay Area,Forestry,321911,Wood Window and Door Manufacturing,73.78,39702178.96,8477356.97,4.5,0
San Mateo,Bay Area,Forestry,321912,"Cut Stock, Resawing Lumber, and Planing",10.0,1143949.38,241529.16,0.0,1
San Mateo,Bay Area,Forestry,321918,Other Millwork (including Flooring),33.44,12737476.01,2697923.4,3.75,0
San Mateo,Bay Area,Forestry,321920,Wood Container and Pallet Manufacturing,10.0,1375875.54,342304.05,1.0,1
San Mateo,Bay Area,Forestry,321992,Prefabricated Wood Building Manufacturing,10.0,179126.4,44609.87,0.0,1
San Mateo,Bay Area,Forestry,321999,All Other Miscellaneous Wood Product Manufacturing,109.93,30886123.82,7676607.5,3.0,0
San Mateo,Bay Area,Forestry,322219,Other Paperboard Container Manufacturing,10.0,373278.28,69060.81,1.0,1
San Mateo,Bay Area,Forestry,322220,Paper Bag and Coated and Treated Paper Manufacturing,10.0,325142.23,70579.9,1.0,1
San Mateo,Bay Area,Forestry,322230,Stationery Product Manufacturing,10.78,8279780.18,1842751.48,2.0,0
San Mateo,Bay Area,Agricultural Support,325314,Fertilizer (Mixing Only) Manufacturing,10.0,1376025.86,191021.07,1.0,1
San Mateo,Bay Area,Mining,327120,Clay Building Material and Refractories Manufacturing,10.0,442184.59,152610.06,1.0,1
San Mateo,Bay Area,Mining,327320,Ready-Mix Concrete Manufacturing,98.34,58994590.33,13303751.7,6.0,0
San Mateo,Bay Area,Mining,327390,Other Concrete Product Manufacturing,44.56,18819908.29,5422689.2,2.0,0
San Mateo,Bay Area,Mining,327991,Cut Stone and Stone Product Manufacturing,42.59,6901677.66,2646875.25,5.0,0
San Mateo,Bay Area,Agricultural Support,333111,Farm Machinery and Equipment Manufacturing,10.0,207288.02,42223.21,0.0,1
San Mateo,Bay Area,Agricultural Processing,333241,Food Product Machinery Manufacturing,10.0,2605042.45,706069.82,1.0,1
San Mateo,Bay Area,Agricultural Processing,333993,Packaging Machinery Manufacturing,10.0,479329.17,130558.41,1.0,1
San Mateo,Bay Area,Forestry,337110,Wood Kitchen Cabinet and Countertop Manufacturing,164.3,32302163.83,14579502.43,21.75,0
San Mateo,Bay Area,Forestry,337211,Wood Office Furniture Manufacturing,10.0,719249.93,180395.3,1.0,1
San Mateo,Bay Area,Forestry,423310,"Lumber, Plywood, Millwork, and Wood Panel Merchant Wholesalers",100.53,29239656.6,8914088.29,14.5,0
San Mateo,Bay Area,Mining,423320,"Brick, Stone, and Related Construction Material Merchant Wholesalers",115.21,48389211.02,14777094.95,5.5,0
San Mateo,Bay Area,Mining,423520,Coal and Other Mineral and Ore Merchant Wholesalers,10.0,322099.68,100952.38,0.0,1
San Mateo,Bay Area,Agricultural Support,423820,Farm and Garden Machinery and Equipment Merchant Wholesalers,11.26,2625913.61,900640.92,2.0,0
San Mateo,Bay Area,Agricultural Distribution,424410,General Line Grocery Merchant Wholesalers,369.97,94801515.17,31561513.15,30.5,0
San Mateo,Bay Area,Agricultural Distribution,424420,Packaged Frozen Food Merchant Wholesalers,175.95,60939747.54,20260711.71,10.5,0
San Mateo,Bay Area,Agricultural Distribution,424430,Dairy Product (except Dried or Canned) Merchant Wholesalers,22.57,7804562.1,2586692.21,2.5,0
San Mateo,Bay Area,Agricultural Distribution,424440,Poultry and Poultry Product Merchant Wholesalers,14.77,4768572.75,1588849.1,3.0,0
San Mateo,Bay Area,Agricultural Distribution,424450,Confectionery Merchant Wholesalers,147.75,42070773.43,13953263.53,3.0,0
San Mateo,Bay Area,Fishing,424460,Fish and Seafood Merchant Wholesalers,216.12,65937548.11,21989971.87,13.0,0
San Mateo,Bay Area,Agricultural Distribution,424470,Meat and Meat Product Merchant Wholesalers,151.76,37914807.03,12631278.54,10.0,0
San Mateo,Bay Area,Agricultural Distribution,424480,Fresh Fruit and Vegetable Merchant Wholesalers,743.04,231333420.16,77152612.83,32.25,0
San Mateo,Bay Area,Agricultural Distribution,424490,Other Grocery and Related Products Merchant Wholesalers,948.86,301890482.78,100461863.3,48.25,0
San Mateo,Bay Area,Agricultural Distribution,424510,Grain and Field Bean Merchant Wholesalers,32.0,5467291.95,1311136.83,1.0,0
San Mateo,Bay Area,Agricultural Distribution,424520,Livestock Merchant Wholesalers,10.0,594626.23,141266.77,0.0,1
San Mateo,Bay Area,Agricultural Distribution,424590,Other Farm Product Raw Material Merchant Wholesalers,53.01,12187352.66,2937448.73,4.5,0
San Mateo,Bay Area,Agricultural Distribution,424810,Beer and Ale Merchant Wholesalers,357.89,137209062.93,32976804.85,6.0,0
San Mateo,Bay Area,Agricultural Distribution,424820,Wine and Distilled Alcoholic Beverage Merchant Wholesalers,187.47,105042276.45,25628545.04,17.5,0
San Mateo,Bay Area,Agricultural Distribution,424910,Farm Supplies Merchant Wholesalers,12.37,10205892.08,2456412.83,4.0,0
San Mateo,Bay Area,Agricultural Distribution,424930,"Flower, Nursery Stock, and Florists' Supplies Merchant Wholesalers",85.38,25883904.59,6250674.01,4.75,0
San Mateo,Bay Area,Agricultural Distribution,424990,Other Miscellaneous Nondurable Goods Merchant Wholesalers,485.23,150346048.62,36430974.24,47.25,0
San Mateo,Bay Area,Outdoor Recreation,441222,Boat Dealers,25.98,3222615.05,982697.5,3.0,0
San Mateo,Bay Area,Agricultural Support,444240,"Nursery, Garden Center, and Farm Supply Retailers",174.51,38086626.18,10908650.71,16.75,0
San Mateo,Bay Area,Agricultural Distribution,445230,Fruit and Vegetable Markets,229.82,41572044.36,15825038.01,19.5,0
San Mateo,Bay Area,Agricultural Distribution,445240,Meat Retailers,57.56,10740519.88,4058025.72,7.0,0
San Mateo,Bay Area,Agricultural Distribution,445291,Baked Goods Stores,94.08,9674461.17,3651688.71,5.75,0
San Mateo,Bay Area,Agricultural Distribution,445292,Confectionery and Nut Stores,142.49,14372432.72,5439906.39,10.5,0
San Mateo,Bay Area,Agricultural Distribution,445298,All Other Specialty Food Retailers,313.43,36355088.67,13788860.58,20.25,0
San Mateo,Bay Area,Agricultural Distribution,445320,"Beer, Wine, and Liquor Retailers",516.92,80769826.75,30477015.69,61.25,0
San Mateo,Bay Area,Agricultural Distribution,456191,Food (Health) Supplement Retailers,198.62,18261893.64,5777531.43,19.0,0
San Mateo,Bay Area,Agricultural Distribution,459310,Florists,408.69,39362867.83,13182044.42,27.0,0
San Mateo,Bay Area,Agricultural Distribution,484230,"Specialized Freight (except Used Goods) Trucking, Long-Distance",15.12,2535798.39,916397.19,6.0,0
San Mateo,Bay Area,Outdoor Recreation,487110,"Scenic and Sightseeing Transportation, Land",39.1,4507843.03,1948525.5,4.5,0
San Mateo,Bay Area,Outdoor Recreation,487210,"Scenic and Sightseeing Transportation, Water",26.22,1893354.76,817423.07,4.5,0
San Mateo,Bay Area,Outdoor Recreation,487990,"Scenic and Sightseeing Transportation, Other",10.0,125110.55,53892.01,0.0,1
San Mateo,Bay Area,Agricultural Distribution,493120,Refrigerated Warehousing and Storage,43.41,3421572.95,2152922.91,1.5,0
San Mateo,Bay Area,Agricultural Distribution,493130,Farm Product Warehousing and Storage,10.0,121219.79,76216.14,0.0,1
San Mateo,Bay Area,Outdoor Recreation,532284,Recreational Goods Rental,24.23,3780429.98,991662.57,3.25,0
San Mateo,Bay Area,Mining,532412,"Construction, Mining, and Forestry Machinery and Equipment Rental and Leasing",48.62,40828515.56,5140361.54,7.0,0
San Mateo,Bay Area,Mining,541360,Geophysical Surveying and Mapping Services,10.0,401931.6,201971.9,2.0,1
San Mateo,Bay Area,Agricultural Support,541620,Environmental Consulting Services,336.7,46944703.45,28656716.7,15.25,0
San Mateo,Bay Area,Agricultural Support,541690,Other Scientific and Technical Consulting Services,2637.63,529312388.63,323146669.08,217.0,0
San Mateo,Bay Area,Agricultural Distribution,624210,Community Food Services,97.58,9869827.6,7219838.52,9.0,0
San Mateo,Bay Area,Outdoor Recreation,712130,Zoos and Botanical Gardens,10.0,416542.7,135056.5,1.0,1
San Mateo,Bay Area,Outdoor Recreation,712190,Nature Parks and Other Similar Institutions,10.0,787472.29,254693.74,1.0,1
San Mateo,Bay Area,Outdoor Recreation,713930,Marinas,39.4,6263897.88,2440207.76,3.0,0
San Mateo,Bay Area,Outdoor Recreation,713990,All Other Amusement and Recreation Industries,784.77,95732354.97,37053358.73,51.75,0
San Mateo,Bay Area,Outdoor Recreation,721211,RV (Recreational Vehicle) Parks and Campgrounds,39.46,7303399.58,1925622.34,4.0,0
San Mateo,Bay Area,Outdoor Recreation,721214,Recreational and Vacation Camps (except Campgrounds),45.56,5583885.16,1468641.76,7.5,0
Santa Barbara,Central Coast,Agricultural Production,111000,Crop Production,17586.6,4103493287.69,940891371.5,345.25,0
Santa Barbara,Central Coast,Agricultural Production,112000,Animal Production,238.79,84396501.91,14790738.89,61.75,0
Santa Barbara,Central Coast,Forestry,113110,Timber Tract Operations,10.0,189023.6,77357.75,0.0,1
Santa Barbara,Central Coast,Forestry,113210,Forest Nurseries and Gathering of Forest Products,10.0,126377.67,52052.42,0.0,1
Santa Barbara,Central Coast,Forestry,113310,Logging,12.35,1904866.12,753124.65,0.0,0
Santa Barbara,Central Coast,Fishing,114111,Finfish Fishing,47.04,5929706.58,2278692.93,1.0,0
Santa Barbara,Central Coast,Fishing,114112,Shellfish Fishing,67.83,7182743.35,2731437.1,0.0,0
Santa Barbara,Central Coast,Fishing,114119,Other Marine Fishing,49.55,2179184.31,831971.64,1.5,0
Santa Barbara,Central Coast,Outdoor Recreation,114210,Hunting and Trapping,10.0,726535.93,274884.06,0.0,1
Santa Barbara,Central Coast,Agricultural Processing,115111,Cotton Ginning,10.0,351509.03,303385.0,0.0,1
Santa Barbara,Central Coast,Agricultural Production,115112,"Soil Preparation, Planting, and Cultivating",348.95,30092835.98,26091526.68,26.5,0
Santa Barbara,Central Coast,Agricultural Production,115113,"Crop Harvesting, Primarily by Machine",643.62,41031562.64,35604422.22,9.0,0
Santa Barbara,Central Coast,Agricultural Production,115114,Postharvest Crop Activities (except Cotton Ginning),802.02,77067334.24,67000052.91,15.0,0
Santa Barbara,Central Coast,Agricultural Support,115115,Farm Labor Contractors and Crew Leaders,10761.67,658255409.96,525543918.14,63.5,0
Santa Barbara,Central Coast,Agricultural Support,115116,Farm Management Services,1486.86,94607732.28,82247433.9,21.5,0
Santa Barbara,Central Coast,Agricultural Support,115210,Support Activities for Animal Production,269.71,14167053.52,12267625.46,35.5,0
Santa Barbara,Central Coast,Forestry,115310,Support Activities for Forestry,126.66,11451677.39,9909798.07,3.0,0
Santa Barbara,Central Coast,Mining,211120,Crude Petroleum Extraction,578.85,916639657.16,83756856.33,15.75,0
Santa Barbara,Central Coast,Mining,211130,Natural Gas Extraction,91.47,10488846.44,964944.38,0.0,0
Santa Barbara,Central Coast,Mining,212114,Surface Coal Mining,10.0,151264.48,20619.18,0.0,1
Santa Barbara,Central Coast,Mining,212115,Underground Coal Mining,10.0,774297.15,104501.33,0.0,1
Santa Barbara,Central Coast,Mining,212210,Iron Ore Mining,10.0,416559.61,75625.64,0.0,1
Santa Barbara,Central Coast,Mining,212220,Gold Ore and Silver Ore Mining,36.71,4070062.04,771148.61,0.0,0
Santa Barbara,Central Coast,Mining,212290,Other Metal Ore Mining,73.47,47016151.37,8364843.7,1.0,0
Santa Barbara,Central Coast,Mining,212311,Dimension Stone Mining and Quarrying,10.0,1453914.09,311247.31,3.0,1
Santa Barbara,Central Coast,Mining,212312,Crushed and Broken Limestone Mining and Quarrying,10.0,374191.65,80201.77,0.0,1
Santa Barbara,Central Coast,Mining,212313,Crushed and Broken Granite Mining and Quarrying,10.0,605050.81,130336.39,0.0,1
Santa Barbara,Central Coast,Mining,212319,Other Crushed and Broken Stone Mining and Quarrying,14.6,4453037.43,964791.78,1.0,0
Santa Barbara,Central Coast,Mining,212321,Construction Sand and Gravel Mining,53.88,24068071.12,6466187.55,4.0,0
Santa Barbara,Central Coast,Mining,212322,Industrial Sand Mining,10.0,185756.44,48607.54,0.0,1
Santa Barbara,Central Coast,Mining,212323,"Kaolin, Clay, and Ceramic and Refractory Minerals Mining",10.0,111580.58,29869.41,0.0,1
Santa Barbara,Central Coast,Mining,212390,Other Nonmetallic Mineral Mining and Quarrying,107.42,40948533.23,10999258.36,1.0,0
Santa Barbara,Central Coast,Mining,213111,Drilling Oil and Gas Wells,42.27,22167411.4,6157483.16,3.0,0
Santa Barbara,Central Coast,Mining,213112,Support Activities for Oil and Gas Operations,143.45,46895490.58,17005610.7,6.25,0
Santa Barbara,Central Coast,Mining,213113,Support Activities for Coal Mining,10.0,298566.5,99212.78,0.0,1
Santa Barbara,Central Coast,Renewable Energy,221111,Hydroelectric Power Generation,10.0,842617.92,117017.75,0.0,1
Santa Barbara,Central Coast,Renewable Energy,221114,Solar Electric Power Generation,20.34,21093901.28,2918010.49,1.0,0
Santa Barbara,Central Coast,Renewable Energy,221115,Wind Electric Power Generation,10.0,393361.77,52845.63,0.0,1
Santa Barbara,Central Coast,Renewable Energy,221117,Biomass Electric Power Generation,10.0,824699.44,113743.85,1.0,1
Santa Barbara,Central Coast,Renewable Energy,221118,Other Electric Power Generation,10.0,1401233.46,193204.01,2.0,1
Santa Barbara,Central Coast,Agricultural Support,221310,Water Supply and Irrigation Systems,133.05,36331956.36,11451869.22,10.5,0
Santa Barbara,Central Coast,Agricultural Processing,311119,Other Animal Food Manufacturing,18.15,14552939.91,1251608.99,1.0,0
Santa Barbara,Central Coast,Agricultural Processing,311224,Soybean and Other Oilseed Processing,10.0,1343127.87,29197.38,0.75,1
Santa Barbara,Central Coast,Agricultural Processing,311225,Fats and Oils Refining and Blending,10.0,1667439.88,98999.56,1.0,1
Santa Barbara,Central Coast,Agricultural Processing,311340,Nonchocolate Confectionery Manufacturing,10.0,552446.43,78210.83,0.0,1
Santa Barbara,Central Coast,Agricultural Processing,311411,"Frozen Fruit, Juice, and Vegetable Manufacturing",320.16,153812961.91,27256305.61,3.0,0
Santa Barbara,Central Coast,Agricultural Processing,311412,Frozen Specialty Food Manufacturing,10.0,590574.21,104653.46,0.0,1
Santa Barbara,Central Coast,Agricultural Processing,311421,Fruit and Vegetable Canning,13.6,1999062.5,374824.1,2.0,0
Santa Barbara,Central Coast,Agricultural Processing,311422,Specialty Canning,10.0,313697.48,58651.84,0.0,1
Santa Barbara,Central Coast,Agricultural Processing,311423,Dried and Dehydrated Food Manufacturing,10.0,351022.53,65978.9,0.0,1
Santa Barbara,Central Coast,Agricultural Processing,311511,Fluid Milk Manufacturing,64.05,84198083.16,9531739.16,1.0,0
Santa Barbara,Central Coast,Agricultural Processing,311514,"Dry, Condensed, and Evaporated Dairy Product Manufacturing",16.88,38481011.61,2905907.38,2.5,0
Santa Barbara,Central Coast,Agricultural Processing,311520,Ice Cream and Frozen Dessert Manufacturing,10.0,684018.62,130664.52,0.5,1
Santa Barbara,Central Coast,Fishing,311710,Seafood Product Preparation and Packaging,85.11,22689604.15,4404442.23,1.0,0
Santa Barbara,Central Coast,Agricultural Processing,311811,Retail Bakeries,165.25,23885449.64,7084081.77,10.0,0
Santa Barbara,Central Coast,Agricultural Processing,311812,Commercial Bakeries,137.4,18640557.62,5514292.75,12.75,0
Santa Barbara,Central Coast,Agricultural Processing,311824,"Dry Pasta, Dough, and Flour Mixes Manufacturing from Purchased Flour",10.0,298180.84,56125.85,1.0,1
Santa Barbara,Central Coast,Agricultural Processing,311830,Tortilla Manufacturing,43.87,8407893.29,1592634.84,4.0,0
Santa Barbara,Central Coast,Agricultural Processing,311911,Roasted Nuts and Peanut Butter Manufacturing,10.0,706746.05,72279.65,0.0,1
Santa Barbara,Central Coast,Agricultural Processing,311919,Other Snack Food Manufacturing,10.0,276812.42,28309.53,0.0,1
Santa Barbara,Central Coast,Agricultural Processing,311920,Coffee and Tea Manufacturing,27.76,10667149.2,1511862.47,5.5,0
Santa Barbara,Central Coast,Agricultural Processing,311930,Flavoring Syrup and Concentrate Manufacturing,10.0,486252.17,96853.02,0.0,1
Santa Barbara,Central Coast,Agricultural Processing,311941,"Mayonnaise, Dressing, and Other Prepared Sauce Manufacturing",10.0,2407571.62,417247.42,2.0,1
Santa Barbara,Central Coast,Agricultural Processing,311942,Spice and Extract Manufacturing,10.0,692947.4,118412.27,0.0,1
Santa Barbara,Central Coast,Agricultural Processing,311991,Perishable Prepared Food Manufacturing,10.63,1616781.79,293729.47,2.0,0
Santa Barbara,Central Coast,Agricultural Processing,311999,All Other Miscellaneous Food Manufacturing,48.49,8019858.57,1455691.4,3.0,0
Santa Barbara,Central Coast,Agricultural Processing,312111,Soft Drink Manufacturing,35.57,17489393.15,3223861.24,2.0,0
Santa Barbara,Central Coast,Agricultural Processing,312112,Bottled Water Manufacturing,68.92,30204607.5,5548058.44,3.0,0
Santa Barbara,Central Coast,Agricultural Processing,312113,Ice Manufacturing,10.0,411220.15,75538.83,0.0,1
Santa Barbara,Central Coast,Agricultural Processing,312120,Breweries,391.74,125025673.37,19156714.75,16.5,0
Santa Barbara,Central Coast,Agricultural Processing,312130,Wineries,1721.86,567577306.93,124213356.32,131.0,0
Santa Barbara,Central Coast,Agricultural Processing,312140,Distilleries,10.0,7249052.75,572137.83,3.25,1
Santa Barbara,Central Coast,Agricultural Processing,313110,"Fiber, Yarn, and Thread Mills",10.0,746944.57,145297.23,1.0,1
Santa Barbara,Central Coast,Agricultural Processing,316990,Other Leather and Allied Product Manufacturing,17.41,2490671.51,668958.0,2.0,0
Santa Barbara,Central Coast,Forestry,321113,Sawmills,60.28,27631616.95,4103090.19,1.0,0
Santa Barbara,Central Coast,Forestry,321215,Engineered Wood Member Manufacturing,10.0,2017206.44,352492.1,2.0,1
Santa Barbara,Central Coast,Forestry,321911,Wood Window and Door Manufacturing,10.0,929355.7,198439.49,0.0,1
Santa Barbara,Central Coast,Forestry,321912,"Cut Stock, Resawing Lumber, and Planing",10.0,119996.0,25335.5,0.0,1
Santa Barbara,Central Coast,Forestry,321918,Other Millwork (including Flooring),10.0,711768.23,150759.55,0.0,1
Santa Barbara,Central Coast,Forestry,321920,Wood Container and Pallet Manufacturing,26.33,6061342.61,1508001.31,2.5,0
Santa Barbara,Central Coast,Forestry,321992,Prefabricated Wood Building Manufacturing,10.0,203551.31,50692.68,0.0,1
Santa Barbara,Central Coast,Forestry,321999,All Other Miscellaneous Wood Product Manufacturing,42.99,8869099.27,2204374.83,3.0,0
Santa Barbara,Central Coast,Forestry,322211,Corrugated and Solid Fiber Box Manufacturing,11.76,7166038.96,1338324.23,2.0,0
Santa Barbara,Central Coast,Forestry,322230,Stationery Product Manufacturing,10.0,4327226.82,963069.48,0.5,1
Santa Barbara,Central Coast,Agricultural Support,325311,Nitrogenous Fertilizer Manufacturing,10.0,858412.12,119247.31,0.0,1
Santa Barbara,Central Coast,Agricultural Support,325314,Fertilizer (Mixing Only) Manufacturing,49.94,27673036.93,3841594.24,1.0,0
Santa Barbara,Central Coast,Agricultural Support,325315,Compost Manufacturing,10.0,557341.11,78492.83,0.5,1
Santa Barbara,Central Coast,Agricultural Support,325320,Pesticide and Other Agricultural Chemical Manufacturing,10.0,2736739.31,275912.22,0.5,1
Santa Barbara,Central Coast,Mining,327120,Clay Building Material and Refractories Manufacturing,29.12,1911229.78,659617.94,0.0,0
Santa Barbara,Central Coast,Mining,327320,Ready-Mix Concrete Manufacturing,66.64,29227055.78,6590934.71,5.0,0
Santa Barbara,Central Coast,Mining,327390,Other Concrete Product Manufacturing,15.97,4963611.06,1430194.01,1.0,0
Santa Barbara,Central Coast,Mining,327991,Cut Stone and Stone Product Manufacturing,10.0,633365.01,242903.0,1.0,1
Santa Barbara,Central Coast,Agricultural Support,333111,Farm Machinery and Equipment Manufacturing,10.0,2254453.19,459217.31,0.25,1
Santa Barbara,Central Coast,Mining,333132,Oil and Gas Field Machinery and Equipment Manufacturing,23.93,6985032.94,2667137.44,1.0,0
Santa Barbara,Central Coast,Agricultural Processing,333241,Food Product Machinery Manufacturing,65.11,15930626.19,4317831.48,4.0,0
Santa Barbara,Central Coast,Agricultural Processing,333993,Packaging Machinery Manufacturing,10.0,86708.71,23617.49,0.0,1
Santa Barbara,Central Coast,Forestry,337110,Wood Kitchen Cabinet and Countertop Manufacturing,146.1,23392845.94,10558303.65,11.5,0
Santa Barbara,Central Coast,Forestry,337211,Wood Office Furniture Manufacturing,10.0,259541.07,65095.58,1.0,1
Santa Barbara,Central Coast,Forestry,423310,"Lumber, Plywood, Millwork, and Wood Panel Merchant Wholesalers",15.65,5058706.1,1542212.12,5.0,0
Santa Barbara,Central Coast,Mining,423320,"Brick, Stone, and Related Construction Material Merchant Wholesalers",50.66,11001765.45,3359718.61,4.0,0
Santa Barbara,Central Coast,Agricultural Support,423820,Farm and Garden Machinery and Equipment Merchant Wholesalers,189.04,70803966.54,24284481.1,18.75,0
Santa Barbara,Central Coast,Agricultural Distribution,424410,General Line Grocery Merchant Wholesalers,274.87,91665635.84,30517509.83,9.0,0
Santa Barbara,Central Coast,Agricultural Distribution,424420,Packaged Frozen Food Merchant Wholesalers,21.78,6578282.97,2187089.71,1.75,0
Santa Barbara,Central Coast,Agricultural Distribution,424430,Dairy Product (except Dried or Canned) Merchant Wholesalers,47.4,9123052.8,3023684.01,6.0,0
Santa Barbara,Central Coast,Agricultural Distribution,424440,Poultry and Poultry Product Merchant Wholesalers,10.0,209975.2,69962.0,0.0,1
Santa Barbara,Central Coast,Agricultural Distribution,424450,Confectionery Merchant Wholesalers,38.15,9789517.96,3246808.0,2.0,0
Santa Barbara,Central Coast,Fishing,424460,Fish and Seafood Merchant Wholesalers,110.68,18561089.15,6190066.81,6.0,0
Santa Barbara,Central Coast,Agricultural Distribution,424470,Meat and Meat Product Merchant Wholesalers,54.2,14863215.1,4951664.66,1.0,0
Santa Barbara,Central Coast,Agricultural Distribution,424480,Fresh Fruit and Vegetable Merchant Wholesalers,572.62,160306135.82,53464117.82,23.5,0
Santa Barbara,Central Coast,Agricultural Distribution,424490,Other Grocery and Related Products Merchant Wholesalers,273.65,75713566.58,25195646.8,22.75,0
Santa Barbara,Central Coast,Agricultural Distribution,424510,Grain and Field Bean Merchant Wholesalers,10.0,886799.82,212667.61,0.0,1
Santa Barbara,Central Coast,Agricultural Distribution,424520,Livestock Merchant Wholesalers,10.0,384630.9,91377.68,0.0,1
Santa Barbara,Central Coast,Agricultural Distribution,424590,Other Farm Product Raw Material Merchant Wholesalers,118.81,27462026.86,6619017.13,5.75,0
Santa Barbara,Central Coast,Agricultural Distribution,424810,Beer and Ale Merchant Wholesalers,237.53,70204949.87,16873046.73,4.0,0
Santa Barbara,Central Coast,Agricultural Distribution,424820,Wine and Distilled Alcoholic Beverage Merchant Wholesalers,182.96,83050391.78,20262895.83,14.25,0
Santa Barbara,Central Coast,Agricultural Distribution,424910,Farm Supplies Merchant Wholesalers,267.07,147370001.22,35469859.88,21.25,0
Santa Barbara,Central Coast,Agricultural Distribution,424930,"Flower, Nursery Stock, and Florists' Supplies Merchant Wholesalers",177.1,40753767.57,9841579.93,10.5,0
Santa Barbara,Central Coast,Agricultural Distribution,424990,Other Miscellaneous Nondurable Goods Merchant Wholesalers,171.88,61321968.02,14859180.26,16.0,0
Santa Barbara,Central Coast,Outdoor Recreation,441222,Boat Dealers,11.64,2357613.12,718925.62,3.0,0
Santa Barbara,Central Coast,Agricultural Support,444240,"Nursery, Garden Center, and Farm Supply Retailers",244.8,38523223.97,11033699.67,24.75,0
Santa Barbara,Central Coast,Agricultural Distribution,445230,Fruit and Vegetable Markets,116.33,10496864.32,3995792.83,8.5,0
Santa Barbara,Central Coast,Agricultural Distribution,445240,Meat Retailers,105.69,12353405.44,4667412.53,12.0,0
Santa Barbara,Central Coast,Agricultural Distribution,445291,Baked Goods Stores,77.21,9069507.13,3423344.84,5.0,0
Santa Barbara,Central Coast,Agricultural Distribution,445292,Confectionery and Nut Stores,99.74,10206610.79,3863160.01,6.25,0
Santa Barbara,Central Coast,Agricultural Distribution,445298,All Other Specialty Food Retailers,260.2,29955008.34,11361420.06,23.0,0
Santa Barbara,Central Coast,Agricultural Distribution,445320,"Beer, Wine, and Liquor Retailers",450.9,46705973.17,17623644.05,84.75,0
Santa Barbara,Central Coast,Agricultural Distribution,456191,Food (Health) Supplement Retailers,183.96,16857464.43,5333210.92,16.0,0
Santa Barbara,Central Coast,Agricultural Distribution,459310,Florists,351.01,36630436.3,12266993.37,24.25,0
Santa Barbara,Central Coast,Agricultural Distribution,484230,"Specialized Freight (except Used Goods) Trucking, Long-Distance",18.25,3939452.89,1423655.58,4.0,0
Santa Barbara,Central Coast,Outdoor Recreation,487110,"Scenic and Sightseeing Transportation, Land",18.67,1901441.74,821902.56,2.0,0
Santa Barbara,Central Coast,Outdoor Recreation,487210,"Scenic and Sightseeing Transportation, Water",82.7,7350998.16,3173665.93,9.25,0
Santa Barbara,Central Coast,Outdoor Recreation,487990,"Scenic and Sightseeing Transportation, Other",10.0,49698.15,21407.73,0.0,1
Santa Barbara,Central Coast,Agricultural Distribution,493120,Refrigerated Warehousing and Storage,154.33,15841838.98,9968005.49,9.0,0
Santa Barbara,Central Coast,Agricultural Distribution,493130,Farm Product Warehousing and Storage,10.0,37308.03,23457.18,0.0,1
Santa Barbara,Central Coast,Outdoor Recreation,532284,Recreational Goods Rental,102.73,19688688.63,5164633.55,7.5,0
Santa Barbara,Central Coast,Mining,532412,"Construction, Mining, and Forestry Machinery and Equipment Rental and Leasing",114.6,88424240.27,11132723.24,11.5,0
Santa Barbara,Central Coast,Mining,541360,Geophysical Surveying and Mapping Services,11.3,1425926.09,716532.37,1.0,0
Santa Barbara,Central Coast,Agricultural Support,541620,Environmental Consulting Services,451.1,67121492.84,40973346.59,32.25,0
Santa Barbara,Central Coast,Agricultural Support,541690,Other Scientific and Technical Consulting Services,898.2,115708287.05,70640227.49,89.75,0
Santa Barbara,Central Coast,Agricultural Distribution,624210,Community Food Services,168.91,14685599.18,10742604.53,11.0,0
Santa Barbara,Central Coast,Outdoor Recreation,712130,Zoos and Botanical Gardens,389.49,63341562.74,20537364.82,5.0,0
Santa Barbara,Central Coast,Outdoor Recreation,712190,Nature Parks and Other Similar Institutions,10.0,1386904.64,448569.35,2.0,1
Santa Barbara,Central Coast,Outdoor Recreation,713930,Marinas,45.68,5288879.44,2060372.77,2.0,0
Santa Barbara,Central Coast,Outdoor Recreation,713990,All Other Amusement and Recreation Industries,422.3,42872998.0,16594061.38,33.0,0
Santa Barbara,Central Coast,Outdoor Recreation,721211,RV (Recreational Vehicle) Parks and Campgrounds,81.68,2599426.62,685367.67,2.5,0
Santa Barbara,Central Coast,Outdoor Recreation,721214,Recreational and Vacation Camps (except Campgrounds),67.29,6324738.79,1663496.87,6.25,0
Santa Clara,Bay Area,Agricultural Production,111000,Crop Production,2284.72,688009324.56,157753892.01,133.75,0
Santa Clara,Bay Area,Agricultural Production,112000,Animal Production,120.81,44106240.64,7729750.33,19.5,0
Santa Clara,Bay Area,Forestry,113310,Logging,27.63,2579130.37,1019707.7,0.0,0
Santa Clara,Bay Area,Fishing,114111,Finfish Fishing,52.91,6485301.96,2492199.5,0.75,0
Santa Clara,Bay Area,Fishing,114112,Shellfish Fishing,10.38,475378.51,180775.84,1.0,0
Santa Clara,Bay Area,Fishing,114119,Other Marine Fishing,10.0,1412.47,539.25,0.0,1
Santa Clara,Bay Area,Outdoor Recreation,114210,Hunting and Trapping,17.97,864967.38,327259.45,1.0,0
Santa Clara,Bay Area,Agricultural Processing,115111,Cotton Ginning,10.0,137563.21,118729.85,0.0,1
Santa Clara,Bay Area,Agricultural Production,115112,"Soil Preparation, Planting, and Cultivating",249.31,34158501.99,29616599.34,8.5,0
Santa Clara,Bay Area,Agricultural Production,115113,"Crop Harvesting, Primarily by Machine",87.47,6294575.78,5462008.25,2.0,0
Santa Clara,Bay Area,Agricultural Production,115114,Postharvest Crop Activities (except Cotton Ginning),621.08,40631656.29,35323955.97,7.5,0
Santa Clara,Bay Area,Agricultural Support,115115,Farm Labor Contractors and Crew Leaders,246.74,14336682.2,11446250.23,3.0,0
Santa Clara,Bay Area,Agricultural Support,115116,Farm Management Services,71.67,3423421.86,2976159.1,2.0,0
Santa Clara,Bay Area,Agricultural Support,115210,Support Activities for Animal Production,281.05,10571773.28,9154377.43,17.5,0
Santa Clara,Bay Area,Forestry,115310,Support Activities for Forestry,64.83,5839010.97,5052833.54,5.0,0
Santa Clara,Bay Area,Mining,211120,Crude Petroleum Extraction,580.05,67163497.8,6136984.57,0.0,0
Santa Clara,Bay Area,Mining,211130,Natural Gas Extraction,206.81,59559511.19,5479307.57,0.0,0
Santa Clara,Bay Area,Mining,212210,Iron Ore Mining,10.0,107200.98,19462.14,0.0,1
Santa Clara,Bay Area,Mining,212220,Gold Ore and Silver Ore Mining,80.77,1091772.28,206856.47,0.0,0
Santa Clara,Bay Area,Mining,212311,Dimension Stone Mining and Quarrying,26.69,17049164.47,3649807.48,1.0,0
Santa Clara,Bay Area,Mining,212312,Crushed and Broken Limestone Mining and Quarrying,18.01,3136978.96,672359.41,0.0,0
Santa Clara,Bay Area,Mining,212313,Crushed and Broken Granite Mining and Quarrying,10.0,410271.49,88378.21,0.0,1
Santa Clara,Bay Area,Mining,212319,Other Crushed and Broken Stone Mining and Quarrying,20.19,9226715.66,1999053.36,3.75,0
Santa Clara,Bay Area,Mining,212321,Construction Sand and Gravel Mining,33.53,17737988.58,4765531.91,1.0,0
Santa Clara,Bay Area,Mining,212322,Industrial Sand Mining,11.76,4525412.15,1184180.43,1.0,0
Santa Clara,Bay Area,Mining,212390,Other Nonmetallic Mineral Mining and Quarrying,10.0,509944.56,136977.11,0.0,1
Santa Clara,Bay Area,Mining,213111,Drilling Oil and Gas Wells,51.74,26670067.4,7408194.3,3.0,0
Santa Clara,Bay Area,Mining,213112,Support Activities for Oil and Gas Operations,39.29,10596825.35,3842703.94,5.25,0
Santa Clara,Bay Area,Mining,213114,Support Activities for Metal Mining,16.69,3671268.37,1287630.5,1.0,0
Santa Clara,Bay Area,Mining,213115,Support Activities for Nonmetallic Minerals (except Fuels) Mining,10.0,31138.78,10691.03,0.0,1
Santa Clara,Bay Area,Renewable Energy,221111,Hydroelectric Power Generation,33.21,31476817.38,4371312.5,1.0,0
Santa Clara,Bay Area,Renewable Energy,221114,Solar Electric Power Generation,60.54,57014401.14,7887048.4,13.25,0
Santa Clara,Bay Area,Renewable Energy,221115,Wind Electric Power Generation,10.0,1905250.71,255958.23,0.0,1
Santa Clara,Bay Area,Renewable Energy,221116,Geothermal Electric Power Generation,10.0,2817926.0,398833.65,1.0,1
Santa Clara,Bay Area,Renewable Energy,221117,Biomass Electric Power Generation,10.0,3640116.29,502050.58,1.0,1
Santa Clara,Bay Area,Renewable Energy,221118,Other Electric Power Generation,36.69,48353217.82,6667008.47,7.0,0
Santa Clara,Bay Area,Agricultural Support,221310,Water Supply and Irrigation Systems,478.13,203808308.51,64240583.99,12.0,0
Santa Clara,Bay Area,Agricultural Processing,311111,Dog and Cat Food Manufacturing,11.86,7848460.99,824696.45,1.0,0
Santa Clara,Bay Area,Agricultural Processing,311119,Other Animal Food Manufacturing,10.0,1839733.97,158224.22,0.0,1
Santa Clara,Bay Area,Agricultural Processing,311224,Soybean and Other Oilseed Processing,10.0,6814793.37,148142.35,1.0,1
Santa Clara,Bay Area,Agricultural Processing,311225,Fats and Oils Refining and Blending,10.0,5894511.6,349970.08,1.0,1
Santa Clara,Bay Area,Agricultural Processing,311340,Nonchocolate Confectionery Manufacturing,74.88,31385049.26,4443237.64,2.0,0
Santa Clara,Bay Area,Agricultural Processing,311411,"Frozen Fruit, Juice, and Vegetable Manufacturing",10.0,627027.81,111111.97,0.0,1
Santa Clara,Bay Area,Agricultural Processing,311412,Frozen Specialty Food Manufacturing,158.01,99106177.57,17562236.99,2.0,0
Santa Clara,Bay Area,Agricultural Processing,311421,Fruit and Vegetable Canning,20.37,8910961.24,1670804.71,1.0,0
Santa Clara,Bay Area,Agricultural Processing,311422,Specialty Canning,19.84,6347703.82,1186826.66,3.5,0
Santa Clara,Bay Area,Agricultural Processing,311423,Dried and Dehydrated Food Manufacturing,10.0,924980.72,173861.23,0.0,1
Santa Clara,Bay Area,Agricultural Processing,311511,Fluid Milk Manufacturing,34.82,28891749.96,3270723.21,2.0,0
Santa Clara,Bay Area,Agricultural Processing,311513,Cheese Manufacturing,50.93,50962558.71,3878340.73,1.0,0
Santa Clara,Bay Area,Agricultural Processing,311514,"Dry, Condensed, and Evaporated Dairy Product Manufacturing",10.0,420643.59,31765.05,0.0,1
Santa Clara,Bay Area,Agricultural Processing,311520,Ice Cream and Frozen Dessert Manufacturing,168.28,51968975.15,9927363.16,8.5,0
Santa Clara,Bay Area,Agricultural Processing,311611,Animal (except Poultry) Slaughtering,10.0,1403183.95,167006.14,2.0,1
Santa Clara,Bay Area,Agricultural Processing,311612,Meat Processed from Carcasses,182.53,114434951.47,13416969.72,6.0,0
Santa Clara,Bay Area,Fishing,311710,Seafood Product Preparation and Packaging,21.43,2572086.04,499286.12,0.0,0
Santa Clara,Bay Area,Agricultural Processing,311811,Retail Bakeries,1029.35,138379454.7,41041361.49,65.5,0
Santa Clara,Bay Area,Agricultural Processing,311812,Commercial Bakeries,421.23,64167710.36,18982240.08,18.0,0
Santa Clara,Bay Area,Agricultural Processing,311813,"Frozen Cakes, Pies, and Other Pastries Manufacturing",13.57,1891994.55,562651.84,2.0,0
Santa Clara,Bay Area,Agricultural Processing,311821,Cookie and Cracker Manufacturing,29.6,6126192.08,1163511.54,3.5,0
Santa Clara,Bay Area,Agricultural Processing,311824,"Dry Pasta, Dough, and Flour Mixes Manufacturing from Purchased Flour",51.87,16157389.9,3041265.79,2.5,0
Santa Clara,Bay Area,Agricultural Processing,311830,Tortilla Manufacturing,46.08,14836102.24,2810275.12,1.0,0
Santa Clara,Bay Area,Agricultural Processing,311911,Roasted Nuts and Peanut Butter Manufacturing,10.0,2573979.57,263243.56,0.25,1
Santa Clara,Bay Area,Agricultural Processing,311919,Other Snack Food Manufacturing,36.63,13421992.72,1372663.3,1.0,0
Santa Clara,Bay Area,Agricultural Processing,311920,Coffee and Tea Manufacturing,32.93,7101151.53,1006451.14,3.0,0
Santa Clara,Bay Area,Agricultural Processing,311930,Flavoring Syrup and Concentrate Manufacturing,10.0,1214718.75,241950.96,0.0,1
Santa Clara,Bay Area,Agricultural Processing,311941,"Mayonnaise, Dressing, and Other Prepared Sauce Manufacturing",434.9,256747023.74,44495886.22,4.0,0
Santa Clara,Bay Area,Agricultural Processing,311942,Spice and Extract Manufacturing,119.66,98091957.6,16762154.2,1.0,0
Santa Clara,Bay Area,Agricultural Processing,311991,Perishable Prepared Food Manufacturing,317.15,96018408.58,17444182.28,13.75,0
Santa Clara,Bay Area,Agricultural Processing,311999,All Other Miscellaneous Food Manufacturing,34.67,6587950.8,1195784.59,5.0,0
Santa Clara,Bay Area,Agricultural Processing,312111,Soft Drink Manufacturing,38.33,35197457.74,6488030.71,1.0,0
Santa Clara,Bay Area,Agricultural Processing,312112,Bottled Water Manufacturing,82.02,65877338.66,12100515.62,3.0,0
Santa Clara,Bay Area,Agricultural Processing,312113,Ice Manufacturing,10.0,2432289.63,446797.93,1.0,1
Santa Clara,Bay Area,Agricultural Processing,312120,Breweries,218.57,82689045.12,12669801.39,16.0,0
Santa Clara,Bay Area,Agricultural Processing,312130,Wineries,694.19,205093075.08,44884280.79,41.5,0
Santa Clara,Bay Area,Agricultural Processing,312140,Distilleries,10.41,16336090.77,1289340.25,3.5,0
Santa Clara,Bay Area,Agricultural Processing,313110,"Fiber, Yarn, and Thread Mills",44.48,15826652.32,3078633.77,1.0,0
Santa Clara,Bay Area,Agricultural Processing,316110,Leather and Hide Tanning and Finishing,10.0,240746.39,64917.51,0.0,1
Santa Clara,Bay Area,Agricultural Processing,316990,Other Leather and Allied Product Manufacturing,17.15,6394253.78,1717403.2,2.5,0
Santa Clara,Bay Area,Forestry,321113,Sawmills,11.57,4336829.01,643986.95,1.0,0
Santa Clara,Bay Area,Forestry,321114,Wood Preservation,10.0,7134.11,1055.46,0.0,1
Santa Clara,Bay Area,Forestry,321215,Engineered Wood Member Manufacturing,10.0,336353.44,58775.31,0.0,1
Santa Clara,Bay Area,Forestry,321219,Reconstituted Wood Product Manufacturing,10.0,97350.22,16531.05,1.0,1
Santa Clara,Bay Area,Forestry,321911,Wood Window and Door Manufacturing,54.72,19667693.78,4199519.15,4.0,0
Santa Clara,Bay Area,Forestry,321912,"Cut Stock, Resawing Lumber, and Planing",10.0,1640021.64,346267.98,1.25,1
Santa Clara,Bay Area,Forestry,321918,Other Millwork (including Flooring),77.04,30586378.13,6478497.39,6.25,0
Santa Clara,Bay Area,Forestry,321920,Wood Container and Pallet Manufacturing,285.7,77215649.17,19210479.88,11.0,0
Santa Clara,Bay Area,Forestry,321992,Prefabricated Wood Building Manufacturing,10.0,571342.78,142287.93,2.0,1
Santa Clara,Bay Area,Forestry,321999,All Other Miscellaneous Wood Product Manufacturing,124.22,37198081.65,9245416.3,8.0,0
Santa Clara,Bay Area,Forestry,322110,Pulp Mills,10.0,4124864.95,350077.46,1.0,1
Santa Clara,Bay Area,Forestry,322120,Paper Mills,10.0,591933.53,105692.5,0.0,1
Santa Clara,Bay Area,Forestry,322130,Paperboard Mills,18.15,30783588.12,2937523.28,1.0,0
Santa Clara,Bay Area,Forestry,322211,Corrugated and Solid Fiber Box Manufacturing,365.38,199870742.14,37327714.57,5.0,0
Santa Clara,Bay Area,Forestry,322212,Folding Paperboard Box Manufacturing,10.0,667687.95,125290.26,0.0,1
Santa Clara,Bay Area,Forestry,322219,Other Paperboard Container Manufacturing,48.05,20702412.75,3830186.6,1.5,0
Santa Clara,Bay Area,Forestry,322220,Paper Bag and Coated and Treated Paper Manufacturing,10.0,275513.15,59806.72,0.0,1
Santa Clara,Bay Area,Forestry,322230,Stationery Product Manufacturing,10.0,215389.4,47937.16,0.0,1
Santa Clara,Bay Area,Forestry,322299,All Other Converted Paper Product Manufacturing,36.53,19874142.6,5213683.52,1.25,0
Santa Clara,Bay Area,Agricultural Support,325311,Nitrogenous Fertilizer Manufacturing,10.0,12636242.56,1755378.18,1.0,1
Santa Clara,Bay Area,Agricultural Support,325314,Fertilizer (Mixing Only) Manufacturing,35.92,34351905.35,4768760.37,1.0,0
Santa Clara,Bay Area,Agricultural Support,325315,Compost Manufacturing,10.0,1301072.1,183235.79,0.0,1
Santa Clara,Bay Area,Agricultural Support,325320,Pesticide and Other Agricultural Chemical Manufacturing,10.0,11371080.56,1146408.1,1.0,1
Santa Clara,Bay Area,Mining,327120,Clay Building Material and Refractories Manufacturing,10.0,340484.18,117510.45,0.0,1
Santa Clara,Bay Area,Mining,327310,Cement Manufacturing,19.54,23051130.69,3731548.72,1.25,0
Santa Clara,Bay Area,Mining,327320,Ready-Mix Concrete Manufacturing,379.27,235469711.42,53100302.16,10.0,0
Santa Clara,Bay Area,Mining,327331,Concrete Block and Brick Manufacturing,27.72,11368982.53,3399006.91,1.75,0
Santa Clara,Bay Area,Mining,327390,Other Concrete Product Manufacturing,12.21,2199424.27,633732.86,2.0,0
Santa Clara,Bay Area,Mining,327991,Cut Stone and Stone Product Manufacturing,146.39,32822863.48,12587957.47,7.0,0
Santa Clara,Bay Area,Mining,331410,Nonferrous Metal (except Aluminum) Smelting and Refining,10.0,2316987.05,167021.36,1.0,1
Santa Clara,Bay Area,Agricultural Support,333111,Farm Machinery and Equipment Manufacturing,10.0,2318872.83,472339.17,1.0,1
Santa Clara,Bay Area,Mining,333131,Mining Machinery and Equipment Manufacturing,10.0,1260864.12,483408.76,1.0,1
Santa Clara,Bay Area,Mining,333132,Oil and Gas Field Machinery and Equipment Manufacturing,10.0,123526.24,47166.77,0.0,1
Santa Clara,Bay Area,Agricultural Processing,333241,Food Product Machinery Manufacturing,50.01,10734489.85,2909472.46,4.0,0
Santa Clara,Bay Area,Forestry,333243,"Sawmill, Woodworking, and Paper Machinery Manufacturing",10.0,1459157.07,392759.45,1.0,1
Santa Clara,Bay Area,Agricultural Processing,333993,Packaging Machinery Manufacturing,20.05,5393955.85,1469191.37,1.25,0
Santa Clara,Bay Area,Forestry,337110,Wood Kitchen Cabinet and Countertop Manufacturing,500.29,92996318.84,41973660.47,43.5,0
Santa Clara,Bay Area,Forestry,337211,Wood Office Furniture Manufacturing,47.27,21884597.9,5488882.86,5.0,0
Santa Clara,Bay Area,Forestry,423310,"Lumber, Plywood, Millwork, and Wood Panel Merchant Wholesalers",322.83,101018404.65,30796769.95,20.0,0
Santa Clara,Bay Area,Mining,423320,"Brick, Stone, and Related Construction Material Merchant Wholesalers",252.23,79049971.77,24140276.61,18.0,0
Santa Clara,Bay Area,Agricultural Support,423820,Farm and Garden Machinery and Equipment Merchant Wholesalers,62.54,21681951.19,7436517.47,8.0,0
Santa Clara,Bay Area,Agricultural Distribution,424410,General Line Grocery Merchant Wholesalers,916.38,234811342.44,78173869.47,40.5,0
Santa Clara,Bay Area,Agricultural Distribution,424420,Packaged Frozen Food Merchant Wholesalers,42.73,5728777.55,1904653.62,7.0,0
Santa Clara,Bay Area,Agricultural Distribution,424430,Dairy Product (except Dried or Canned) Merchant Wholesalers,29.68,11334418.5,3756604.36,5.0,0
Santa Clara,Bay Area,Agricultural Distribution,424440,Poultry and Poultry Product Merchant Wholesalers,10.0,264699.02,88195.53,1.0,1
Santa Clara,Bay Area,Agricultural Distribution,424450,Confectionery Merchant Wholesalers,203.17,59162284.32,19621862.8,5.75,0
Santa Clara,Bay Area,Fishing,424460,Fish and Seafood Merchant Wholesalers,392.43,78532145.03,26190231.66,13.0,0
Santa Clara,Bay Area,Agricultural Distribution,424470,Meat and Meat Product Merchant Wholesalers,158.31,43953997.25,14643228.49,9.25,0
Santa Clara,Bay Area,Agricultural Distribution,424480,Fresh Fruit and Vegetable Merchant Wholesalers,306.19,61089539.54,20374131.8,32.0,0
Santa Clara,Bay Area,Agricultural Distribution,424490,Other Grocery and Related Products Merchant Wholesalers,902.09,228424087.9,76014020.98,61.25,0
Santa Clara,Bay Area,Agricultural Distribution,424510,Grain and Field Bean Merchant Wholesalers,22.64,5083758.64,1219159.92,1.0,0
Santa Clara,Bay Area,Agricultural Distribution,424520,Livestock Merchant Wholesalers,10.0,899361.59,213663.48,0.0,1
Santa Clara,Bay Area,Agricultural Distribution,424590,Other Farm Product Raw Material Merchant Wholesalers,51.1,19651026.48,4736375.85,3.5,0
Santa Clara,Bay Area,Agricultural Distribution,424810,Beer and Ale Merchant Wholesalers,168.97,61446904.63,14768139.5,2.0,0
Santa Clara,Bay Area,Agricultural Distribution,424820,Wine and Distilled Alcoholic Beverage Merchant Wholesalers,269.97,132005653.52,32207154.59,13.5,0
Santa Clara,Bay Area,Agricultural Distribution,424910,Farm Supplies Merchant Wholesalers,210.14,127348933.64,30651074.13,8.5,0
Santa Clara,Bay Area,Agricultural Distribution,424930,"Flower, Nursery Stock, and Florists' Supplies Merchant Wholesalers",633.41,154836860.0,37391373.22,14.0,0
Santa Clara,Bay Area,Agricultural Distribution,424990,Other Miscellaneous Nondurable Goods Merchant Wholesalers,622.84,179301494.76,43447288.41,59.0,0
Santa Clara,Bay Area,Outdoor Recreation,441222,Boat Dealers,45.02,9006512.45,2746427.08,4.0,0
Santa Clara,Bay Area,Agricultural Support,444240,"Nursery, Garden Center, and Farm Supply Retailers",563.62,81554323.04,23358530.63,37.5,0
Santa Clara,Bay Area,Agricultural Distribution,445230,Fruit and Vegetable Markets,220.36,23994269.15,9133787.56,15.75,0
Santa Clara,Bay Area,Agricultural Distribution,445240,Meat Retailers,232.5,27904675.1,10543054.77,21.25,0
Santa Clara,Bay Area,Agricultural Distribution,445291,Baked Goods Stores,223.57,21418739.04,8084643.28,8.75,0
Santa Clara,Bay Area,Agricultural Distribution,445292,Confectionery and Nut Stores,313.68,31592313.27,11957560.02,25.25,0
Santa Clara,Bay Area,Agricultural Distribution,445298,All Other Specialty Food Retailers,993.9,113653620.08,43106865.63,53.5,0
Santa Clara,Bay Area,Agricultural Distribution,445320,"Beer, Wine, and Liquor Retailers",891.21,111973985.07,42251333.66,160.25,0
Santa Clara,Bay Area,Agricultural Distribution,456191,Food (Health) Supplement Retailers,696.4,69633901.9,22030139.07,41.0,0
Santa Clara,Bay Area,Agricultural Distribution,459310,Florists,842.44,73524063.48,24622125.48,46.25,0
Santa Clara,Bay Area,Agricultural Distribution,484230,"Specialized Freight (except Used Goods) Trucking, Long-Distance",52.8,13421376.78,4850271.98,14.5,0
Santa Clara,Bay Area,Outdoor Recreation,487110,"Scenic and Sightseeing Transportation, Land",23.12,1533043.42,662661.54,1.0,0
Santa Clara,Bay Area,Outdoor Recreation,487210,"Scenic and Sightseeing Transportation, Water",22.05,1057418.71,456522.18,0.0,0
Santa Clara,Bay Area,Outdoor Recreation,487990,"Scenic and Sightseeing Transportation, Other",10.0,44862.12,19324.59,0.0,1
Santa Clara,Bay Area,Agricultural Distribution,493120,Refrigerated Warehousing and Storage,49.89,5044632.33,3174184.69,5.75,0
Santa Clara,Bay Area,Agricultural Distribution,493130,Farm Product Warehousing and Storage,10.0,213806.72,134429.56,0.0,1
Santa Clara,Bay Area,Outdoor Recreation,532284,Recreational Goods Rental,15.13,2082294.77,546216.64,3.0,0
Santa Clara,Bay Area,Mining,532412,"Construction, Mining, and Forestry Machinery and Equipment Rental and Leasing",352.84,309962427.48,39024660.09,17.5,0
Santa Clara,Bay Area,Mining,541360,Geophysical Surveying and Mapping Services,45.01,14702060.1,7387831.65,8.5,0
Santa Clara,Bay Area,Agricultural Support,541620,Environmental Consulting Services,722.07,93105317.55,56834797.38,41.25,0
Santa Clara,Bay Area,Agricultural Support,541690,Other Scientific and Technical Consulting Services,6055.88,1276728493.56,779446256.85,482.0,0
Santa Clara,Bay Area,Agricultural Distribution,624210,Community Food Services,455.13,63395459.07,46374161.34,17.0,0
Santa Clara,Bay Area,Outdoor Recreation,712130,Zoos and Botanical Gardens,54.73,8232126.53,2669119.27,2.0,0
Santa Clara,Bay Area,Outdoor Recreation,712190,Nature Parks and Other Similar Institutions,40.05,7275863.05,2353246.97,1.0,0
Santa Clara,Bay Area,Outdoor Recreation,713920,Skiing Facilities,10.0,2260.12,860.48,0.0,1
Santa Clara,Bay Area,Outdoor Recreation,713930,Marinas,32.31,3604669.69,1404260.27,1.5,0
Santa Clara,Bay Area,Outdoor Recreation,713990,All Other Amusement and Recreation Industries,1837.93,163919133.99,63445158.92,88.5,0
Santa Clara,Bay Area,Outdoor Recreation,721211,RV (Recreational Vehicle) Parks and Campgrounds,47.27,15974266.64,4211792.65,7.5,0
Santa Clara,Bay Area,Outdoor Recreation,721214,Recreational and Vacation Camps (except Campgrounds),173.81,29437962.63,7742605.73,10.5,0
Santa Cruz,Central Coast,Agricultural Production,111000,Crop Production,7298.68,1840270840.4,421956326.86,208.0,0
Santa Cruz,Central Coast,Agricultural Production,112000,Animal Production,122.8,43995182.7,7710287.1,11.5,0
Santa Cruz,Central Coast,Forestry,113110,Timber Tract Operations,10.0,161933.23,66271.04,0.0,1
Santa Cruz,Central Coast,Forestry,113210,Forest Nurseries and Gathering of Forest Products,10.0,126327.92,52031.93,0.0,1
Santa Cruz,Central Coast,Forestry,113310,Logging,54.25,6552529.98,2590665.97,4.0,0
Santa Cruz,Central Coast,Fishing,114111,Finfish Fishing,30.28,2440375.46,937797.89,6.0,0
Santa Cruz,Central Coast,Fishing,114112,Shellfish Fishing,61.24,2411557.56,917061.55,1.0,0
Santa Cruz,Central Coast,Fishing,114119,Other Marine Fishing,10.0,831900.16,317603.86,1.0,1
Santa Cruz,Central Coast,Outdoor Recreation,114210,Hunting and Trapping,10.0,303715.88,114910.57,0.0,1
Santa Cruz,Central Coast,Agricultural Processing,115111,Cotton Ginning,10.0,38825.15,33509.72,0.0,1
Santa Cruz,Central Coast,Agricultural Production,115112,"Soil Preparation, Planting, and Cultivating",76.71,4445675.67,3854554.14,8.0,0
Santa Cruz,Central Coast,Agricultural Production,115113,"Crop Harvesting, Primarily by Machine",10.0,152109.67,131990.51,0.0,1
Santa Cruz,Central Coast,Agricultural Production,115114,Postharvest Crop Activities (except Cotton Ginning),75.19,5605275.19,4873059.88,4.0,0
Santa Cruz,Central Coast,Agricultural Support,115115,Farm Labor Contractors and Crew Leaders,530.61,41561618.74,33182341.73,12.75,0
Santa Cruz,Central Coast,Agricultural Support,115116,Farm Management Services,29.14,1098446.74,954937.02,2.0,0
Santa Cruz,Central Coast,Agricultural Support,115210,Support Activities for Animal Production,87.47,2569275.0,2224803.02,9.0,0
Santa Cruz,Central Coast,Forestry,115310,Support Activities for Forestry,33.53,1948899.2,1686495.07,4.0,0
Santa Cruz,Central Coast,Mining,211130,Natural Gas Extraction,10.0,20833.61,1916.63,0.0,1
Santa Cruz,Central Coast,Mining,212114,Surface Coal Mining,10.0,5251.07,715.78,0.0,1
Santa Cruz,Central Coast,Mining,212115,Underground Coal Mining,10.0,25478.76,3438.69,0.0,1
Santa Cruz,Central Coast,Mining,212220,Gold Ore and Silver Ore Mining,10.0,14125.82,2676.4,0.0,1
Santa Cruz,Central Coast,Mining,212313,Crushed and Broken Granite Mining and Quarrying,10.0,4099851.42,883165.23,1.0,1
Santa Cruz,Central Coast,Mining,212321,Construction Sand and Gravel Mining,10.0,2124308.2,570721.9,1.0,1
Santa Cruz,Central Coast,Mining,213112,Support Activities for Oil and Gas Operations,10.0,2346697.4,850977.82,0.5,1
Santa Cruz,Central Coast,Mining,213115,Support Activities for Nonmetallic Minerals (except Fuels) Mining,10.0,1485670.81,510082.81,1.0,1
Santa Cruz,Central Coast,Renewable Energy,221111,Hydroelectric Power Generation,10.0,518367.05,71987.72,0.0,1
Santa Cruz,Central Coast,Renewable Energy,221114,Solar Electric Power Generation,28.78,58002767.7,8023773.42,2.0,0
Santa Cruz,Central Coast,Renewable Energy,221115,Wind Electric Power Generation,10.0,220665.68,29645.02,0.0,1
Santa Cruz,Central Coast,Renewable Energy,221117,Biomass Electric Power Generation,10.0,6261177.06,863551.42,1.0,1
Santa Cruz,Central Coast,Renewable Energy,221118,Other Electric Power Generation,10.0,2091865.4,288429.29,0.5,1
Santa Cruz,Central Coast,Agricultural Support,221310,Water Supply and Irrigation Systems,70.4,10370676.62,3268847.71,8.0,0
Santa Cruz,Central Coast,Agricultural Processing,311111,Dog and Cat Food Manufacturing,10.0,1513417.08,159026.04,1.0,1
Santa Cruz,Central Coast,Agricultural Processing,311411,"Frozen Fruit, Juice, and Vegetable Manufacturing",291.12,131641354.82,23327403.32,2.25,0
Santa Cruz,Central Coast,Agricultural Processing,311412,Frozen Specialty Food Manufacturing,10.0,276471.66,48992.51,0.0,1
Santa Cruz,Central Coast,Agricultural Processing,311421,Fruit and Vegetable Canning,333.86,138859581.5,26036163.37,2.0,0
Santa Cruz,Central Coast,Agricultural Processing,311422,Specialty Canning,10.0,273633.9,51161.18,0.0,1
Santa Cruz,Central Coast,Agricultural Processing,311423,Dried and Dehydrated Food Manufacturing,10.0,561010.03,105448.57,0.0,1
Santa Cruz,Central Coast,Agricultural Processing,311512,Creamery Butter Manufacturing,10.0,2115379.77,234995.63,1.0,1
Santa Cruz,Central Coast,Fishing,311710,Seafood Product Preparation and Packaging,20.58,7076644.37,1373698.33,2.0,0
Santa Cruz,Central Coast,Agricultural Processing,311811,Retail Bakeries,164.13,15847900.18,4700259.89,16.0,0
Santa Cruz,Central Coast,Agricultural Processing,311812,Commercial Bakeries,355.64,66062759.96,19542838.02,8.0,0
Santa Cruz,Central Coast,Agricultural Processing,311821,Cookie and Cracker Manufacturing,10.0,237097.05,45030.44,1.0,1
Santa Cruz,Central Coast,Agricultural Processing,311824,"Dry Pasta, Dough, and Flour Mixes Manufacturing from Purchased Flour",10.0,3464496.77,652113.71,1.0,1
Santa Cruz,Central Coast,Agricultural Processing,311830,Tortilla Manufacturing,18.53,10254226.33,1942369.81,1.0,0
Santa Cruz,Central Coast,Agricultural Processing,311911,Roasted Nuts and Peanut Butter Manufacturing,10.0,996065.92,101868.7,0.0,1
Santa Cruz,Central Coast,Agricultural Processing,311919,Other Snack Food Manufacturing,13.77,3510275.16,358994.82,0.0,0
Santa Cruz,Central Coast,Agricultural Processing,311920,Coffee and Tea Manufacturing,32.24,12533864.85,1776433.38,3.0,0
Santa Cruz,Central Coast,Agricultural Processing,311930,Flavoring Syrup and Concentrate Manufacturing,10.0,685274.42,136494.81,0.0,1
Santa Cruz,Central Coast,Agricultural Processing,311941,"Mayonnaise, Dressing, and Other Prepared Sauce Manufacturing",10.0,1751965.49,303626.72,2.5,1
Santa Cruz,Central Coast,Agricultural Processing,311942,Spice and Extract Manufacturing,43.41,13104611.06,2239342.72,2.0,0
Santa Cruz,Central Coast,Agricultural Processing,311991,Perishable Prepared Food Manufacturing,60.87,9956405.86,1808833.96,5.0,0
Santa Cruz,Central Coast,Agricultural Processing,311999,All Other Miscellaneous Food Manufacturing,10.0,1949455.48,353847.33,2.5,1
Santa Cruz,Central Coast,Agricultural Processing,312111,Soft Drink Manufacturing,105.92,36459968.58,6720752.33,2.0,0
Santa Cruz,Central Coast,Agricultural Processing,312112,Bottled Water Manufacturing,10.0,127350.36,23392.03,0.0,1
Santa Cruz,Central Coast,Agricultural Processing,312113,Ice Manufacturing,13.25,3656903.29,671752.58,1.0,0
Santa Cruz,Central Coast,Agricultural Processing,312120,Breweries,219.46,73648582.66,11284601.41,14.25,0
Santa Cruz,Central Coast,Agricultural Processing,312130,Wineries,242.41,49370279.18,10804604.07,28.5,0
Santa Cruz,Central Coast,Agricultural Processing,312140,Distilleries,13.77,9049950.84,714275.29,1.0,0
Santa Cruz,Central Coast,Agricultural Processing,316990,Other Leather and Allied Product Manufacturing,10.0,842502.19,226283.79,1.0,1
Santa Cruz,Central Coast,Forestry,321113,Sawmills,104.09,69255729.95,10283962.28,2.0,0
Santa Cruz,Central Coast,Forestry,321114,Wood Preservation,25.02,17909664.77,2649644.35,1.0,0
Santa Cruz,Central Coast,Forestry,321219,Reconstituted Wood Product Manufacturing,10.0,225914.1,38362.5,0.0,1
Santa Cruz,Central Coast,Forestry,321911,Wood Window and Door Manufacturing,10.86,2379552.78,508090.96,1.0,0
Santa Cruz,Central Coast,Forestry,321912,"Cut Stock, Resawing Lumber, and Planing",10.0,92245.59,19476.39,0.0,1
Santa Cruz,Central Coast,Forestry,321918,Other Millwork (including Flooring),10.0,630314.22,133506.79,1.0,1
Santa Cruz,Central Coast,Forestry,321920,Wood Container and Pallet Manufacturing,10.0,1270687.42,316134.3,1.0,1
Santa Cruz,Central Coast,Forestry,321992,Prefabricated Wood Building Manufacturing,10.0,89695.91,22337.98,0.0,1
Santa Cruz,Central Coast,Forestry,321999,All Other Miscellaneous Wood Product Manufacturing,17.05,2869523.3,713207.14,2.0,0
Santa Cruz,Central Coast,Forestry,322211,Corrugated and Solid Fiber Box Manufacturing,10.0,131883.62,24630.49,1.0,1
Santa Cruz,Central Coast,Agricultural Support,325314,Fertilizer (Mixing Only) Manufacturing,21.39,16568175.73,2300008.08,1.0,0
Santa Cruz,Central Coast,Mining,327320,Ready-Mix Concrete Manufacturing,95.84,51688024.4,11656062.67,2.0,0
Santa Cruz,Central Coast,Mining,327331,Concrete Block and Brick Manufacturing,10.0,68330.47,20428.89,0.0,1
Santa Cruz,Central Coast,Mining,327390,Other Concrete Product Manufacturing,10.0,352019.98,101429.56,0.0,1
Santa Cruz,Central Coast,Mining,327991,Cut Stone and Stone Product Manufacturing,10.0,96603.67,37048.65,1.0,1
Santa Cruz,Central Coast,Agricultural Support,333111,Farm Machinery and Equipment Manufacturing,10.0,504143.57,102690.74,1.0,1
Santa Cruz,Central Coast,Agricultural Processing,333241,Food Product Machinery Manufacturing,48.12,14624455.02,3963807.29,1.0,0
Santa Cruz,Central Coast,Agricultural Processing,333993,Packaging Machinery Manufacturing,10.0,110501.08,30097.99,0.0,1
Santa Cruz,Central Coast,Forestry,337110,Wood Kitchen Cabinet and Countertop Manufacturing,106.1,17227305.11,7775501.92,14.5,0
Santa Cruz,Central Coast,Forestry,337211,Wood Office Furniture Manufacturing,11.8,2793140.73,700548.5,0.5,0
Santa Cruz,Central Coast,Forestry,423310,"Lumber, Plywood, Millwork, and Wood Panel Merchant Wholesalers",42.42,12151334.76,3704491.89,5.0,0
Santa Cruz,Central Coast,Mining,423320,"Brick, Stone, and Related Construction Material Merchant Wholesalers",23.38,6220618.18,1899652.08,1.5,0
Santa Cruz,Central Coast,Agricultural Support,423820,Farm and Garden Machinery and Equipment Merchant Wholesalers,42.69,10987258.51,3768431.13,5.0,0
Santa Cruz,Central Coast,Agricultural Distribution,424410,General Line Grocery Merchant Wholesalers,49.41,13098788.97,4360875.45,7.0,0
Santa Cruz,Central Coast,Agricultural Distribution,424420,Packaged Frozen Food Merchant Wholesalers,131.76,73352148.99,24387477.87,3.0,0
Santa Cruz,Central Coast,Agricultural Distribution,424430,Dairy Product (except Dried or Canned) Merchant Wholesalers,10.0,94269.92,31244.2,0.0,1
Santa Cruz,Central Coast,Agricultural Distribution,424450,Confectionery Merchant Wholesalers,181.16,61926198.5,20538547.23,4.75,0
Santa Cruz,Central Coast,Fishing,424460,Fish and Seafood Merchant Wholesalers,10.0,2699417.44,900247.51,3.0,1
Santa Cruz,Central Coast,Agricultural Distribution,424470,Meat and Meat Product Merchant Wholesalers,10.0,104236.44,34726.26,0.0,1
Santa Cruz,Central Coast,Agricultural Distribution,424480,Fresh Fruit and Vegetable Merchant Wholesalers,487.1,151165690.5,50415664.04,21.0,0
Santa Cruz,Central Coast,Agricultural Distribution,424490,Other Grocery and Related Products Merchant Wholesalers,205.4,49560530.95,16492548.03,15.25,0
Santa Cruz,Central Coast,Agricultural Distribution,424510,Grain and Field Bean Merchant Wholesalers,10.0,704006.09,168830.99,0.0,1
Santa Cruz,Central Coast,Agricultural Distribution,424520,Livestock Merchant Wholesalers,13.53,2342262.75,556456.96,0.0,0
Santa Cruz,Central Coast,Agricultural Distribution,424590,Other Farm Product Raw Material Merchant Wholesalers,86.71,19655624.77,4737484.15,6.0,0
Santa Cruz,Central Coast,Agricultural Distribution,424810,Beer and Ale Merchant Wholesalers,114.78,38356680.15,9218638.54,3.0,0
Santa Cruz,Central Coast,Agricultural Distribution,424820,Wine and Distilled Alcoholic Beverage Merchant Wholesalers,56.6,16341761.84,3987114.46,5.75,0
Santa Cruz,Central Coast,Agricultural Distribution,424910,Farm Supplies Merchant Wholesalers,76.4,31252497.93,7522031.03,7.25,0
Santa Cruz,Central Coast,Agricultural Distribution,424930,"Flower, Nursery Stock, and Florists' Supplies Merchant Wholesalers",213.72,49887336.61,12047234.89,13.5,0
Santa Cruz,Central Coast,Agricultural Distribution,424990,Other Miscellaneous Nondurable Goods Merchant Wholesalers,123.98,25609544.59,6205554.9,10.25,0
Santa Cruz,Central Coast,Outdoor Recreation,441222,Boat Dealers,12.58,1903561.95,580468.2,3.0,0
Santa Cruz,Central Coast,Agricultural Support,444240,"Nursery, Garden Center, and Farm Supply Retailers",238.59,31349713.14,8979085.44,22.25,0
Santa Cruz,Central Coast,Agricultural Distribution,445230,Fruit and Vegetable Markets,60.6,6766661.25,2575833.67,8.0,0
Santa Cruz,Central Coast,Agricultural Distribution,445240,Meat Retailers,56.81,10350212.83,3910558.37,7.0,0
Santa Cruz,Central Coast,Agricultural Distribution,445291,Baked Goods Stores,10.0,955192.88,360543.81,1.0,1
Santa Cruz,Central Coast,Agricultural Distribution,445292,Confectionery and Nut Stores,28.13,2906887.73,1100244.99,3.0,0
Santa Cruz,Central Coast,Agricultural Distribution,445298,All Other Specialty Food Retailers,90.95,9427248.81,3575593.52,5.0,0
Santa Cruz,Central Coast,Agricultural Distribution,445320,"Beer, Wine, and Liquor Retailers",197.5,20295337.27,7658074.03,30.0,0
Santa Cruz,Central Coast,Agricultural Distribution,456191,Food (Health) Supplement Retailers,78.1,9883023.57,3126700.9,12.5,0
Santa Cruz,Central Coast,Agricultural Distribution,459310,Florists,158.8,10776885.54,3609020.17,18.5,0
Santa Cruz,Central Coast,Agricultural Distribution,484230,"Specialized Freight (except Used Goods) Trucking, Long-Distance",29.59,7498883.32,2709977.1,3.0,0
Santa Cruz,Central Coast,Outdoor Recreation,487110,"Scenic and Sightseeing Transportation, Land",60.62,8210215.58,3548884.54,1.0,0
Santa Cruz,Central Coast,Outdoor Recreation,487210,"Scenic and Sightseeing Transportation, Water",46.66,4521938.4,1952268.46,6.0,0
Santa Cruz,Central Coast,Outdoor Recreation,487990,"Scenic and Sightseeing Transportation, Other",24.01,2636647.56,1135749.47,1.25,0
Santa Cruz,Central Coast,Agricultural Distribution,493120,Refrigerated Warehousing and Storage,80.35,9474446.36,5961513.28,9.0,0
Santa Cruz,Central Coast,Outdoor Recreation,532284,Recreational Goods Rental,51.17,5265655.18,1381259.05,5.0,0
Santa Cruz,Central Coast,Mining,532412,"Construction, Mining, and Forestry Machinery and Equipment Rental and Leasing",42.26,31233073.75,3932283.33,5.5,0
Santa Cruz,Central Coast,Mining,541360,Geophysical Surveying and Mapping Services,12.51,1005741.97,505388.52,0.0,0
Santa Cruz,Central Coast,Agricultural Support,541620,Environmental Consulting Services,388.71,60322036.17,36822716.4,18.75,0
Santa Cruz,Central Coast,Agricultural Support,541690,Other Scientific and Technical Consulting Services,506.86,42531471.41,25965580.27,50.25,0
Santa Cruz,Central Coast,Agricultural Distribution,624210,Community Food Services,132.2,9955993.18,7282869.17,8.75,0
Santa Cruz,Central Coast,Outdoor Recreation,712130,Zoos and Botanical Gardens,10.0,443460.11,143783.98,1.0,1
Santa Cruz,Central Coast,Outdoor Recreation,712190,Nature Parks and Other Similar Institutions,106.7,13717174.67,4436573.31,1.0,0
Santa Cruz,Central Coast,Outdoor Recreation,713930,Marinas,22.4,3038389.08,1183656.05,1.5,0
Santa Cruz,Central Coast,Outdoor Recreation,713990,All Other Amusement and Recreation Industries,206.58,21278920.45,8236039.67,16.75,0
Santa Cruz,Central Coast,Outdoor Recreation,721211,RV (Recreational Vehicle) Parks and Campgrounds,33.7,3582714.0,944622.3,6.75,0
Santa Cruz,Central Coast,Outdoor Recreation,721214,Recreational and Vacation Camps (except Campgrounds),100.26,14846335.86,3904798.94,5.0,0
Shasta,North State,Agricultural Production,111000,Crop Production,966.98,205115007.44,47030889.82,25.5,0
Shasta,North State,Agricultural Production,112000,Animal Production,651.39,167143625.54,29292419.31,25.25,0
Shasta,North State,Forestry,113110,Timber Tract Operations,20.3,5083944.16,2080599.92,2.0,0
Shasta,North State,Forestry,113210,Forest Nurseries and Gathering of Forest Products,38.27,9298948.58,3830050.19,1.0,0
Shasta,North State,Forestry,113310,Logging,279.92,59224447.49,23415499.28,27.0,0
Shasta,North State,Fishing,114111,Finfish Fishing,55.73,2656106.22,1020699.82,2.0,0
Shasta,North State,Fishing,114112,Shellfish Fishing,25.73,1094713.34,416295.07,0.0,0
Shasta,North State,Fishing,114119,Other Marine Fishing,10.0,95756.75,36558.13,0.0,1
Shasta,North State,Outdoor Recreation,114210,Hunting and Trapping,13.45,724603.98,274153.11,0.0,0
Shasta,North State,Agricultural Processing,115111,Cotton Ginning,10.0,53509.39,46183.58,0.0,1
Shasta,North State,Agricultural Production,115112,"Soil Preparation, Planting, and Cultivating",33.52,1466917.22,1271867.82,1.0,0
Shasta,North State,Agricultural Production,115113,"Crop Harvesting, Primarily by Machine",10.0,211798.86,183784.76,0.0,1
Shasta,North State,Agricultural Production,115114,Postharvest Crop Activities (except Cotton Ginning),16.33,683660.34,594354.01,1.0,0
Shasta,North State,Agricultural Support,115115,Farm Labor Contractors and Crew Leaders,21.19,1812496.63,1447077.48,0.0,0
Shasta,North State,Agricultural Support,115116,Farm Management Services,28.36,1233228.23,1072109.59,2.0,0
Shasta,North State,Agricultural Support,115210,Support Activities for Animal Production,118.16,3907540.52,3383642.44,2.0,0
Shasta,North State,Forestry,115310,Support Activities for Forestry,301.86,38109936.12,32978729.53,12.0,0
Shasta,North State,Mining,211120,Crude Petroleum Extraction,10.0,366332.93,33473.23,0.0,1
Shasta,North State,Mining,212220,Gold Ore and Silver Ore Mining,10.0,2777917.25,526327.86,1.0,1
Shasta,North State,Mining,212311,Dimension Stone Mining and Quarrying,10.0,501765.29,107415.63,0.0,1
Shasta,North State,Mining,212312,Crushed and Broken Limestone Mining and Quarrying,10.0,404574.34,86713.8,0.0,1
Shasta,North State,Mining,212313,Crushed and Broken Granite Mining and Quarrying,10.0,3560739.25,767032.95,0.0,1
Shasta,North State,Mining,212319,Other Crushed and Broken Stone Mining and Quarrying,10.0,485731.78,105238.29,0.0,1
Shasta,North State,Mining,212321,Construction Sand and Gravel Mining,100.56,47280933.64,12702612.65,2.0,0
Shasta,North State,Mining,212390,Other Nonmetallic Mineral Mining and Quarrying,10.0,868957.13,233412.12,0.0,1
Shasta,North State,Mining,213112,Support Activities for Oil and Gas Operations,13.98,6543692.04,2372924.94,1.0,0
Shasta,North State,Renewable Energy,221111,Hydroelectric Power Generation,355.84,624816099.5,86770730.19,2.0,0
Shasta,North State,Renewable Energy,221114,Solar Electric Power Generation,11.36,12381530.42,1712790.59,1.0,0
Shasta,North State,Renewable Energy,221115,Wind Electric Power Generation,10.0,3749297.38,503694.09,1.0,1
Shasta,North State,Renewable Energy,221117,Biomass Electric Power Generation,10.0,761114.62,104974.13,1.0,1
Shasta,North State,Renewable Energy,221118,Other Electric Power Generation,10.0,591840.26,81603.75,0.0,1
Shasta,North State,Agricultural Support,221310,Water Supply and Irrigation Systems,149.22,51801204.87,16327791.92,9.75,0
Shasta,North State,Agricultural Processing,311211,Flour Milling,19.81,11486349.13,1235406.49,1.0,0
Shasta,North State,Agricultural Processing,311212,Rice Milling,10.0,1744478.89,184816.74,1.0,1
Shasta,North State,Agricultural Processing,311340,Nonchocolate Confectionery Manufacturing,35.96,16622840.84,2353325.35,1.0,0
Shasta,North State,Agricultural Processing,311411,"Frozen Fruit, Juice, and Vegetable Manufacturing",10.0,82159.8,14559.06,0.0,1
Shasta,North State,Agricultural Processing,311412,Frozen Specialty Food Manufacturing,10.0,144631.5,25629.61,0.0,1
Shasta,North State,Agricultural Processing,311421,Fruit and Vegetable Canning,10.0,651132.75,122087.35,0.0,1
Shasta,North State,Agricultural Processing,311422,Specialty Canning,10.0,127227.35,23787.63,0.0,1
Shasta,North State,Agricultural Processing,311423,Dried and Dehydrated Food Manufacturing,10.0,245169.42,46082.54,0.0,1
Shasta,North State,Agricultural Processing,311511,Fluid Milk Manufacturing,10.31,6458040.5,731089.77,1.0,0
Shasta,North State,Agricultural Processing,311612,Meat Processed from Carcasses,10.7,4075120.27,477789.04,2.0,0
Shasta,North State,Fishing,311710,Seafood Product Preparation and Packaging,10.0,2173181.79,421851.94,0.0,1
Shasta,North State,Agricultural Processing,311811,Retail Bakeries,87.35,8844881.59,2623265.02,1.5,0
Shasta,North State,Agricultural Processing,311812,Commercial Bakeries,76.7,13432988.16,3973777.54,1.5,0
Shasta,North State,Agricultural Processing,311911,Roasted Nuts and Peanut Butter Manufacturing,10.0,330101.79,33759.85,0.0,1
Shasta,North State,Agricultural Processing,311919,Other Snack Food Manufacturing,10.0,127239.0,13012.7,0.0,1
Shasta,North State,Agricultural Processing,311920,Coffee and Tea Manufacturing,18.84,7057106.6,1000208.62,1.0,0
Shasta,North State,Agricultural Processing,311930,Flavoring Syrup and Concentrate Manufacturing,10.0,224575.35,44731.52,0.0,1
Shasta,North State,Agricultural Processing,311941,"Mayonnaise, Dressing, and Other Prepared Sauce Manufacturing",10.0,217330.47,37664.75,0.0,1
Shasta,North State,Agricultural Processing,311942,Spice and Extract Manufacturing,10.0,312088.52,53330.32,0.0,1
Shasta,North State,Agricultural Processing,311991,Perishable Prepared Food Manufacturing,10.0,475454.61,86378.4,0.0,1
Shasta,North State,Agricultural Processing,311999,All Other Miscellaneous Food Manufacturing,10.0,300954.28,54626.47,0.0,1
Shasta,North State,Agricultural Processing,312111,Soft Drink Manufacturing,11.81,5954567.09,1097619.45,1.25,0
Shasta,North State,Agricultural Processing,312112,Bottled Water Manufacturing,71.04,31661940.76,5815745.09,2.0,0
Shasta,North State,Agricultural Processing,312120,Breweries,10.0,341082.68,52261.46,0.0,1
Shasta,North State,Agricultural Processing,312130,Wineries,28.39,3123754.28,683628.47,3.25,0
Shasta,North State,Agricultural Processing,312140,Distilleries,10.0,286708.6,22628.73,0.0,1
Shasta,North State,Agricultural Processing,316990,Other Leather and Allied Product Manufacturing,10.0,347216.96,93257.41,0.0,1
Shasta,North State,Forestry,321113,Sawmills,699.49,456637385.34,67807265.17,8.0,0
Shasta,North State,Forestry,321215,Engineered Wood Member Manufacturing,11.81,5995084.09,1047597.17,1.0,0
Shasta,North State,Forestry,321911,Wood Window and Door Manufacturing,10.0,288674.06,61638.76,0.0,1
Shasta,North State,Forestry,321912,"Cut Stock, Resawing Lumber, and Planing",12.91,3509999.33,741088.02,1.0,0
Shasta,North State,Forestry,321918,Other Millwork (including Flooring),67.5,25401299.87,5380246.54,1.5,0
Shasta,North State,Forestry,321920,Wood Container and Pallet Manufacturing,10.0,707298.03,175968.66,0.0,1
Shasta,North State,Forestry,321992,Prefabricated Wood Building Manufacturing,10.0,275709.25,68662.98,2.0,1
Shasta,North State,Forestry,321999,All Other Miscellaneous Wood Product Manufacturing,21.23,2728663.94,678197.18,0.5,0
Shasta,North State,Agricultural Support,325311,Nitrogenous Fertilizer Manufacturing,10.0,510630.46,70934.82,1.0,1
Shasta,North State,Mining,327120,Clay Building Material and Refractories Manufacturing,10.0,283987.83,98012.01,1.0,1
Shasta,North State,Mining,327310,Cement Manufacturing,29.14,40153000.92,6500022.99,1.25,0
Shasta,North State,Mining,327320,Ready-Mix Concrete Manufacturing,81.02,66198422.24,14928273.37,1.0,0
Shasta,North State,Mining,327390,Other Concrete Product Manufacturing,118.18,46532005.61,13407536.33,4.0,0
Shasta,North State,Mining,327410,Lime Manufacturing,10.0,79916.27,11822.71,0.0,1
Shasta,North State,Mining,327992,Ground or Treated Mineral and Earth Manufacturing,10.0,319967.29,40416.7,1.0,1
Shasta,North State,Agricultural Support,333111,Farm Machinery and Equipment Manufacturing,47.29,14384817.38,2930092.83,1.0,0
Shasta,North State,Forestry,333243,"Sawmill, Woodworking, and Paper Machinery Manufacturing",30.19,15613809.2,4202749.1,1.0,0
Shasta,North State,Agricultural Processing,333993,Packaging Machinery Manufacturing,10.0,817498.92,222668.19,0.0,1
Shasta,North State,Forestry,337110,Wood Kitchen Cabinet and Countertop Manufacturing,73.75,9754458.42,4402650.89,7.0,0
Shasta,North State,Forestry,423310,"Lumber, Plywood, Millwork, and Wood Panel Merchant Wholesalers",70.9,18113085.97,5522009.02,8.0,0
Shasta,North State,Mining,423320,"Brick, Stone, and Related Construction Material Merchant Wholesalers",52.69,11348976.12,3465749.79,6.0,0
Shasta,North State,Agricultural Support,423820,Farm and Garden Machinery and Equipment Merchant Wholesalers,13.88,2823283.52,968335.23,4.0,0
Shasta,North State,Agricultural Distribution,424410,General Line Grocery Merchant Wholesalers,10.0,1903187.99,633613.21,2.25,1
Shasta,North State,Agricultural Distribution,424420,Packaged Frozen Food Merchant Wholesalers,10.0,922589.85,306734.57,0.75,1
Shasta,North State,Agricultural Distribution,424430,Dairy Product (except Dried or Canned) Merchant Wholesalers,36.1,8855443.6,2934989.39,2.0,0
Shasta,North State,Agricultural Distribution,424450,Confectionery Merchant Wholesalers,22.77,4624542.68,1533783.61,3.0,0
Shasta,North State,Fishing,424460,Fish and Seafood Merchant Wholesalers,10.0,109684.0,36579.28,0.0,1
Shasta,North State,Agricultural Distribution,424470,Meat and Meat Product Merchant Wholesalers,15.41,3713543.77,1237163.25,1.0,0
Shasta,North State,Agricultural Distribution,424480,Fresh Fruit and Vegetable Merchant Wholesalers,18.32,4555527.03,1519325.71,2.0,0
Shasta,North State,Agricultural Distribution,424490,Other Grocery and Related Products Merchant Wholesalers,56.26,12623954.82,4200947.35,5.75,0
Shasta,North State,Agricultural Distribution,424510,Grain and Field Bean Merchant Wholesalers,10.0,550603.11,132042.71,0.5,1
Shasta,North State,Agricultural Distribution,424520,Livestock Merchant Wholesalers,10.0,71174.7,16909.14,1.0,1
Shasta,North State,Agricultural Distribution,424590,Other Farm Product Raw Material Merchant Wholesalers,21.88,8956501.97,2158735.05,2.5,0
Shasta,North State,Agricultural Distribution,424810,Beer and Ale Merchant Wholesalers,108.57,33526755.73,8057815.26,2.0,0
Shasta,North State,Agricultural Distribution,424820,Wine and Distilled Alcoholic Beverage Merchant Wholesalers,10.78,5178240.0,1263403.28,1.0,0
Shasta,North State,Agricultural Distribution,424910,Farm Supplies Merchant Wholesalers,17.13,5240121.39,1261222.57,4.0,0
Shasta,North State,Agricultural Distribution,424930,"Flower, Nursery Stock, and Florists' Supplies Merchant Wholesalers",289.32,67627969.94,16331399.8,2.75,0
Shasta,North State,Agricultural Distribution,424990,Other Miscellaneous Nondurable Goods Merchant Wholesalers,65.53,16730652.48,4054073.75,3.0,0
Shasta,North State,Outdoor Recreation,441222,Boat Dealers,14.75,2142967.86,653472.14,4.0,0
Shasta,North State,Agricultural Support,444240,"Nursery, Garden Center, and Farm Supply Retailers",201.68,30245173.96,8662726.83,14.25,0
Shasta,North State,Agricultural Distribution,445230,Fruit and Vegetable Markets,10.0,257818.33,98142.51,0.0,1
Shasta,North State,Agricultural Distribution,445240,Meat Retailers,62.75,10410346.64,3933278.36,3.0,0
Shasta,North State,Agricultural Distribution,445291,Baked Goods Stores,10.0,575636.36,217277.71,0.0,1
Shasta,North State,Agricultural Distribution,445292,Confectionery and Nut Stores,10.0,920100.45,348254.22,1.0,1
Shasta,North State,Agricultural Distribution,445298,All Other Specialty Food Retailers,86.09,8237084.98,3124184.83,4.0,0
Shasta,North State,Agricultural Distribution,445320,"Beer, Wine, and Liquor Retailers",95.58,10591761.65,3996607.39,9.0,0
Shasta,North State,Agricultural Distribution,456191,Food (Health) Supplement Retailers,93.22,8268065.88,2615775.31,8.5,0
Shasta,North State,Agricultural Distribution,459310,Florists,67.87,4685008.76,1568940.4,7.0,0
Shasta,North State,Agricultural Distribution,484230,"Specialized Freight (except Used Goods) Trucking, Long-Distance",28.88,4345266.57,1570310.19,5.25,0
Shasta,North State,Outdoor Recreation,487110,"Scenic and Sightseeing Transportation, Land",10.0,31099.08,13442.65,0.0,1
Shasta,North State,Outdoor Recreation,487210,"Scenic and Sightseeing Transportation, Water",10.0,385855.35,166586.35,1.0,1
Shasta,North State,Agricultural Distribution,493120,Refrigerated Warehousing and Storage,10.0,65058.9,40936.37,0.0,1
Shasta,North State,Outdoor Recreation,532284,Recreational Goods Rental,54.93,7653342.97,2007584.79,5.75,0
Shasta,North State,Mining,532412,"Construction, Mining, and Forestry Machinery and Equipment Rental and Leasing",105.78,84930828.97,10692898.36,5.5,0
Shasta,North State,Mining,541360,Geophysical Surveying and Mapping Services,10.0,874255.85,439316.33,0.5,1
Shasta,North State,Agricultural Support,541620,Environmental Consulting Services,141.92,18255902.05,11144051.93,11.5,0
Shasta,North State,Agricultural Support,541690,Other Scientific and Technical Consulting Services,305.68,37769892.4,23058623.19,20.75,0
Shasta,North State,Agricultural Distribution,624210,Community Food Services,10.0,120343.67,88032.12,1.0,1
Shasta,North State,Outdoor Recreation,712190,Nature Parks and Other Similar Institutions,65.83,7031510.38,2274215.5,1.0,0
Shasta,North State,Outdoor Recreation,713930,Marinas,69.44,9562628.65,3725284.34,2.0,0
Shasta,North State,Outdoor Recreation,713990,All Other Amusement and Recreation Industries,132.24,9602099.0,3716507.54,6.25,0
Shasta,North State,Outdoor Recreation,721211,RV (Recreational Vehicle) Parks and Campgrounds,24.74,2849010.23,751173.16,13.0,0
Shasta,North State,Outdoor Recreation,721214,Recreational and Vacation Camps (except Campgrounds),42.16,4907471.32,1290735.23,3.75,0
Sierra,North State,Agricultural Production,111000,Crop Production,10.0,2505830.9,574562.82,1.0,1
Sierra,North State,Agricultural Production,112000,Animal Production,37.65,9115918.52,1597591.93,4.0,0
Sierra,North State,Forestry,113110,Timber Tract Operations,10.0,76412.78,31271.87,1.0,1
Sierra,North State,Forestry,113310,Logging,10.0,447769.73,177034.19,0.5,1
Sierra,North State,Fishing,114111,Finfish Fishing,10.0,67467.45,25926.68,0.0,1
Sierra,North State,Fishing,114112,Shellfish Fishing,10.0,20144.59,7660.54,0.0,1
Sierra,North State,Agricultural Production,115112,"Soil Preparation, Planting, and Cultivating",10.0,85087.05,73773.41,0.0,1
Sierra,North State,Agricultural Production,115114,Postharvest Crop Activities (except Cotton Ginning),10.0,9341.34,8121.08,0.0,1
Sierra,North State,Agricultural Support,115115,Farm Labor Contractors and Crew Leaders,10.0,72669.09,58018.2,0.0,1
Sierra,North State,Agricultural Support,115116,Farm Management Services,10.0,11448.69,9952.95,0.0,1
Sierra,North State,Forestry,115310,Support Activities for Forestry,10.0,163152.04,141184.89,0.0,1
Sierra,North State,Mining,212220,Gold Ore and Silver Ore Mining,16.9,6193814.12,1173532.76,1.0,0
Sierra,North State,Renewable Energy,221114,Solar Electric Power Generation,10.0,426182.68,58955.69,0.0,1
Sierra,North State,Agricultural Support,221310,Water Supply and Irrigation Systems,10.0,568064.97,179054.65,1.0,1
Sierra,North State,Agricultural Processing,312130,Wineries,10.0,394934.61,86430.79,0.0,1
Sierra,North State,Forestry,321918,Other Millwork (including Flooring),10.0,113468.55,24033.76,0.0,1
Sierra,North State,Forestry,321920,Wood Container and Pallet Manufacturing,10.0,134508.08,33464.26,0.0,1
Sierra,North State,Forestry,321999,All Other Miscellaneous Wood Product Manufacturing,10.0,1264400.53,314261.08,0.5,1
Sierra,North State,Agricultural Distribution,424480,Fresh Fruit and Vegetable Merchant Wholesalers,10.0,64496.39,21510.36,1.0,1
Sierra,North State,Agricultural Distribution,445298,All Other Specialty Food Retailers,10.0,13883.84,5265.9,0.0,1
Sierra,North State,Agricultural Distribution,456191,Food (Health) Supplement Retailers,10.0,13116.57,4149.7,0.0,1
Sierra,North State,Agricultural Distribution,484230,"Specialized Freight (except Used Goods) Trucking, Long-Distance",10.0,15652.87,5656.7,1.0,1
Sierra,North State,Outdoor Recreation,487110,"Scenic and Sightseeing Transportation, Land",10.0,19638.21,8488.66,0.0,1
Sierra,North State,Outdoor Recreation,487210,"Scenic and Sightseeing Transportation, Water",10.0,74015.07,31954.72,0.0,1
Sierra,North State,Agricultural Distribution,493120,Refrigerated Warehousing and Storage,10.0,27206.47,17118.86,0.0,1
Sierra,North State,Mining,541360,Geophysical Surveying and Mapping Services,10.0,334571.35,168123.16,0.0,1
Sierra,North State,Agricultural Support,541690,Other Scientific and Technical Consulting Services,10.0,199549.7,121825.64,1.0,1
Sierra,North State,Agricultural Distribution,624210,Community Food Services,11.2,464429.63,339733.08,1.0,0
Sierra,North State,Outdoor Recreation,721214,Recreational and Vacation Camps (except Campgrounds),10.0,1198406.17,315197.98,2.0,1
Siskiyou,North State,Agricultural Production,111000,Crop Production,1127.01,304156092.98,69740054.0,44.0,0
Siskiyou,North State,Agricultural Production,112000,Animal Production,134.62,42652030.61,7474895.68,29.5,0
Siskiyou,North State,Forestry,113110,Timber Tract Operations,12.04,2266562.5,927588.82,1.0,0
Siskiyou,North State,Forestry,113210,Forest Nurseries and Gathering of Forest Products,102.22,15247099.96,6279974.3,2.0,0
Siskiyou,North State,Forestry,113310,Logging,207.32,36597716.21,14469595.48,24.25,0
Siskiyou,North State,Fishing,114111,Finfish Fishing,10.0,639025.89,245567.59,1.0,1
Siskiyou,North State,Fishing,114112,Shellfish Fishing,10.0,165334.43,62873.0,0.0,1
Siskiyou,North State,Outdoor Recreation,114210,Hunting and Trapping,10.0,199624.42,75527.68,0.0,1
Siskiyou,North State,Agricultural Production,115112,"Soil Preparation, Planting, and Cultivating",35.19,2168108.15,1879824.55,1.0,0
Siskiyou,North State,Agricultural Production,115113,"Crop Harvesting, Primarily by Machine",10.0,64941.87,56352.18,0.0,1
Siskiyou,North State,Agricultural Production,115114,Postharvest Crop Activities (except Cotton Ginning),54.2,3103819.51,2698368.56,1.0,0
Siskiyou,North State,Agricultural Support,115115,Farm Labor Contractors and Crew Leaders,30.97,2472568.35,1974071.52,2.0,0
Siskiyou,North State,Agricultural Support,115116,Farm Management Services,23.02,483284.29,420144.23,1.0,0
Siskiyou,North State,Agricultural Support,115210,Support Activities for Animal Production,33.82,611981.56,529930.98,2.5,0
Siskiyou,North State,Forestry,115310,Support Activities for Forestry,133.87,13388413.76,11585767.95,10.25,0
Siskiyou,North State,Mining,211120,Crude Petroleum Extraction,10.0,349539.46,31938.75,0.0,1
Siskiyou,North State,Mining,212311,Dimension Stone Mining and Quarrying,10.0,307367.76,65799.89,0.0,1
Siskiyou,North State,Mining,212312,Crushed and Broken Limestone Mining and Quarrying,13.62,6074039.47,1301869.61,1.0,0
Siskiyou,North State,Mining,212313,Crushed and Broken Granite Mining and Quarrying,10.0,465920.62,100365.81,0.0,1
Siskiyou,North State,Mining,212319,Other Crushed and Broken Stone Mining and Quarrying,10.0,2744564.89,594635.39,1.0,1
Siskiyou,North State,Mining,212321,Construction Sand and Gravel Mining,17.67,3257715.49,875225.91,0.25,0
Siskiyou,North State,Mining,212390,Other Nonmetallic Mineral Mining and Quarrying,10.0,541010.13,145321.69,0.0,1
Siskiyou,North State,Mining,213112,Support Activities for Oil and Gas Operations,10.0,49769.03,18047.64,0.0,1
Siskiyou,North State,Renewable Energy,221111,Hydroelectric Power Generation,33.46,63896346.51,8873543.19,1.0,0
Siskiyou,North State,Renewable Energy,221114,Solar Electric Power Generation,10.0,181164.29,25061.24,0.0,1
Siskiyou,North State,Renewable Energy,221115,Wind Electric Power Generation,10.0,108548.18,14582.75,0.0,1
Siskiyou,North State,Renewable Energy,221118,Other Electric Power Generation,10.0,208686.01,28773.92,0.0,1
Siskiyou,North State,Agricultural Support,221310,Water Supply and Irrigation Systems,23.57,6905939.69,2176759.14,6.0,0
Siskiyou,North State,Agricultural Processing,311213,Malt Manufacturing,10.0,340351.97,35555.07,1.0,1
Siskiyou,North State,Agricultural Processing,311340,Nonchocolate Confectionery Manufacturing,10.0,330101.14,46733.01,0.0,1
Siskiyou,North State,Agricultural Processing,311421,Fruit and Vegetable Canning,10.0,1679308.26,314870.2,1.0,1
Siskiyou,North State,Agricultural Processing,311511,Fluid Milk Manufacturing,10.0,1321181.86,149565.89,1.0,1
Siskiyou,North State,Agricultural Processing,311612,Meat Processed from Carcasses,10.0,633327.38,74254.71,1.0,1
Siskiyou,North State,Agricultural Processing,311911,Roasted Nuts and Peanut Butter Manufacturing,10.0,317046.61,32424.69,0.0,1
Siskiyou,North State,Agricultural Processing,311919,Other Snack Food Manufacturing,10.0,121481.31,12423.86,0.0,1
Siskiyou,North State,Agricultural Processing,311920,Coffee and Tea Manufacturing,10.0,1342473.15,190269.65,1.0,1
Siskiyou,North State,Agricultural Processing,311930,Flavoring Syrup and Concentrate Manufacturing,10.0,215161.33,42856.42,0.0,1
Siskiyou,North State,Agricultural Processing,311941,"Mayonnaise, Dressing, and Other Prepared Sauce Manufacturing",10.0,221553.83,38396.68,0.0,1
Siskiyou,North State,Agricultural Processing,311942,Spice and Extract Manufacturing,10.0,298508.9,51009.81,0.0,1
Siskiyou,North State,Agricultural Processing,311991,Perishable Prepared Food Manufacturing,10.0,785360.74,142680.72,2.0,1
Siskiyou,North State,Agricultural Processing,311999,All Other Miscellaneous Food Manufacturing,10.0,307940.71,55894.58,0.0,1
Siskiyou,North State,Agricultural Processing,312112,Bottled Water Manufacturing,83.72,38152519.41,7007950.93,2.0,0
Siskiyou,North State,Agricultural Processing,312120,Breweries,48.52,15985437.29,2449324.64,2.0,0
Siskiyou,North State,Agricultural Processing,312130,Wineries,19.42,6904330.7,1511001.37,1.0,0
Siskiyou,North State,Forestry,321113,Sawmills,28.5,21380059.32,3174780.25,2.0,0
Siskiyou,North State,Forestry,321114,Wood Preservation,32.2,21457787.29,3174571.13,1.0,0
Siskiyou,North State,Forestry,321212,Softwood Veneer and Plywood Manufacturing,223.18,118950827.22,20226565.31,2.0,0
Siskiyou,North State,Forestry,321911,Wood Window and Door Manufacturing,10.0,238471.26,50919.27,0.0,1
Siskiyou,North State,Forestry,321918,Other Millwork (including Flooring),10.0,2862950.2,606401.17,1.0,1
Siskiyou,North State,Forestry,321920,Wood Container and Pallet Manufacturing,10.0,243276.22,60524.69,0.0,1
Siskiyou,North State,Forestry,321999,All Other Miscellaneous Wood Product Manufacturing,23.6,5887342.43,1463272.55,1.0,0
Siskiyou,North State,Mining,327320,Ready-Mix Concrete Manufacturing,48.59,16099206.61,3630499.78,2.0,0
Siskiyou,North State,Mining,327410,Lime Manufacturing,10.0,645128.84,95439.56,0.0,1
Siskiyou,North State,Agricultural Processing,333241,Food Product Machinery Manufacturing,10.0,165908.41,44967.76,1.0,1
Siskiyou,North State,Forestry,337110,Wood Kitchen Cabinet and Countertop Manufacturing,10.0,398435.98,179833.1,0.0,1
Siskiyou,North State,Forestry,423310,"Lumber, Plywood, Millwork, and Wood Panel Merchant Wholesalers",10.0,210160.12,64070.04,2.0,1
Siskiyou,North State,Mining,423320,"Brick, Stone, and Related Construction Material Merchant Wholesalers",10.0,1548595.86,472910.13,1.0,1
Siskiyou,North State,Agricultural Distribution,424410,General Line Grocery Merchant Wholesalers,21.23,3531828.05,1175823.38,1.0,0
Siskiyou,North State,Agricultural Distribution,424420,Packaged Frozen Food Merchant Wholesalers,10.0,552698.78,183756.43,1.0,1
Siskiyou,North State,Agricultural Distribution,424430,Dairy Product (except Dried or Canned) Merchant Wholesalers,10.0,931275.18,308655.66,1.0,1
Siskiyou,North State,Agricultural Distribution,424450,Confectionery Merchant Wholesalers,10.0,1137233.26,377176.7,2.0,1
Siskiyou,North State,Fishing,424460,Fish and Seafood Merchant Wholesalers,10.0,296526.44,98890.67,0.0,1
Siskiyou,North State,Agricultural Distribution,424480,Fresh Fruit and Vegetable Merchant Wholesalers,22.46,4107520.05,1369909.74,1.75,0
Siskiyou,North State,Agricultural Distribution,424490,Other Grocery and Related Products Merchant Wholesalers,18.71,2931680.84,975592.6,3.0,0
Siskiyou,North State,Agricultural Distribution,424510,Grain and Field Bean Merchant Wholesalers,10.0,260384.88,62444.11,1.5,1
Siskiyou,North State,Agricultural Distribution,424590,Other Farm Product Raw Material Merchant Wholesalers,10.06,1997062.29,481340.64,1.0,0
Siskiyou,North State,Agricultural Distribution,424810,Beer and Ale Merchant Wholesalers,10.08,3182442.81,764867.81,1.0,0
Siskiyou,North State,Agricultural Distribution,424910,Farm Supplies Merchant Wholesalers,17.69,3585728.07,863033.67,2.0,0
Siskiyou,North State,Agricultural Distribution,424990,Other Miscellaneous Nondurable Goods Merchant Wholesalers,25.51,804943.01,195049.08,3.0,0
Siskiyou,North State,Agricultural Support,444240,"Nursery, Garden Center, and Farm Supply Retailers",51.59,7818394.67,2239319.81,3.0,0
Siskiyou,North State,Agricultural Distribution,445230,Fruit and Vegetable Markets,12.49,304636.47,115964.56,0.0,0
Siskiyou,North State,Agricultural Distribution,445240,Meat Retailers,50.06,6963684.34,2631046.77,3.75,0
Siskiyou,North State,Agricultural Distribution,445298,All Other Specialty Food Retailers,43.92,4059642.17,1539752.53,4.0,0
Siskiyou,North State,Agricultural Distribution,445320,"Beer, Wine, and Liquor Retailers",52.13,6398918.36,2414514.72,5.0,0
Siskiyou,North State,Agricultural Distribution,456191,Food (Health) Supplement Retailers,26.47,2153659.53,681355.17,3.5,0
Siskiyou,North State,Agricultural Distribution,459310,Florists,10.0,423170.99,141713.73,1.5,1
Siskiyou,North State,Agricultural Distribution,484230,"Specialized Freight (except Used Goods) Trucking, Long-Distance",18.3,3391163.72,1225512.6,3.0,0
Siskiyou,North State,Outdoor Recreation,487110,"Scenic and Sightseeing Transportation, Land",10.0,339875.94,146912.15,1.0,1
Siskiyou,North State,Outdoor Recreation,487210,"Scenic and Sightseeing Transportation, Water",10.0,54444.64,23505.53,0.0,1
Siskiyou,North State,Agricultural Distribution,493120,Refrigerated Warehousing and Storage,10.0,30520.48,19204.1,0.0,1
Siskiyou,North State,Mining,532412,"Construction, Mining, and Forestry Machinery and Equipment Rental and Leasing",10.0,4397050.74,553594.23,1.0,1
Siskiyou,North State,Mining,541360,Geophysical Surveying and Mapping Services,10.0,913539.04,459056.25,1.0,1
Siskiyou,North State,Agricultural Support,541620,Environmental Consulting Services,20.59,1827758.84,1115729.01,3.0,0
Siskiyou,North State,Agricultural Support,541690,Other Scientific and Technical Consulting Services,55.3,4866899.39,2971255.46,7.25,0
Siskiyou,North State,Agricultural Distribution,624210,Community Food Services,10.0,71182.96,52070.76,1.0,1
Siskiyou,North State,Outdoor Recreation,712190,Nature Parks and Other Similar Institutions,10.0,93246.69,30158.97,2.0,1
Siskiyou,North State,Outdoor Recreation,713920,Skiing Facilities,19.51,1731994.23,659410.26,2.0,0
Siskiyou,North State,Outdoor Recreation,713930,Marinas,10.0,118198.7,46046.31,0.0,1
Siskiyou,North State,Outdoor Recreation,713990,All Other Amusement and Recreation Industries,53.37,4749710.69,1838383.0,7.0,0
Siskiyou,North State,Outdoor Recreation,721211,RV (Recreational Vehicle) Parks and Campgrounds,123.31,16675746.55,4396745.61,5.25,0
Siskiyou,North State,Outdoor Recreation,721214,Recreational and Vacation Camps (except Campgrounds),36.76,4292831.26,1129076.1,2.0,0
Solano,Bay Area,Agricultural Production,111000,Crop Production,1448.55,391875335.38,89853228.92,87.5,0
Solano,Bay Area,Agricultural Production,112000,Animal Production,255.83,112741384.63,19758264.19,35.0,0
Solano,Bay Area,Forestry,113110,Timber Tract Operations,10.0,99487.72,40715.27,0.0,1
Solano,Bay Area,Forestry,113210,Forest Nurseries and Gathering of Forest Products,10.0,133928.55,55162.48,0.75,1
Solano,Bay Area,Forestry,113310,Logging,14.23,1355978.69,536111.68,0.0,0
Solano,Bay Area,Fishing,114111,Finfish Fishing,18.28,1665127.27,639882.21,0.0,0
Solano,Bay Area,Fishing,114112,Shellfish Fishing,10.0,452731.15,172163.56,0.0,1
Solano,Bay Area,Outdoor Recreation,114210,Hunting and Trapping,10.0,465540.78,176136.84,0.0,1
Solano,Bay Area,Agricultural Processing,115111,Cotton Ginning,10.0,39482.46,34077.04,0.0,1
Solano,Bay Area,Agricultural Production,115112,"Soil Preparation, Planting, and Cultivating",76.59,5286374.02,4583468.6,3.0,0
Solano,Bay Area,Agricultural Production,115113,"Crop Harvesting, Primarily by Machine",10.0,641566.15,556707.83,2.25,1
Solano,Bay Area,Agricultural Production,115114,Postharvest Crop Activities (except Cotton Ginning),149.22,9579257.13,8327921.82,2.0,0
Solano,Bay Area,Agricultural Support,115115,Farm Labor Contractors and Crew Leaders,96.81,6448347.78,5148290.32,3.0,0
Solano,Bay Area,Agricultural Support,115116,Farm Management Services,75.63,3634307.66,3159493.12,7.0,0
Solano,Bay Area,Agricultural Support,115210,Support Activities for Animal Production,96.93,2532317.34,2192800.41,7.0,0
Solano,Bay Area,Forestry,115310,Support Activities for Forestry,11.43,534554.83,462581.18,1.0,0
Solano,Bay Area,Mining,211120,Crude Petroleum Extraction,160.17,32474503.65,2967319.07,0.0,0
Solano,Bay Area,Mining,212114,Surface Coal Mining,10.0,42770.48,5830.13,0.0,1
Solano,Bay Area,Mining,212115,Underground Coal Mining,10.0,213139.85,28765.96,0.0,1
Solano,Bay Area,Mining,212210,Iron Ore Mining,10.0,146827.03,26656.18,0.0,1
Solano,Bay Area,Mining,212220,Gold Ore and Silver Ore Mining,10.0,1093502.99,207184.39,0.0,1
Solano,Bay Area,Mining,212312,Crushed and Broken Limestone Mining and Quarrying,10.0,202120.53,43321.18,0.0,1
Solano,Bay Area,Mining,212313,Crushed and Broken Granite Mining and Quarrying,10.0,250365.44,53932.21,0.0,1
Solano,Bay Area,Mining,212319,Other Crushed and Broken Stone Mining and Quarrying,10.0,115607.47,25047.43,0.0,1
Solano,Bay Area,Mining,212321,Construction Sand and Gravel Mining,49.07,18339620.14,4927167.74,2.0,0
Solano,Bay Area,Mining,212390,Other Nonmetallic Mineral Mining and Quarrying,10.0,272803.66,73278.28,0.0,1
Solano,Bay Area,Mining,213111,Drilling Oil and Gas Wells,31.98,19082345.88,5300538.76,2.0,0
Solano,Bay Area,Mining,213112,Support Activities for Oil and Gas Operations,146.07,51418317.9,18645713.82,6.5,0
Solano,Bay Area,Mining,213115,Support Activities for Nonmetallic Minerals (except Fuels) Mining,50.76,11167785.99,3834291.99,1.0,0
Solano,Bay Area,Renewable Energy,221111,Hydroelectric Power Generation,10.0,100151.01,13908.37,0.0,1
Solano,Bay Area,Renewable Energy,221114,Solar Electric Power Generation,10.0,54792.13,7579.63,0.0,1
Solano,Bay Area,Renewable Energy,221116,Geothermal Electric Power Generation,10.0,718038.82,101627.24,1.0,1
Solano,Bay Area,Renewable Energy,221118,Other Electric Power Generation,10.0,211627.35,29179.47,0.0,1
Solano,Bay Area,Agricultural Support,221310,Water Supply and Irrigation Systems,45.7,10518697.03,3315503.89,6.0,0
Solano,Bay Area,Agricultural Processing,311111,Dog and Cat Food Manufacturing,11.88,12740436.54,1338732.88,1.0,0
Solano,Bay Area,Agricultural Processing,311119,Other Animal Food Manufacturing,22.96,29382785.77,2527032.96,1.0,0
Solano,Bay Area,Agricultural Processing,311224,Soybean and Other Oilseed Processing,10.0,3661730.37,79599.97,1.0,1
Solano,Bay Area,Agricultural Processing,311225,Fats and Oils Refining and Blending,38.42,71450240.89,4242157.47,1.0,0
Solano,Bay Area,Agricultural Processing,311230,Breakfast Cereal Manufacturing,10.0,585353.66,77473.34,1.0,1
Solano,Bay Area,Agricultural Processing,311340,Nonchocolate Confectionery Manufacturing,769.53,588321969.96,83289795.15,1.0,0
Solano,Bay Area,Agricultural Processing,311411,"Frozen Fruit, Juice, and Vegetable Manufacturing",10.0,115397.7,20448.96,0.0,1
Solano,Bay Area,Agricultural Processing,311412,Frozen Specialty Food Manufacturing,665.48,277630975.84,49197952.27,3.0,0
Solano,Bay Area,Agricultural Processing,311421,Fruit and Vegetable Canning,277.39,111493555.54,20905035.11,1.0,0
Solano,Bay Area,Agricultural Processing,311422,Specialty Canning,10.0,219370.99,41015.67,0.0,1
Solano,Bay Area,Agricultural Processing,311423,Dried and Dehydrated Food Manufacturing,94.45,42040586.93,7902032.99,3.0,0
Solano,Bay Area,Agricultural Processing,311511,Fluid Milk Manufacturing,25.3,24364429.23,2758202.75,2.0,0
Solano,Bay Area,Agricultural Processing,311513,Cheese Manufacturing,10.0,649911.96,49459.45,0.0,1
Solano,Bay Area,Agricultural Processing,311514,"Dry, Condensed, and Evaporated Dairy Product Manufacturing",10.0,720259.14,54390.63,0.0,1
Solano,Bay Area,Agricultural Processing,311520,Ice Cream and Frozen Dessert Manufacturing,10.0,791158.77,151130.95,0.0,1
Solano,Bay Area,Agricultural Processing,311611,Animal (except Poultry) Slaughtering,92.15,61034242.44,7264260.03,2.0,0
Solano,Bay Area,Agricultural Processing,311612,Meat Processed from Carcasses,210.48,130649619.26,15318064.65,2.0,0
Solano,Bay Area,Fishing,311710,Seafood Product Preparation and Packaging,10.0,1827057.48,354663.27,0.0,1
Solano,Bay Area,Agricultural Processing,311811,Retail Bakeries,181.23,22527023.02,6681191.92,11.5,0
Solano,Bay Area,Agricultural Processing,311812,Commercial Bakeries,24.79,3465231.79,1025092.86,3.0,0
Solano,Bay Area,Agricultural Processing,311813,"Frozen Cakes, Pies, and Other Pastries Manufacturing",25.79,3245247.67,965089.77,1.0,0
Solano,Bay Area,Agricultural Processing,311821,Cookie and Cracker Manufacturing,61.1,14974004.26,2843924.35,4.0,0
Solano,Bay Area,Agricultural Processing,311824,"Dry Pasta, Dough, and Flour Mixes Manufacturing from Purchased Flour",11.44,3069864.3,577833.01,1.0,0
Solano,Bay Area,Agricultural Processing,311830,Tortilla Manufacturing,10.0,363279.58,68812.92,1.0,1
Solano,Bay Area,Agricultural Processing,311911,Roasted Nuts and Peanut Butter Manufacturing,10.0,723480.97,73991.15,0.0,1
Solano,Bay Area,Agricultural Processing,311919,Other Snack Food Manufacturing,109.55,87122954.29,8910039.27,2.5,0
Solano,Bay Area,Agricultural Processing,311920,Coffee and Tea Manufacturing,80.66,31558917.84,4472867.37,2.0,0
Solano,Bay Area,Agricultural Processing,311930,Flavoring Syrup and Concentrate Manufacturing,10.0,514624.96,102504.39,0.0,1
Solano,Bay Area,Agricultural Processing,311941,"Mayonnaise, Dressing, and Other Prepared Sauce Manufacturing",10.0,503506.41,87260.85,0.0,1
Solano,Bay Area,Agricultural Processing,311942,Spice and Extract Manufacturing,171.67,76951101.78,13149561.55,3.0,0
Solano,Bay Area,Agricultural Processing,311991,Perishable Prepared Food Manufacturing,420.58,130648176.25,23735558.99,3.0,0
Solano,Bay Area,Agricultural Processing,311999,All Other Miscellaneous Food Manufacturing,10.0,845150.71,153404.03,0.5,1
Solano,Bay Area,Agricultural Processing,312112,Bottled Water Manufacturing,10.0,492823.97,90523.15,2.0,1
Solano,Bay Area,Agricultural Processing,312120,Breweries,359.44,273359384.63,41884739.46,7.0,0
Solano,Bay Area,Agricultural Processing,312130,Wineries,118.92,28469122.3,6230420.4,15.0,0
Solano,Bay Area,Agricultural Processing,312140,Distilleries,165.26,170109841.9,13426068.06,1.0,0
Solano,Bay Area,Agricultural Processing,316990,Other Leather and Allied Product Manufacturing,10.0,419132.15,112572.78,0.0,1
Solano,Bay Area,Forestry,321113,Sawmills,10.0,197979.72,29398.52,0.0,1
Solano,Bay Area,Forestry,321215,Engineered Wood Member Manufacturing,10.0,1033304.81,180562.47,1.0,1
Solano,Bay Area,Forestry,321911,Wood Window and Door Manufacturing,206.39,131807535.08,28144035.29,3.0,0
Solano,Bay Area,Forestry,321918,Other Millwork (including Flooring),10.0,2028574.17,429672.07,0.0,1
Solano,Bay Area,Forestry,321920,Wood Container and Pallet Manufacturing,10.0,1530346.04,380734.76,2.0,1
Solano,Bay Area,Forestry,321992,Prefabricated Wood Building Manufacturing,246.14,97814567.6,24359864.41,1.0,0
Solano,Bay Area,Forestry,321999,All Other Miscellaneous Wood Product Manufacturing,104.34,38877700.14,9662877.93,3.0,0
Solano,Bay Area,Forestry,322211,Corrugated and Solid Fiber Box Manufacturing,26.88,11610309.74,2168333.01,1.0,0
Solano,Bay Area,Forestry,322220,Paper Bag and Coated and Treated Paper Manufacturing,46.37,16116965.34,3498572.72,3.0,0
Solano,Bay Area,Agricultural Support,325311,Nitrogenous Fertilizer Manufacturing,29.11,21724408.61,3017871.23,1.5,0
Solano,Bay Area,Mining,327320,Ready-Mix Concrete Manufacturing,60.08,31202799.15,7036480.63,4.5,0
Solano,Bay Area,Mining,327331,Concrete Block and Brick Manufacturing,218.33,67713450.69,20244422.59,2.0,0
Solano,Bay Area,Mining,327390,Other Concrete Product Manufacturing,10.67,3710427.83,1069107.07,2.0,0
Solano,Bay Area,Agricultural Support,333111,Farm Machinery and Equipment Manufacturing,10.0,651602.24,132727.1,1.0,1
Solano,Bay Area,Mining,333131,Mining Machinery and Equipment Manufacturing,10.0,106383.83,40787.01,1.0,1
Solano,Bay Area,Agricultural Processing,333241,Food Product Machinery Manufacturing,10.0,1348226.05,365422.73,1.0,1
Solano,Bay Area,Forestry,337110,Wood Kitchen Cabinet and Countertop Manufacturing,89.29,12721694.45,5741905.59,8.5,0
Solano,Bay Area,Forestry,423310,"Lumber, Plywood, Millwork, and Wood Panel Merchant Wholesalers",73.91,38786703.1,11824629.15,4.5,0
Solano,Bay Area,Mining,423320,"Brick, Stone, and Related Construction Material Merchant Wholesalers",43.14,10159520.35,3102513.84,4.5,0
Solano,Bay Area,Agricultural Support,423820,Farm and Garden Machinery and Equipment Merchant Wholesalers,95.13,27672134.41,9491042.07,5.5,0
Solano,Bay Area,Agricultural Distribution,424410,General Line Grocery Merchant Wholesalers,45.3,10352986.27,3446737.24,7.0,0
Solano,Bay Area,Agricultural Distribution,424420,Packaged Frozen Food Merchant Wholesalers,10.41,2428398.03,807372.44,1.0,0
Solano,Bay Area,Agricultural Distribution,424430,Dairy Product (except Dried or Canned) Merchant Wholesalers,18.92,4802176.83,1591601.58,1.0,0
Solano,Bay Area,Agricultural Distribution,424450,Confectionery Merchant Wholesalers,44.8,11030592.03,3658424.72,1.25,0
Solano,Bay Area,Fishing,424460,Fish and Seafood Merchant Wholesalers,10.0,569024.58,189767.97,0.0,1
Solano,Bay Area,Agricultural Distribution,424470,Meat and Meat Product Merchant Wholesalers,12.86,3413843.6,1137318.45,1.0,0
Solano,Bay Area,Agricultural Distribution,424480,Fresh Fruit and Vegetable Merchant Wholesalers,11.96,2910088.37,970551.17,4.5,0
Solano,Bay Area,Agricultural Distribution,424490,Other Grocery and Related Products Merchant Wholesalers,383.54,122708610.13,40834462.56,16.75,0
Solano,Bay Area,Agricultural Distribution,424510,Grain and Field Bean Merchant Wholesalers,11.75,2452904.34,588242.45,1.0,0
Solano,Bay Area,Agricultural Distribution,424520,Livestock Merchant Wholesalers,10.0,993375.21,235998.52,1.0,1
Solano,Bay Area,Agricultural Distribution,424590,Other Farm Product Raw Material Merchant Wholesalers,29.81,7599399.59,1831640.34,4.0,0
Solano,Bay Area,Agricultural Distribution,424810,Beer and Ale Merchant Wholesalers,21.26,5890580.95,1415741.31,1.0,0
Solano,Bay Area,Agricultural Distribution,424820,Wine and Distilled Alcoholic Beverage Merchant Wholesalers,193.93,102466779.45,25000167.17,9.0,0
Solano,Bay Area,Agricultural Distribution,424910,Farm Supplies Merchant Wholesalers,57.46,26475902.94,6372372.67,6.0,0
Solano,Bay Area,Agricultural Distribution,424930,"Flower, Nursery Stock, and Florists' Supplies Merchant Wholesalers",11.02,2996736.14,723678.32,0.5,0
Solano,Bay Area,Agricultural Distribution,424990,Other Miscellaneous Nondurable Goods Merchant Wholesalers,197.86,75156694.52,18211530.18,6.25,0
Solano,Bay Area,Outdoor Recreation,441222,Boat Dealers,39.38,9362886.36,2855099.0,2.0,0
Solano,Bay Area,Agricultural Support,444240,"Nursery, Garden Center, and Farm Supply Retailers",169.96,29025300.58,8313334.56,10.25,0
Solano,Bay Area,Agricultural Distribution,445230,Fruit and Vegetable Markets,72.76,6151387.29,2341620.17,4.0,0
Solano,Bay Area,Agricultural Distribution,445240,Meat Retailers,50.88,5797576.12,2190463.15,6.0,0
Solano,Bay Area,Agricultural Distribution,445291,Baked Goods Stores,38.65,4021941.64,1518108.2,4.0,0
Solano,Bay Area,Agricultural Distribution,445292,Confectionery and Nut Stores,92.52,12201859.41,4618353.36,4.0,0
Solano,Bay Area,Agricultural Distribution,445298,All Other Specialty Food Retailers,190.53,15231042.0,5776872.57,11.5,0
Solano,Bay Area,Agricultural Distribution,445320,"Beer, Wine, and Liquor Retailers",251.95,27201151.24,10263856.52,37.75,0
Solano,Bay Area,Agricultural Distribution,456191,Food (Health) Supplement Retailers,166.65,8571598.75,2711804.27,11.5,0
Solano,Bay Area,Agricultural Distribution,459310,Florists,169.33,10605319.72,3551565.3,9.0,0
Solano,Bay Area,Agricultural Distribution,484230,"Specialized Freight (except Used Goods) Trucking, Long-Distance",41.43,8189166.1,2959434.31,10.5,0
Solano,Bay Area,Outdoor Recreation,487110,"Scenic and Sightseeing Transportation, Land",51.26,3895767.58,1683954.48,1.0,0
Solano,Bay Area,Outdoor Recreation,487210,"Scenic and Sightseeing Transportation, Water",13.49,1133597.87,489411.22,1.0,0
Solano,Bay Area,Outdoor Recreation,487990,"Scenic and Sightseeing Transportation, Other",10.0,13741.25,5919.11,0.5,1
Solano,Bay Area,Agricultural Distribution,493120,Refrigerated Warehousing and Storage,17.19,1841489.86,1158702.67,0.75,0
Solano,Bay Area,Agricultural Distribution,493130,Farm Product Warehousing and Storage,10.0,69994.95,44008.86,0.0,1
Solano,Bay Area,Outdoor Recreation,532284,Recreational Goods Rental,10.78,571838.85,150001.77,0.0,0
Solano,Bay Area,Mining,532412,"Construction, Mining, and Forestry Machinery and Equipment Rental and Leasing",131.12,119973250.31,15104783.35,7.25,0
Solano,Bay Area,Agricultural Support,541620,Environmental Consulting Services,167.71,16343367.31,9976572.71,9.75,0
Solano,Bay Area,Agricultural Support,541690,Other Scientific and Technical Consulting Services,379.45,30038892.32,18338826.38,29.5,0
Solano,Bay Area,Agricultural Distribution,624210,Community Food Services,37.67,2381698.13,1742226.57,2.0,0
Solano,Bay Area,Outdoor Recreation,712130,Zoos and Botanical Gardens,10.0,118693.54,38484.25,0.0,1
Solano,Bay Area,Outdoor Recreation,712190,Nature Parks and Other Similar Institutions,10.0,96423.65,31186.5,0.0,1
Solano,Bay Area,Outdoor Recreation,713930,Marinas,59.3,6758442.88,2632866.16,4.0,0
Solano,Bay Area,Outdoor Recreation,713990,All Other Amusement and Recreation Industries,377.98,26254078.71,10161682.51,24.0,0
Solano,Bay Area,Outdoor Recreation,721214,Recreational and Vacation Camps (except Campgrounds),10.0,639563.63,168214.39,1.0,1
Sonoma,Bay Area,Agricultural Production,111000,Crop Production,4761.43,1185332330.53,271785253.19,304.0,0
Sonoma,Bay Area,Agricultural Production,112000,Animal Production,1227.52,374099042.82,65561973.96,107.5,0
Sonoma,Bay Area,Forestry,113110,Timber Tract Operations,10.0,258402.51,105751.01,0.0,1
Sonoma,Bay Area,Forestry,113210,Forest Nurseries and Gathering of Forest Products,10.0,856709.44,352861.42,1.0,1
Sonoma,Bay Area,Forestry,113310,Logging,96.45,13456153.41,5320143.35,5.5,0
Sonoma,Bay Area,Fishing,114111,Finfish Fishing,33.5,4217584.19,1620751.24,4.0,0
Sonoma,Bay Area,Fishing,114112,Shellfish Fishing,83.9,6508849.62,2475170.34,5.0,0
Sonoma,Bay Area,Fishing,114119,Other Marine Fishing,10.0,2717.88,1037.64,0.0,1
Sonoma,Bay Area,Outdoor Recreation,114210,Hunting and Trapping,16.46,1713749.34,648395.16,1.0,0
Sonoma,Bay Area,Agricultural Processing,115111,Cotton Ginning,10.0,102542.36,88503.59,0.0,1
Sonoma,Bay Area,Agricultural Production,115112,"Soil Preparation, Planting, and Cultivating",461.58,25937397.24,22488617.98,32.75,0
Sonoma,Bay Area,Agricultural Production,115113,"Crop Harvesting, Primarily by Machine",13.9,680363.49,590373.54,1.0,0
Sonoma,Bay Area,Agricultural Production,115114,Postharvest Crop Activities (except Cotton Ginning),29.87,868819.2,755325.62,1.0,0
Sonoma,Bay Area,Agricultural Support,115115,Farm Labor Contractors and Crew Leaders,699.9,51776410.66,41337719.85,22.5,0
Sonoma,Bay Area,Agricultural Support,115116,Farm Management Services,1690.74,116201710.79,101020205.18,35.0,0
Sonoma,Bay Area,Agricultural Support,115210,Support Activities for Animal Production,299.35,11773820.84,10195262.13,31.25,0
Sonoma,Bay Area,Forestry,115310,Support Activities for Forestry,45.87,1766084.9,1528295.3,3.0,0
Sonoma,Bay Area,Mining,211120,Crude Petroleum Extraction,10.0,543337.54,49646.82,0.0,1
Sonoma,Bay Area,Mining,211130,Natural Gas Extraction,10.0,1208342.73,111164.13,1.0,1
Sonoma,Bay Area,Mining,212311,Dimension Stone Mining and Quarrying,17.91,14776593.9,3163305.92,2.0,0
Sonoma,Bay Area,Mining,212312,Crushed and Broken Limestone Mining and Quarrying,10.0,1027590.32,220246.94,0.0,1
Sonoma,Bay Area,Mining,212313,Crushed and Broken Granite Mining and Quarrying,10.0,1137095.86,244946.32,0.0,1
Sonoma,Bay Area,Mining,212319,Other Crushed and Broken Stone Mining and Quarrying,119.46,55225663.61,11965151.24,4.0,0
Sonoma,Bay Area,Mining,212321,Construction Sand and Gravel Mining,23.01,8189971.92,2200338.12,2.0,0
Sonoma,Bay Area,Mining,212322,Industrial Sand Mining,10.0,336969.67,88176.03,0.0,1
Sonoma,Bay Area,Mining,212323,"Kaolin, Clay, and Ceramic and Refractory Minerals Mining",10.0,554385.93,148405.57,0.0,1
Sonoma,Bay Area,Mining,212390,Other Nonmetallic Mineral Mining and Quarrying,10.0,1709093.38,459082.61,0.0,1
Sonoma,Bay Area,Mining,213111,Drilling Oil and Gas Wells,10.0,648468.27,180126.24,1.0,1
Sonoma,Bay Area,Mining,213112,Support Activities for Oil and Gas Operations,10.0,1029440.52,373303.8,1.0,1
Sonoma,Bay Area,Mining,213114,Support Activities for Metal Mining,20.07,6470021.3,2269242.11,1.0,0
Sonoma,Bay Area,Renewable Energy,221111,Hydroelectric Power Generation,10.0,4131961.61,573822.16,0.0,1
Sonoma,Bay Area,Renewable Energy,221114,Solar Electric Power Generation,50.53,55119313.26,7624892.71,9.5,0
Sonoma,Bay Area,Renewable Energy,221115,Wind Electric Power Generation,10.0,2527047.55,339492.65,0.0,1
Sonoma,Bay Area,Renewable Energy,221117,Biomass Electric Power Generation,10.0,358425.24,49434.57,0.0,1
Sonoma,Bay Area,Renewable Energy,221118,Other Electric Power Generation,10.0,600771.21,82835.16,0.0,1
Sonoma,Bay Area,Agricultural Support,221310,Water Supply and Irrigation Systems,201.49,64547643.05,20345482.06,12.0,0
Sonoma,Bay Area,Agricultural Processing,311111,Dog and Cat Food Manufacturing,10.0,546681.27,57443.89,2.0,1
Sonoma,Bay Area,Agricultural Processing,311119,Other Animal Food Manufacturing,29.35,24714623.79,2125553.02,2.0,0
Sonoma,Bay Area,Agricultural Processing,311213,Malt Manufacturing,10.0,227367.47,23752.08,1.0,1
Sonoma,Bay Area,Agricultural Processing,311225,Fats and Oils Refining and Blending,11.35,11148705.87,661923.11,2.0,0
Sonoma,Bay Area,Agricultural Processing,311314,Cane Sugar Manufacturing,10.0,4505679.6,641722.81,0.5,1
Sonoma,Bay Area,Agricultural Processing,311340,Nonchocolate Confectionery Manufacturing,20.34,7985300.74,1130493.33,1.0,0
Sonoma,Bay Area,Agricultural Processing,311411,"Frozen Fruit, Juice, and Vegetable Manufacturing",10.0,814729.44,144373.49,0.5,1
Sonoma,Bay Area,Agricultural Processing,311412,Frozen Specialty Food Manufacturing,667.17,355239640.12,62950694.91,1.0,0
Sonoma,Bay Area,Agricultural Processing,311421,Fruit and Vegetable Canning,173.99,78058976.59,14636053.52,6.0,0
Sonoma,Bay Area,Agricultural Processing,311422,Specialty Canning,10.0,735431.82,137503.28,0.0,1
Sonoma,Bay Area,Agricultural Processing,311423,Dried and Dehydrated Food Manufacturing,275.89,146213581.79,27482597.91,2.0,0
Sonoma,Bay Area,Agricultural Processing,311511,Fluid Milk Manufacturing,366.28,388551068.56,43986362.83,6.0,0
Sonoma,Bay Area,Agricultural Processing,311513,Cheese Manufacturing,257.76,299235225.97,22772329.22,12.0,0
Sonoma,Bay Area,Agricultural Processing,311520,Ice Cream and Frozen Dessert Manufacturing,10.0,2556384.59,488332.86,2.0,1
Sonoma,Bay Area,Agricultural Processing,311611,Animal (except Poultry) Slaughtering,10.0,627319.7,74663.23,2.0,1
Sonoma,Bay Area,Agricultural Processing,311612,Meat Processed from Carcasses,60.3,51168829.59,5999309.02,5.0,0
Sonoma,Bay Area,Agricultural Processing,311615,Poultry Processing,420.25,230530169.11,37511435.32,3.0,0
Sonoma,Bay Area,Fishing,311710,Seafood Product Preparation and Packaging,22.61,4755763.44,923175.44,1.0,0
Sonoma,Bay Area,Agricultural Processing,311811,Retail Bakeries,273.64,46651695.79,13836223.85,20.75,0
Sonoma,Bay Area,Agricultural Processing,311812,Commercial Bakeries,372.44,69996992.88,20706671.88,11.25,0
Sonoma,Bay Area,Agricultural Processing,311813,"Frozen Cakes, Pies, and Other Pastries Manufacturing",10.0,142771.31,42458.12,0.5,1
Sonoma,Bay Area,Agricultural Processing,311821,Cookie and Cracker Manufacturing,106.61,36467847.02,6926123.19,5.0,0
Sonoma,Bay Area,Agricultural Processing,311824,"Dry Pasta, Dough, and Flour Mixes Manufacturing from Purchased Flour",132.1,52120693.79,9810550.09,1.0,0
Sonoma,Bay Area,Agricultural Processing,311830,Tortilla Manufacturing,267.87,104762705.54,19844297.4,3.0,0
Sonoma,Bay Area,Agricultural Processing,311911,Roasted Nuts and Peanut Butter Manufacturing,10.0,1298702.33,132819.64,0.0,1
Sonoma,Bay Area,Agricultural Processing,311919,Other Snack Food Manufacturing,10.0,546646.28,55905.36,0.0,1
Sonoma,Bay Area,Agricultural Processing,311920,Coffee and Tea Manufacturing,276.21,170946920.41,24228425.89,12.0,0
Sonoma,Bay Area,Agricultural Processing,311930,Flavoring Syrup and Concentrate Manufacturing,10.0,1206662.92,240346.38,2.0,1
Sonoma,Bay Area,Agricultural Processing,311941,"Mayonnaise, Dressing, and Other Prepared Sauce Manufacturing",12.11,3026970.15,524593.11,5.0,0
Sonoma,Bay Area,Agricultural Processing,311942,Spice and Extract Manufacturing,157.53,81541851.62,13934038.26,2.0,0
Sonoma,Bay Area,Agricultural Processing,311991,Perishable Prepared Food Manufacturing,57.61,18322591.0,3328763.95,2.5,0
Sonoma,Bay Area,Agricultural Processing,311999,All Other Miscellaneous Food Manufacturing,26.69,12885007.51,2338768.75,3.25,0
Sonoma,Bay Area,Agricultural Processing,312111,Soft Drink Manufacturing,29.22,12156019.92,2240747.93,2.5,0
Sonoma,Bay Area,Agricultural Processing,312112,Bottled Water Manufacturing,17.06,6236529.36,1145541.43,1.0,0
Sonoma,Bay Area,Agricultural Processing,312113,Ice Manufacturing,15.63,5682085.6,1043767.19,1.0,0
Sonoma,Bay Area,Agricultural Processing,312120,Breweries,726.83,404109438.92,61918556.72,22.25,0
Sonoma,Bay Area,Agricultural Processing,312130,Wineries,7421.53,3125182982.93,683941134.88,415.75,0
Sonoma,Bay Area,Agricultural Processing,312140,Distilleries,72.34,68043563.05,5370397.73,10.0,0
Sonoma,Bay Area,Agricultural Processing,316990,Other Leather and Allied Product Manufacturing,130.14,22399456.9,6016167.07,4.0,0
Sonoma,Bay Area,Forestry,321113,Sawmills,246.43,131027255.51,19456575.71,5.5,0
Sonoma,Bay Area,Forestry,321114,Wood Preservation,10.0,184549.29,27303.13,0.0,1
Sonoma,Bay Area,Forestry,321211,Hardwood Veneer and Plywood Manufacturing,10.0,1482089.67,256372.68,0.0,1
Sonoma,Bay Area,Forestry,321215,Engineered Wood Member Manufacturing,12.93,4902012.31,856590.86,2.0,0
Sonoma,Bay Area,Forestry,321911,Wood Window and Door Manufacturing,12.48,4290519.14,916127.61,2.0,0
Sonoma,Bay Area,Forestry,321912,"Cut Stock, Resawing Lumber, and Planing",119.21,49618208.38,10476201.31,3.0,0
Sonoma,Bay Area,Forestry,321918,Other Millwork (including Flooring),39.11,12459180.45,2638977.64,4.0,0
Sonoma,Bay Area,Forestry,321920,Wood Container and Pallet Manufacturing,118.69,40235696.79,10010238.23,9.0,0
Sonoma,Bay Area,Forestry,321992,Prefabricated Wood Building Manufacturing,17.3,5191576.97,1292916.94,2.0,0
Sonoma,Bay Area,Forestry,321999,All Other Miscellaneous Wood Product Manufacturing,118.43,35306069.38,8775165.13,9.5,0
Sonoma,Bay Area,Forestry,322120,Paper Mills,10.0,858029.75,153205.23,2.0,1
Sonoma,Bay Area,Agricultural Support,325311,Nitrogenous Fertilizer Manufacturing,47.11,29785811.92,4137730.35,3.5,0
Sonoma,Bay Area,Agricultural Support,325312,Phosphatic Fertilizer Manufacturing,10.0,1890088.8,257406.46,1.0,1
Sonoma,Bay Area,Agricultural Support,325314,Fertilizer (Mixing Only) Manufacturing,22.31,17671589.56,2453184.91,1.0,0
Sonoma,Bay Area,Agricultural Support,325320,Pesticide and Other Agricultural Chemical Manufacturing,10.0,1837763.91,185279.44,0.0,1
Sonoma,Bay Area,Mining,327120,Clay Building Material and Refractories Manufacturing,123.94,27237956.42,9400567.53,4.0,0
Sonoma,Bay Area,Mining,327320,Ready-Mix Concrete Manufacturing,77.9,39982286.7,9016325.25,5.0,0
Sonoma,Bay Area,Mining,327390,Other Concrete Product Manufacturing,45.04,13225173.94,3810645.98,4.0,0
Sonoma,Bay Area,Mining,327991,Cut Stone and Stone Product Manufacturing,10.0,303790.35,116507.2,6.0,1
Sonoma,Bay Area,Agricultural Support,333111,Farm Machinery and Equipment Manufacturing,19.05,8857358.81,1804185.82,2.0,0
Sonoma,Bay Area,Mining,333131,Mining Machinery and Equipment Manufacturing,10.0,131929.82,50581.21,0.0,1
Sonoma,Bay Area,Agricultural Processing,333241,Food Product Machinery Manufacturing,246.8,83808012.37,22715295.04,6.0,0
Sonoma,Bay Area,Forestry,333243,"Sawmill, Woodworking, and Paper Machinery Manufacturing",65.45,26135208.86,7034780.82,0.5,0
Sonoma,Bay Area,Agricultural Processing,333993,Packaging Machinery Manufacturing,30.85,14309054.03,3897462.15,1.0,0
Sonoma,Bay Area,Forestry,337110,Wood Kitchen Cabinet and Countertop Manufacturing,250.94,41349489.75,18662990.81,29.0,0
Sonoma,Bay Area,Forestry,337211,Wood Office Furniture Manufacturing,10.0,649131.89,162808.97,2.0,1
Sonoma,Bay Area,Forestry,423310,"Lumber, Plywood, Millwork, and Wood Panel Merchant Wholesalers",378.08,131276079.21,40021214.21,20.75,0
Sonoma,Bay Area,Mining,423320,"Brick, Stone, and Related Construction Material Merchant Wholesalers",173.71,52339314.77,15983377.45,9.0,0
Sonoma,Bay Area,Agricultural Support,423820,Farm and Garden Machinery and Equipment Merchant Wholesalers,177.13,59749959.51,20493156.43,15.5,0
Sonoma,Bay Area,Agricultural Distribution,424410,General Line Grocery Merchant Wholesalers,92.16,27541949.64,9169321.86,10.25,0
Sonoma,Bay Area,Agricultural Distribution,424420,Packaged Frozen Food Merchant Wholesalers,37.65,11277749.43,3749527.02,3.0,0
Sonoma,Bay Area,Agricultural Distribution,424430,Dairy Product (except Dried or Canned) Merchant Wholesalers,119.73,35224494.8,11674572.51,7.0,0
Sonoma,Bay Area,Agricultural Distribution,424440,Poultry and Poultry Product Merchant Wholesalers,16.29,5653718.73,1883772.44,2.0,0
Sonoma,Bay Area,Agricultural Distribution,424450,Confectionery Merchant Wholesalers,95.72,20614203.85,6836941.55,6.75,0
Sonoma,Bay Area,Fishing,424460,Fish and Seafood Merchant Wholesalers,23.76,6019530.08,2007494.98,1.0,0
Sonoma,Bay Area,Agricultural Distribution,424470,Meat and Meat Product Merchant Wholesalers,86.43,21349880.35,7112690.44,5.5,0
Sonoma,Bay Area,Agricultural Distribution,424480,Fresh Fruit and Vegetable Merchant Wholesalers,107.78,19218165.93,6409500.69,9.0,0
Sonoma,Bay Area,Agricultural Distribution,424490,Other Grocery and Related Products Merchant Wholesalers,412.05,104126229.91,34650695.11,28.0,0
Sonoma,Bay Area,Agricultural Distribution,424510,Grain and Field Bean Merchant Wholesalers,10.0,824729.83,197782.32,0.0,1
Sonoma,Bay Area,Agricultural Distribution,424520,Livestock Merchant Wholesalers,23.19,2249024.49,534306.12,3.0,0
Sonoma,Bay Area,Agricultural Distribution,424590,Other Farm Product Raw Material Merchant Wholesalers,59.18,19857549.27,4786152.87,12.25,0
Sonoma,Bay Area,Agricultural Distribution,424810,Beer and Ale Merchant Wholesalers,268.87,81739948.18,19645366.43,3.0,0
Sonoma,Bay Area,Agricultural Distribution,424820,Wine and Distilled Alcoholic Beverage Merchant Wholesalers,1172.78,567426395.42,138442476.88,57.25,0
Sonoma,Bay Area,Agricultural Distribution,424910,Farm Supplies Merchant Wholesalers,202.89,102357246.78,24635931.13,18.5,0
Sonoma,Bay Area,Agricultural Distribution,424930,"Flower, Nursery Stock, and Florists' Supplies Merchant Wholesalers",352.1,87019273.66,21014183.18,14.25,0
Sonoma,Bay Area,Agricultural Distribution,424990,Other Miscellaneous Nondurable Goods Merchant Wholesalers,344.5,108846722.54,26375100.52,28.75,0
Sonoma,Bay Area,Outdoor Recreation,441222,Boat Dealers,13.67,2136407.36,651471.59,4.25,0
Sonoma,Bay Area,Agricultural Support,444240,"Nursery, Garden Center, and Farm Supply Retailers",405.81,69200026.17,19820052.09,40.25,0
Sonoma,Bay Area,Agricultural Distribution,445230,Fruit and Vegetable Markets,122.03,15623911.27,5947482.1,10.0,0
Sonoma,Bay Area,Agricultural Distribution,445240,Meat Retailers,92.0,11721695.73,4428737.47,9.75,0
Sonoma,Bay Area,Agricultural Distribution,445291,Baked Goods Stores,38.54,3656285.01,1380088.72,1.0,0
Sonoma,Bay Area,Agricultural Distribution,445292,Confectionery and Nut Stores,68.53,5629988.16,2130927.25,12.0,0
Sonoma,Bay Area,Agricultural Distribution,445298,All Other Specialty Food Retailers,291.04,33883769.88,12851531.82,19.5,0
Sonoma,Bay Area,Agricultural Distribution,445320,"Beer, Wine, and Liquor Retailers",400.05,63246070.62,23864747.07,59.25,0
Sonoma,Bay Area,Agricultural Distribution,456191,Food (Health) Supplement Retailers,168.36,14346704.03,4538879.43,15.0,0
Sonoma,Bay Area,Agricultural Distribution,459310,Florists,320.98,19929819.12,6674202.76,17.75,0
Sonoma,Bay Area,Agricultural Distribution,484230,"Specialized Freight (except Used Goods) Trucking, Long-Distance",22.9,4341488.73,1568944.94,5.0,0
Sonoma,Bay Area,Outdoor Recreation,487110,"Scenic and Sightseeing Transportation, Land",92.19,12194553.7,5271123.84,3.0,0
Sonoma,Bay Area,Outdoor Recreation,487210,"Scenic and Sightseeing Transportation, Water",24.49,1754221.08,757354.52,2.25,0
Sonoma,Bay Area,Outdoor Recreation,487990,"Scenic and Sightseeing Transportation, Other",23.58,2076547.78,894483.62,1.0,0
Sonoma,Bay Area,Agricultural Distribution,493120,Refrigerated Warehousing and Storage,97.85,13553734.31,8528283.76,1.0,0
Sonoma,Bay Area,Agricultural Distribution,493130,Farm Product Warehousing and Storage,10.0,95058.39,59767.33,1.0,1
Sonoma,Bay Area,Outdoor Recreation,532284,Recreational Goods Rental,15.15,1692947.04,444084.99,5.0,0
Sonoma,Bay Area,Mining,532412,"Construction, Mining, and Forestry Machinery and Equipment Rental and Leasing",138.02,129940457.18,16359667.25,14.75,0
Sonoma,Bay Area,Mining,541360,Geophysical Surveying and Mapping Services,15.22,1914409.22,961996.68,3.0,0
Sonoma,Bay Area,Agricultural Support,541620,Environmental Consulting Services,496.69,74362521.28,45393527.9,31.25,0
Sonoma,Bay Area,Agricultural Support,541690,Other Scientific and Technical Consulting Services,1021.36,99257753.64,60597131.6,77.0,0
Sonoma,Bay Area,Agricultural Distribution,624210,Community Food Services,235.64,23145762.78,16931265.32,7.0,0
Sonoma,Bay Area,Outdoor Recreation,712130,Zoos and Botanical Gardens,168.41,26732202.12,8667436.73,4.0,0
Sonoma,Bay Area,Outdoor Recreation,712190,Nature Parks and Other Similar Institutions,81.22,19386798.89,6270311.23,7.0,0
Sonoma,Bay Area,Outdoor Recreation,713930,Marinas,11.62,1402732.4,546458.22,1.0,0
Sonoma,Bay Area,Outdoor Recreation,713990,All Other Amusement and Recreation Industries,758.16,87180280.64,33743264.9,46.0,0
Sonoma,Bay Area,Outdoor Recreation,721211,RV (Recreational Vehicle) Parks and Campgrounds,108.9,19183870.16,5058040.23,6.75,0
Sonoma,Bay Area,Outdoor Recreation,721214,Recreational and Vacation Camps (except Campgrounds),131.73,26215955.96,6895171.84,5.0,0
Stanislaus,Northern San Joaquin,Agricultural Production,111000,Crop Production,5968.5,1768413414.33,405480113.2,476.25,0
Stanislaus,Northern San Joaquin,Agricultural Production,112000,Animal Production,3393.52,1414542900.43,247902865.77,196.25,0
Stanislaus,Northern San Joaquin,Forestry,113110,Timber Tract Operations,10.0,99899.72,40883.88,0.0,1
Stanislaus,Northern San Joaquin,Forestry,113210,Forest Nurseries and Gathering of Forest Products,13.54,2329602.24,959516.38,0.0,0
Stanislaus,Northern San Joaquin,Forestry,113310,Logging,10.0,590868.28,233610.89,0.0,1
Stanislaus,Northern San Joaquin,Fishing,114111,Finfish Fishing,19.57,1169162.83,449290.88,0.0,0
Stanislaus,Northern San Joaquin,Fishing,114112,Shellfish Fishing,10.37,394102.75,149868.49,0.0,0
Stanislaus,Northern San Joaquin,Outdoor Recreation,114210,Hunting and Trapping,10.0,507387.99,191969.68,1.0,1
Stanislaus,Northern San Joaquin,Agricultural Processing,115111,Cotton Ginning,10.0,287002.67,247710.01,0.0,1
Stanislaus,Northern San Joaquin,Agricultural Production,115112,"Soil Preparation, Planting, and Cultivating",279.73,21325046.61,18489550.9,33.75,0
Stanislaus,Northern San Joaquin,Agricultural Production,115113,"Crop Harvesting, Primarily by Machine",247.52,22238182.52,19296794.69,25.25,0
Stanislaus,Northern San Joaquin,Agricultural Production,115114,Postharvest Crop Activities (except Cotton Ginning),1684.36,134120492.0,116600374.83,56.5,0
Stanislaus,Northern San Joaquin,Agricultural Support,115115,Farm Labor Contractors and Crew Leaders,3622.54,220587648.94,176114765.73,51.75,0
Stanislaus,Northern San Joaquin,Agricultural Support,115116,Farm Management Services,370.4,34519151.98,30009298.42,27.75,0
Stanislaus,Northern San Joaquin,Agricultural Support,115210,Support Activities for Animal Production,294.55,20833629.56,18040389.56,16.5,0
Stanislaus,Northern San Joaquin,Forestry,115310,Support Activities for Forestry,10.0,181182.83,156787.97,0.0,1
Stanislaus,Northern San Joaquin,Mining,211120,Crude Petroleum Extraction,66.43,12473013.74,1139706.77,0.0,0
Stanislaus,Northern San Joaquin,Mining,211130,Natural Gas Extraction,13.08,1739555.72,160034.24,0.0,0
Stanislaus,Northern San Joaquin,Mining,212210,Iron Ore Mining,10.0,331075.58,60106.17,0.0,1
Stanislaus,Northern San Joaquin,Mining,212220,Gold Ore and Silver Ore Mining,42.31,3328349.96,630617.52,0.0,0
Stanislaus,Northern San Joaquin,Mining,212321,Construction Sand and Gravel Mining,94.57,38297546.9,10289113.74,2.75,0
Stanislaus,Northern San Joaquin,Mining,212390,Other Nonmetallic Mineral Mining and Quarrying,10.46,5052420.15,1357139.56,1.0,0
Stanislaus,Northern San Joaquin,Mining,213111,Drilling Oil and Gas Wells,10.0,43499.92,12083.05,0.0,1
Stanislaus,Northern San Joaquin,Mining,213112,Support Activities for Oil and Gas Operations,10.0,170982.95,62003.18,0.0,1
Stanislaus,Northern San Joaquin,Mining,213115,Support Activities for Nonmetallic Minerals (except Fuels) Mining,10.0,341301.27,117180.68,0.75,1
Stanislaus,Northern San Joaquin,Renewable Energy,221111,Hydroelectric Power Generation,10.0,1705649.86,236870.47,0.0,1
Stanislaus,Northern San Joaquin,Renewable Energy,221114,Solar Electric Power Generation,24.29,32912114.76,4552875.01,8.0,0
Stanislaus,Northern San Joaquin,Renewable Energy,221115,Wind Electric Power Generation,10.0,865466.59,116269.89,0.0,1
Stanislaus,Northern San Joaquin,Renewable Energy,221118,Other Electric Power Generation,49.14,70474612.65,9717136.94,1.0,0
Stanislaus,Northern San Joaquin,Agricultural Support,221310,Water Supply and Irrigation Systems,120.94,42671716.98,13450168.14,8.5,0
Stanislaus,Northern San Joaquin,Agricultural Processing,311111,Dog and Cat Food Manufacturing,10.0,6648196.32,698575.67,1.0,1
Stanislaus,Northern San Joaquin,Agricultural Processing,311119,Other Animal Food Manufacturing,663.42,723641983.74,62236003.13,21.25,0
Stanislaus,Northern San Joaquin,Agricultural Processing,311224,Soybean and Other Oilseed Processing,57.13,184389111.96,4008314.56,1.0,0
Stanislaus,Northern San Joaquin,Agricultural Processing,311225,Fats and Oils Refining and Blending,100.59,152166802.94,9034476.74,1.0,0
Stanislaus,Northern San Joaquin,Agricultural Processing,311230,Breakfast Cereal Manufacturing,27.72,11274144.98,1492167.34,1.0,0
Stanislaus,Northern San Joaquin,Agricultural Processing,311411,"Frozen Fruit, Juice, and Vegetable Manufacturing",10.0,2747582.93,486883.28,1.0,1
Stanislaus,Northern San Joaquin,Agricultural Processing,311412,Frozen Specialty Food Manufacturing,190.88,99034375.69,17549513.25,1.0,0
Stanislaus,Northern San Joaquin,Agricultural Processing,311421,Fruit and Vegetable Canning,2523.62,1112879971.73,208664929.29,6.0,0
Stanislaus,Northern San Joaquin,Agricultural Processing,311422,Specialty Canning,29.02,16269085.89,3041821.95,1.0,0
Stanislaus,Northern San Joaquin,Agricultural Processing,311423,Dried and Dehydrated Food Manufacturing,978.39,413650575.91,77750591.4,7.0,0
Stanislaus,Northern San Joaquin,Agricultural Processing,311511,Fluid Milk Manufacturing,919.83,853413670.21,96611659.01,5.0,0
Stanislaus,Northern San Joaquin,Agricultural Processing,311512,Creamery Butter Manufacturing,156.61,132285948.46,14695526.94,1.0,0
Stanislaus,Northern San Joaquin,Agricultural Processing,311513,Cheese Manufacturing,705.05,764155613.74,58153591.91,8.0,0
Stanislaus,Northern San Joaquin,Agricultural Processing,311514,"Dry, Condensed, and Evaporated Dairy Product Manufacturing",227.97,343856620.32,25966455.89,6.0,0
Stanislaus,Northern San Joaquin,Agricultural Processing,311520,Ice Cream and Frozen Dessert Manufacturing,269.48,83505653.01,15951650.78,3.25,0
Stanislaus,Northern San Joaquin,Agricultural Processing,311611,Animal (except Poultry) Slaughtering,21.95,12855732.47,1530081.8,1.0,0
Stanislaus,Northern San Joaquin,Agricultural Processing,311613,Rendering and Meat Byproduct Processing,59.63,49328166.57,5784813.89,1.0,0
Stanislaus,Northern San Joaquin,Agricultural Processing,311615,Poultry Processing,1544.34,454708436.02,73989301.06,39.0,0
Stanislaus,Northern San Joaquin,Agricultural Processing,311811,Retail Bakeries,133.2,11841645.81,3512062.3,8.5,0
Stanislaus,Northern San Joaquin,Agricultural Processing,311812,Commercial Bakeries,171.44,41231265.76,12197128.14,3.25,0
Stanislaus,Northern San Joaquin,Agricultural Processing,311813,"Frozen Cakes, Pies, and Other Pastries Manufacturing",10.0,111222.63,33076.0,1.0,1
Stanislaus,Northern San Joaquin,Agricultural Processing,311821,Cookie and Cracker Manufacturing,10.0,151830.35,28836.24,0.0,1
Stanislaus,Northern San Joaquin,Agricultural Processing,311824,"Dry Pasta, Dough, and Flour Mixes Manufacturing from Purchased Flour",10.0,164200.53,30907.06,0.0,1
Stanislaus,Northern San Joaquin,Agricultural Processing,311830,Tortilla Manufacturing,56.47,21485643.24,4069840.43,3.0,0
Stanislaus,Northern San Joaquin,Agricultural Processing,311911,Roasted Nuts and Peanut Butter Manufacturing,688.52,680337558.83,69578828.63,3.0,0
Stanislaus,Northern San Joaquin,Agricultural Processing,311919,Other Snack Food Manufacturing,1349.46,1092129614.87,111691778.97,1.0,0
Stanislaus,Northern San Joaquin,Agricultural Processing,311920,Coffee and Tea Manufacturing,15.17,7137019.56,1011534.74,3.0,0
Stanislaus,Northern San Joaquin,Agricultural Processing,311930,Flavoring Syrup and Concentrate Manufacturing,10.0,660704.87,131600.98,0.0,1
Stanislaus,Northern San Joaquin,Agricultural Processing,311941,"Mayonnaise, Dressing, and Other Prepared Sauce Manufacturing",10.0,2573127.32,445939.27,1.25,1
Stanislaus,Northern San Joaquin,Agricultural Processing,311942,Spice and Extract Manufacturing,43.61,50383283.91,8609598.53,1.0,0
Stanislaus,Northern San Joaquin,Agricultural Processing,311991,Perishable Prepared Food Manufacturing,64.48,41939625.31,7619397.98,3.0,0
Stanislaus,Northern San Joaquin,Agricultural Processing,311999,All Other Miscellaneous Food Manufacturing,278.87,221444464.12,40194574.28,1.0,0
Stanislaus,Northern San Joaquin,Agricultural Processing,312111,Soft Drink Manufacturing,62.26,32377345.77,5968192.8,4.0,0
Stanislaus,Northern San Joaquin,Agricultural Processing,312112,Bottled Water Manufacturing,270.8,127115972.96,23348982.33,1.0,0
Stanislaus,Northern San Joaquin,Agricultural Processing,312113,Ice Manufacturing,29.55,12674455.35,2328226.21,1.0,0
Stanislaus,Northern San Joaquin,Agricultural Processing,312120,Breweries,180.93,99124441.06,15188069.7,6.0,0
Stanislaus,Northern San Joaquin,Agricultural Processing,312130,Wineries,3209.43,1976115768.91,432469672.67,9.0,0
Stanislaus,Northern San Joaquin,Agricultural Processing,312140,Distilleries,10.0,4963092.51,391716.42,0.0,1
Stanislaus,Northern San Joaquin,Agricultural Processing,316110,Leather and Hide Tanning and Finishing,17.45,7386581.51,1991799.12,2.0,0
Stanislaus,Northern San Joaquin,Agricultural Processing,316990,Other Leather and Allied Product Manufacturing,10.0,541877.1,145540.28,0.0,1
Stanislaus,Northern San Joaquin,Forestry,321113,Sawmills,10.0,793901.41,117888.47,0.0,1
Stanislaus,Northern San Joaquin,Forestry,321114,Wood Preservation,66.65,45376737.01,6713258.81,2.0,0
Stanislaus,Northern San Joaquin,Forestry,321211,Hardwood Veneer and Plywood Manufacturing,0.0,74601.82,12904.66,0.25,0
Stanislaus,Northern San Joaquin,Forestry,321215,Engineered Wood Member Manufacturing,282.53,126387428.4,22085280.32,5.0,0
Stanislaus,Northern San Joaquin,Forestry,321911,Wood Window and Door Manufacturing,20.83,9437117.7,2015048.48,1.0,0
Stanislaus,Northern San Joaquin,Forestry,321912,"Cut Stock, Resawing Lumber, and Planing",10.0,89335.29,18861.92,0.0,1
Stanislaus,Northern San Joaquin,Forestry,321918,Other Millwork (including Flooring),10.0,461237.12,97694.58,0.0,1
Stanislaus,Northern San Joaquin,Forestry,321920,Wood Container and Pallet Manufacturing,360.46,97671704.9,24299741.59,13.0,0
Stanislaus,Northern San Joaquin,Forestry,321992,Prefabricated Wood Building Manufacturing,10.0,3005312.88,748446.94,2.0,1
Stanislaus,Northern San Joaquin,Forestry,321999,All Other Miscellaneous Wood Product Manufacturing,48.65,11560829.82,2873392.38,3.0,0
Stanislaus,Northern San Joaquin,Forestry,322211,Corrugated and Solid Fiber Box Manufacturing,1047.94,591257393.15,110422801.13,7.0,0
Stanislaus,Northern San Joaquin,Forestry,322212,Folding Paperboard Box Manufacturing,12.21,6082671.53,1141400.66,1.25,0
Stanislaus,Northern San Joaquin,Forestry,322219,Other Paperboard Container Manufacturing,159.27,78348562.47,14495393.27,1.0,0
Stanislaus,Northern San Joaquin,Agricultural Support,325311,Nitrogenous Fertilizer Manufacturing,19.71,12297306.13,1708294.44,1.0,0
Stanislaus,Northern San Joaquin,Agricultural Support,325314,Fertilizer (Mixing Only) Manufacturing,29.71,16881439.64,2343495.64,2.5,0
Stanislaus,Northern San Joaquin,Agricultural Support,325320,Pesticide and Other Agricultural Chemical Manufacturing,17.06,15620476.18,1574823.1,1.0,0
Stanislaus,Northern San Joaquin,Mining,327120,Clay Building Material and Refractories Manufacturing,10.0,84065.34,29013.26,0.75,1
Stanislaus,Northern San Joaquin,Mining,327310,Cement Manufacturing,10.0,1011853.4,163800.22,1.0,1
Stanislaus,Northern San Joaquin,Mining,327320,Ready-Mix Concrete Manufacturing,84.64,34467479.73,7772692.2,5.75,0
Stanislaus,Northern San Joaquin,Mining,327331,Concrete Block and Brick Manufacturing,10.0,254470.48,76079.53,0.5,1
Stanislaus,Northern San Joaquin,Mining,327390,Other Concrete Product Manufacturing,31.79,6514833.8,1877156.8,3.0,0
Stanislaus,Northern San Joaquin,Mining,327991,Cut Stone and Stone Product Manufacturing,197.54,55860082.01,21423004.03,1.0,0
Stanislaus,Northern San Joaquin,Agricultural Support,333111,Farm Machinery and Equipment Manufacturing,497.92,213985706.52,43587483.18,9.0,0
Stanislaus,Northern San Joaquin,Agricultural Processing,333241,Food Product Machinery Manufacturing,110.54,29379039.75,7962884.9,6.5,0
Stanislaus,Northern San Joaquin,Forestry,333243,"Sawmill, Woodworking, and Paper Machinery Manufacturing",10.0,23568.07,6343.79,0.0,1
Stanislaus,Northern San Joaquin,Agricultural Processing,333993,Packaging Machinery Manufacturing,36.31,12824774.97,3493178.16,2.0,0
Stanislaus,Northern San Joaquin,Forestry,337110,Wood Kitchen Cabinet and Countertop Manufacturing,124.36,17313095.1,7814223.02,14.0,0
Stanislaus,Northern San Joaquin,Forestry,423310,"Lumber, Plywood, Millwork, and Wood Panel Merchant Wholesalers",86.91,27311164.99,8326162.63,7.75,0
Stanislaus,Northern San Joaquin,Mining,423320,"Brick, Stone, and Related Construction Material Merchant Wholesalers",36.12,10133269.66,3094497.41,5.0,0
Stanislaus,Northern San Joaquin,Agricultural Support,423820,Farm and Garden Machinery and Equipment Merchant Wholesalers,536.6,155542965.12,53348426.38,33.0,0
Stanislaus,Northern San Joaquin,Agricultural Distribution,424410,General Line Grocery Merchant Wholesalers,594.48,181749570.58,60508436.51,13.0,0
Stanislaus,Northern San Joaquin,Agricultural Distribution,424420,Packaged Frozen Food Merchant Wholesalers,40.36,8223588.44,2734106.41,2.0,0
Stanislaus,Northern San Joaquin,Agricultural Distribution,424430,Dairy Product (except Dried or Canned) Merchant Wholesalers,24.59,4332546.65,1435950.48,4.0,0
Stanislaus,Northern San Joaquin,Agricultural Distribution,424440,Poultry and Poultry Product Merchant Wholesalers,10.0,463393.85,154399.01,0.0,1
Stanislaus,Northern San Joaquin,Agricultural Distribution,424450,Confectionery Merchant Wholesalers,56.3,11412651.51,3785139.21,5.5,0
Stanislaus,Northern San Joaquin,Fishing,424460,Fish and Seafood Merchant Wholesalers,28.2,3810366.74,1270745.72,3.0,0
Stanislaus,Northern San Joaquin,Agricultural Distribution,424470,Meat and Meat Product Merchant Wholesalers,150.36,26701232.86,8895487.97,6.0,0
Stanislaus,Northern San Joaquin,Agricultural Distribution,424480,Fresh Fruit and Vegetable Merchant Wholesalers,234.08,50422228.94,16816449.19,8.5,0
Stanislaus,Northern San Joaquin,Agricultural Distribution,424490,Other Grocery and Related Products Merchant Wholesalers,398.2,112534671.78,37448821.53,20.5,0
Stanislaus,Northern San Joaquin,Agricultural Distribution,424510,Grain and Field Bean Merchant Wholesalers,10.0,554724.52,133031.08,0.0,1
Stanislaus,Northern San Joaquin,Agricultural Distribution,424520,Livestock Merchant Wholesalers,111.01,18531412.2,4402551.86,6.0,0
Stanislaus,Northern San Joaquin,Agricultural Distribution,424590,Other Farm Product Raw Material Merchant Wholesalers,121.58,39482215.48,9516175.26,10.5,0
Stanislaus,Northern San Joaquin,Agricultural Distribution,424810,Beer and Ale Merchant Wholesalers,10.0,2474507.59,594722.77,0.0,1
Stanislaus,Northern San Joaquin,Agricultural Distribution,424820,Wine and Distilled Alcoholic Beverage Merchant Wholesalers,179.59,79564334.71,19412356.66,4.0,0
Stanislaus,Northern San Joaquin,Agricultural Distribution,424910,Farm Supplies Merchant Wholesalers,422.61,187306337.21,45081967.02,20.0,0
Stanislaus,Northern San Joaquin,Agricultural Distribution,424930,"Flower, Nursery Stock, and Florists' Supplies Merchant Wholesalers",115.28,23770696.5,5740357.85,3.75,0
Stanislaus,Northern San Joaquin,Agricultural Distribution,424990,Other Miscellaneous Nondurable Goods Merchant Wholesalers,153.35,43371646.52,10509563.45,8.0,0
Stanislaus,Northern San Joaquin,Outdoor Recreation,441222,Boat Dealers,10.0,449092.15,136945.22,1.0,1
Stanislaus,Northern San Joaquin,Agricultural Support,444240,"Nursery, Garden Center, and Farm Supply Retailers",306.03,41069314.76,11762942.92,21.0,0
Stanislaus,Northern San Joaquin,Agricultural Distribution,445230,Fruit and Vegetable Markets,114.65,10298917.49,3920441.33,10.5,0
Stanislaus,Northern San Joaquin,Agricultural Distribution,445240,Meat Retailers,211.41,22843565.94,8630846.48,14.0,0
Stanislaus,Northern San Joaquin,Agricultural Distribution,445291,Baked Goods Stores,69.01,11378179.58,4294768.38,2.5,0
Stanislaus,Northern San Joaquin,Agricultural Distribution,445292,Confectionery and Nut Stores,63.14,8004551.28,3029689.58,4.75,0
Stanislaus,Northern San Joaquin,Agricultural Distribution,445298,All Other Specialty Food Retailers,161.93,12674149.08,4807087.02,8.5,0
Stanislaus,Northern San Joaquin,Agricultural Distribution,445320,"Beer, Wine, and Liquor Retailers",202.09,20972918.28,7913746.82,43.0,0
Stanislaus,Northern San Joaquin,Agricultural Distribution,456191,Food (Health) Supplement Retailers,182.26,9418577.51,2979763.69,12.75,0
Stanislaus,Northern San Joaquin,Agricultural Distribution,459310,Florists,231.59,18631233.83,6239325.68,20.25,0
Stanislaus,Northern San Joaquin,Agricultural Distribution,484230,"Specialized Freight (except Used Goods) Trucking, Long-Distance",72.72,13759730.86,4972547.77,21.0,0
Stanislaus,Northern San Joaquin,Outdoor Recreation,487110,"Scenic and Sightseeing Transportation, Land",30.58,1033444.66,446708.83,0.0,0
Stanislaus,Northern San Joaquin,Outdoor Recreation,487210,"Scenic and Sightseeing Transportation, Water",47.01,4039876.46,1744146.58,0.0,0
Stanislaus,Northern San Joaquin,Outdoor Recreation,487990,"Scenic and Sightseeing Transportation, Other",10.0,132648.95,57139.22,0.0,1
Stanislaus,Northern San Joaquin,Agricultural Distribution,493120,Refrigerated Warehousing and Storage,492.83,62548710.41,39356913.67,11.0,0
Stanislaus,Northern San Joaquin,Agricultural Distribution,493130,Farm Product Warehousing and Storage,10.0,198009.78,124497.34,1.0,1
Stanislaus,Northern San Joaquin,Outdoor Recreation,532284,Recreational Goods Rental,25.15,2806498.24,736185.9,1.0,0
Stanislaus,Northern San Joaquin,Mining,532412,"Construction, Mining, and Forestry Machinery and Equipment Rental and Leasing",133.74,101973617.87,12838606.95,8.0,0
Stanislaus,Northern San Joaquin,Mining,541360,Geophysical Surveying and Mapping Services,0.0,45893.76,23061.76,0.5,0
Stanislaus,Northern San Joaquin,Agricultural Support,541620,Environmental Consulting Services,174.97,20068020.04,12250233.21,11.5,0
Stanislaus,Northern San Joaquin,Agricultural Support,541690,Other Scientific and Technical Consulting Services,391.06,49460787.82,30195947.0,51.75,0
Stanislaus,Northern San Joaquin,Agricultural Distribution,624210,Community Food Services,53.15,3193112.59,2335781.15,6.0,0
Stanislaus,Northern San Joaquin,Outdoor Recreation,713930,Marinas,10.0,417391.44,162601.92,0.0,1
Stanislaus,Northern San Joaquin,Outdoor Recreation,713990,All Other Amusement and Recreation Industries,321.4,23486253.19,9090391.28,26.0,0
Stanislaus,Northern San Joaquin,Outdoor Recreation,721211,RV (Recreational Vehicle) Parks and Campgrounds,10.0,357009.02,94129.39,1.0,1
Stanislaus,Northern San Joaquin,Outdoor Recreation,721214,Recreational and Vacation Camps (except Campgrounds),10.0,574009.15,150972.63,2.0,1
Sutter,Capital,Agricultural Production,111000,Crop Production,3176.92,835004533.9,191458473.56,355.25,0
Sutter,Capital,Agricultural Production,112000,Animal Production,54.14,19025955.16,3334355.44,11.0,0
Sutter,Capital,Forestry,113110,Timber Tract Operations,10.0,101265.04,41442.63,0.0,1
Sutter,Capital,Forestry,113210,Forest Nurseries and Gathering of Forest Products,10.0,1546042.21,636783.74,1.0,1
Sutter,Capital,Forestry,113310,Logging,47.23,11929554.99,4716573.95,1.0,0
Sutter,Capital,Fishing,114111,Finfish Fishing,12.7,983143.71,377806.66,0.0,0
Sutter,Capital,Fishing,114112,Shellfish Fishing,10.0,287404.46,109293.5,0.0,1
Sutter,Capital,Outdoor Recreation,114210,Hunting and Trapping,10.0,712951.1,269744.26,1.0,1
Sutter,Capital,Agricultural Processing,115111,Cotton Ginning,10.0,493371.14,425825.2,0.0,1
Sutter,Capital,Agricultural Production,115112,"Soil Preparation, Planting, and Cultivating",118.96,11945950.85,10357551.4,18.25,0
Sutter,Capital,Agricultural Production,115113,"Crop Harvesting, Primarily by Machine",99.0,9130761.48,7923058.88,8.0,0
Sutter,Capital,Agricultural Production,115114,Postharvest Crop Activities (except Cotton Ginning),241.76,19661001.96,17092691.53,19.5,0
Sutter,Capital,Agricultural Support,115115,Farm Labor Contractors and Crew Leaders,1198.12,63035447.08,50326811.35,21.5,0
Sutter,Capital,Agricultural Support,115116,Farm Management Services,61.36,4470129.96,3886117.02,6.0,0
Sutter,Capital,Agricultural Support,115210,Support Activities for Animal Production,17.51,462253.3,400277.33,4.0,0
Sutter,Capital,Forestry,115310,Support Activities for Forestry,17.68,1152668.28,997470.46,2.0,0
Sutter,Capital,Mining,211120,Crude Petroleum Extraction,10.0,8367.23,764.55,0.0,1
Sutter,Capital,Mining,211130,Natural Gas Extraction,10.0,6295300.24,579149.92,1.0,1
Sutter,Capital,Mining,212390,Other Nonmetallic Mineral Mining and Quarrying,10.0,484360.37,130104.9,1.0,1
Sutter,Capital,Mining,213111,Drilling Oil and Gas Wells,20.67,9943612.72,2762055.83,3.0,0
Sutter,Capital,Mining,213112,Support Activities for Oil and Gas Operations,10.0,1245836.17,451774.89,1.0,1
Sutter,Capital,Renewable Energy,221114,Solar Electric Power Generation,10.0,4658256.38,644396.73,0.75,1
Sutter,Capital,Agricultural Support,221310,Water Supply and Irrigation Systems,47.06,9535905.76,3005727.09,6.0,0
Sutter,Capital,Agricultural Processing,311119,Other Animal Food Manufacturing,10.0,1946443.27,167401.63,1.0,1
Sutter,Capital,Agricultural Processing,311212,Rice Milling,10.0,857914.51,90890.73,1.0,1
Sutter,Capital,Agricultural Processing,311421,Fruit and Vegetable Canning,10.0,1369392.32,256760.98,1.0,1
Sutter,Capital,Agricultural Processing,311423,Dried and Dehydrated Food Manufacturing,637.41,299449129.56,56285058.63,3.5,0
Sutter,Capital,Agricultural Processing,311612,Meat Processed from Carcasses,10.0,852164.07,99912.3,1.0,1
Sutter,Capital,Agricultural Processing,311811,Retail Bakeries,10.0,115241.17,34178.88,0.5,1
Sutter,Capital,Agricultural Processing,311911,Roasted Nuts and Peanut Butter Manufacturing,12.03,3469324.66,354811.44,0.0,0
Sutter,Capital,Agricultural Processing,311920,Coffee and Tea Manufacturing,10.0,575028.38,81499.17,0.0,1
Sutter,Capital,Agricultural Processing,311930,Flavoring Syrup and Concentrate Manufacturing,10.0,192263.78,38295.62,0.0,1
Sutter,Capital,Agricultural Processing,311941,"Mayonnaise, Dressing, and Other Prepared Sauce Manufacturing",10.0,180047.19,31203.32,0.0,1
Sutter,Capital,Agricultural Processing,311942,Spice and Extract Manufacturing,10.0,258393.7,44154.84,0.0,1
Sutter,Capital,Agricultural Processing,311991,Perishable Prepared Food Manufacturing,10.0,383227.02,69622.92,0.0,1
Sutter,Capital,Agricultural Processing,311999,All Other Miscellaneous Food Manufacturing,10.0,254703.42,46231.44,0.0,1
Sutter,Capital,Agricultural Processing,312111,Soft Drink Manufacturing,63.47,28139457.36,5187012.8,1.75,0
Sutter,Capital,Agricultural Processing,312120,Breweries,10.0,762406.62,116817.66,0.0,1
Sutter,Capital,Agricultural Processing,312130,Wineries,10.0,2781753.22,608782.1,0.0,1
Sutter,Capital,Agricultural Processing,316990,Other Leather and Allied Product Manufacturing,10.0,261806.75,70317.47,0.0,1
Sutter,Capital,Forestry,321113,Sawmills,10.0,1476536.25,219254.68,0.0,1
Sutter,Capital,Forestry,321911,Wood Window and Door Manufacturing,10.0,102052.44,21790.62,0.0,1
Sutter,Capital,Forestry,321912,"Cut Stock, Resawing Lumber, and Planing",10.0,2035077.79,429678.65,1.0,1
Sutter,Capital,Forestry,321918,Other Millwork (including Flooring),117.16,45921691.47,9726668.43,2.0,0
Sutter,Capital,Forestry,321920,Wood Container and Pallet Manufacturing,10.0,352007.75,87576.0,2.0,1
Sutter,Capital,Forestry,321999,All Other Miscellaneous Wood Product Manufacturing,10.0,925377.1,229998.33,1.0,1
Sutter,Capital,Mining,327410,Lime Manufacturing,10.0,125235.64,18527.21,0.0,1
Sutter,Capital,Agricultural Support,333111,Farm Machinery and Equipment Manufacturing,338.89,147078598.94,29958944.74,6.0,0
Sutter,Capital,Forestry,337110,Wood Kitchen Cabinet and Countertop Manufacturing,12.4,970562.77,438061.12,2.0,0
Sutter,Capital,Mining,423320,"Brick, Stone, and Related Construction Material Merchant Wholesalers",10.0,918767.65,280573.22,1.0,1
Sutter,Capital,Agricultural Support,423820,Farm and Garden Machinery and Equipment Merchant Wholesalers,114.19,32246868.64,11060093.24,8.0,0
Sutter,Capital,Agricultural Distribution,424410,General Line Grocery Merchant Wholesalers,377.85,123417262.89,41088326.05,3.0,0
Sutter,Capital,Agricultural Distribution,424420,Packaged Frozen Food Merchant Wholesalers,10.0,272305.78,90533.83,1.0,1
Sutter,Capital,Agricultural Distribution,424430,Dairy Product (except Dried or Canned) Merchant Wholesalers,10.0,967904.72,320795.91,2.0,1
Sutter,Capital,Agricultural Distribution,424450,Confectionery Merchant Wholesalers,25.35,6892314.15,2285916.51,1.0,0
Sutter,Capital,Fishing,424460,Fish and Seafood Merchant Wholesalers,10.0,84885.44,28309.03,0.0,1
Sutter,Capital,Agricultural Distribution,424480,Fresh Fruit and Vegetable Merchant Wholesalers,12.8,3712544.98,1238180.57,2.0,0
Sutter,Capital,Agricultural Distribution,424490,Other Grocery and Related Products Merchant Wholesalers,89.28,18176960.46,6048853.55,4.0,0
Sutter,Capital,Agricultural Distribution,424510,Grain and Field Bean Merchant Wholesalers,10.0,657602.71,157702.78,1.0,1
Sutter,Capital,Agricultural Distribution,424520,Livestock Merchant Wholesalers,10.0,564620.1,134138.15,0.0,1
Sutter,Capital,Agricultural Distribution,424590,Other Farm Product Raw Material Merchant Wholesalers,10.0,900909.98,217141.24,1.0,1
Sutter,Capital,Agricultural Distribution,424910,Farm Supplies Merchant Wholesalers,104.17,48326450.81,11631488.26,10.25,0
Sutter,Capital,Agricultural Distribution,424930,"Flower, Nursery Stock, and Florists' Supplies Merchant Wholesalers",23.46,5869047.89,1417309.55,2.0,0
Sutter,Capital,Agricultural Distribution,424990,Other Miscellaneous Nondurable Goods Merchant Wholesalers,22.44,5377556.81,1303058.08,4.5,0
Sutter,Capital,Outdoor Recreation,441222,Boat Dealers,10.0,225192.12,68669.61,0.0,1
Sutter,Capital,Agricultural Support,444240,"Nursery, Garden Center, and Farm Supply Retailers",70.53,8234151.42,2358399.54,4.5,0
Sutter,Capital,Agricultural Distribution,445230,Fruit and Vegetable Markets,32.98,3657062.5,1392117.08,1.0,0
Sutter,Capital,Agricultural Distribution,445240,Meat Retailers,10.0,131094.22,49530.54,0.5,1
Sutter,Capital,Agricultural Distribution,445291,Baked Goods Stores,10.0,1426456.09,538425.19,0.0,1
Sutter,Capital,Agricultural Distribution,445292,Confectionery and Nut Stores,20.7,1616919.29,611997.27,3.0,0
Sutter,Capital,Agricultural Distribution,445298,All Other Specialty Food Retailers,36.23,2968555.28,1125922.02,3.5,0
Sutter,Capital,Agricultural Distribution,445320,"Beer, Wine, and Liquor Retailers",10.0,531007.98,200366.14,1.5,1
Sutter,Capital,Agricultural Distribution,456191,Food (Health) Supplement Retailers,20.32,1970901.2,623535.75,2.0,0
Sutter,Capital,Agricultural Distribution,459310,Florists,19.21,1091391.62,365490.97,1.0,0
Sutter,Capital,Agricultural Distribution,484230,"Specialized Freight (except Used Goods) Trucking, Long-Distance",83.64,12709341.84,4592953.89,14.25,0
Sutter,Capital,Outdoor Recreation,487110,"Scenic and Sightseeing Transportation, Land",10.0,105834.44,45747.18,0.0,1
Sutter,Capital,Outdoor Recreation,487210,"Scenic and Sightseeing Transportation, Water",10.0,474106.03,204687.06,0.0,1
Sutter,Capital,Agricultural Distribution,493120,Refrigerated Warehousing and Storage,89.0,7002431.43,4406071.48,2.0,0
Sutter,Capital,Agricultural Distribution,493130,Farm Product Warehousing and Storage,10.0,238542.79,149982.2,1.0,1
Sutter,Capital,Mining,532412,"Construction, Mining, and Forestry Machinery and Equipment Rental and Leasing",96.28,126067649.13,15872075.84,4.25,0
Sutter,Capital,Agricultural Support,541620,Environmental Consulting Services,13.54,912098.99,556777.66,0.0,0
Sutter,Capital,Agricultural Support,541690,Other Scientific and Technical Consulting Services,89.14,12183055.77,7437789.06,14.75,0
Sutter,Capital,Agricultural Distribution,624210,Community Food Services,10.0,481780.78,352425.55,2.75,1
Sutter,Capital,Outdoor Recreation,713930,Marinas,10.0,102177.64,39805.03,0.0,1
Sutter,Capital,Outdoor Recreation,713990,All Other Amusement and Recreation Industries,74.08,5266159.42,2038275.29,16.5,0
Sutter,Capital,Outdoor Recreation,721211,RV (Recreational Vehicle) Parks and Campgrounds,10.0,61511.21,16218.11,1.0,1
Tehama,North State,Agricultural Production,111000,Crop Production,1748.6,444470086.51,101912697.3,80.0,0
Tehama,North State,Agricultural Production,112000,Animal Production,266.52,72558871.39,12716158.8,28.75,0
Tehama,North State,Forestry,113110,Timber Tract Operations,10.0,424964.37,173916.32,1.0,1
Tehama,North State,Forestry,113210,Forest Nurseries and Gathering of Forest Products,10.0,99822.9,41115.05,0.0,1
Tehama,North State,Forestry,113310,Logging,128.42,32548196.06,12868541.52,7.75,0
Tehama,North State,Fishing,114111,Finfish Fishing,10.0,972347.75,373657.94,0.0,1
Tehama,North State,Fishing,114112,Shellfish Fishing,10.0,246958.96,93912.99,0.0,1
Tehama,North State,Outdoor Recreation,114210,Hunting and Trapping,10.0,427471.17,161733.24,0.0,1
Tehama,North State,Agricultural Production,115112,"Soil Preparation, Planting, and Cultivating",27.95,941183.17,816038.27,2.0,0
Tehama,North State,Agricultural Production,115113,"Crop Harvesting, Primarily by Machine",17.06,989136.0,858305.5,4.0,0
Tehama,North State,Agricultural Production,115114,Postharvest Crop Activities (except Cotton Ginning),602.43,52132136.86,45322132.42,4.75,0
Tehama,North State,Agricultural Support,115115,Farm Labor Contractors and Crew Leaders,558.99,33342220.99,26620064.48,12.75,0
Tehama,North State,Agricultural Support,115116,Farm Management Services,10.0,127044.52,110446.43,1.0,1
Tehama,North State,Agricultural Support,115210,Support Activities for Animal Production,59.84,2916756.17,2525696.13,3.0,0
Tehama,North State,Forestry,115310,Support Activities for Forestry,78.44,6088326.37,5268580.56,5.0,0
Tehama,North State,Mining,211120,Crude Petroleum Extraction,10.0,1070820.98,97844.99,0.0,1
Tehama,North State,Mining,211130,Natural Gas Extraction,10.0,110751.68,10188.84,0.0,1
Tehama,North State,Mining,212220,Gold Ore and Silver Ore Mining,10.0,213001.66,40357.11,0.0,1
Tehama,North State,Mining,212313,Crushed and Broken Granite Mining and Quarrying,10.0,98024.51,21115.85,0.0,1
Tehama,North State,Mining,212321,Construction Sand and Gravel Mining,10.0,1047649.2,281464.03,1.0,1
Tehama,North State,Mining,213111,Drilling Oil and Gas Wells,10.0,37100.93,10305.6,0.0,1
Tehama,North State,Mining,213112,Support Activities for Oil and Gas Operations,10.0,209731.64,76054.53,0.0,1
Tehama,North State,Mining,213114,Support Activities for Metal Mining,10.0,213695.48,74949.8,0.0,1
Tehama,North State,Agricultural Support,221310,Water Supply and Irrigation Systems,19.14,4254052.79,1340881.72,5.75,0
Tehama,North State,Agricultural Processing,311111,Dog and Cat Food Manufacturing,10.0,65448.58,6877.17,0.0,1
Tehama,North State,Agricultural Processing,311119,Other Animal Food Manufacturing,10.0,171254.75,14728.57,0.0,1
Tehama,North State,Agricultural Processing,311211,Flour Milling,10.0,805366.89,86620.69,0.0,1
Tehama,North State,Agricultural Processing,311224,Soybean and Other Oilseed Processing,10.0,3887294.22,84503.35,1.0,1
Tehama,North State,Agricultural Processing,311230,Breakfast Cereal Manufacturing,10.0,148981.45,19718.15,0.0,1
Tehama,North State,Agricultural Processing,311421,Fruit and Vegetable Canning,196.69,81085546.64,15203535.23,1.0,0
Tehama,North State,Agricultural Processing,311423,Dried and Dehydrated Food Manufacturing,25.09,9163531.26,1722395.7,2.0,0
Tehama,North State,Agricultural Processing,311611,Animal (except Poultry) Slaughtering,10.0,4012336.55,477545.96,0.0,1
Tehama,North State,Agricultural Processing,311612,Meat Processed from Carcasses,10.0,1592227.53,186681.33,0.0,1
Tehama,North State,Agricultural Processing,311615,Poultry Processing,10.0,368612.52,59979.94,0.0,1
Tehama,North State,Fishing,311710,Seafood Product Preparation and Packaging,10.0,416063.37,80765.05,1.0,1
Tehama,North State,Agricultural Processing,311811,Retail Bakeries,10.0,57569.4,17074.26,0.75,1
Tehama,North State,Agricultural Processing,311812,Commercial Bakeries,10.0,78485.36,23217.72,1.0,1
Tehama,North State,Agricultural Processing,311911,Roasted Nuts and Peanut Butter Manufacturing,10.0,2856390.19,292125.99,0.5,1
Tehama,North State,Agricultural Processing,311920,Coffee and Tea Manufacturing,10.0,914624.29,129630.34,1.0,1
Tehama,North State,Agricultural Processing,311991,Perishable Prepared Food Manufacturing,10.0,1024819.57,186184.5,1.0,1
Tehama,North State,Agricultural Processing,312120,Breweries,10.0,314324.1,48161.45,0.25,1
Tehama,North State,Agricultural Processing,312130,Wineries,44.54,15779399.22,3453295.46,3.0,0
Tehama,North State,Agricultural Processing,316990,Other Leather and Allied Product Manufacturing,10.0,329117.89,88396.26,0.0,1
Tehama,North State,Forestry,321113,Sawmills,10.0,2463285.59,365779.64,0.0,1
Tehama,North State,Forestry,321215,Engineered Wood Member Manufacturing,17.33,8533132.37,1491102.58,0.5,0
Tehama,North State,Forestry,321911,Wood Window and Door Manufacturing,865.91,331751432.91,70836800.26,1.0,0
Tehama,North State,Forestry,321918,Other Millwork (including Flooring),338.23,100234951.41,21230754.06,2.0,0
Tehama,North State,Forestry,321920,Wood Container and Pallet Manufacturing,10.0,825961.86,205491.03,1.0,1
Tehama,North State,Forestry,321999,All Other Miscellaneous Wood Product Manufacturing,44.24,11306816.17,2810258.43,1.0,0
Tehama,North State,Agricultural Support,325320,Pesticide and Other Agricultural Chemical Manufacturing,10.0,11708999.77,1180476.39,2.0,1
Tehama,North State,Mining,327320,Ready-Mix Concrete Manufacturing,10.0,1569755.76,353992.47,1.0,1
Tehama,North State,Agricultural Support,333111,Farm Machinery and Equipment Manufacturing,32.68,11329159.62,2307675.42,1.0,0
Tehama,North State,Agricultural Processing,333241,Food Product Machinery Manufacturing,10.0,133415.94,36161.01,0.5,1
Tehama,North State,Forestry,337110,Wood Kitchen Cabinet and Countertop Manufacturing,22.23,3098806.54,1398638.73,1.0,0
Tehama,North State,Mining,423320,"Brick, Stone, and Related Construction Material Merchant Wholesalers",32.31,6716042.63,2050944.78,3.0,0
Tehama,North State,Agricultural Support,423820,Farm and Garden Machinery and Equipment Merchant Wholesalers,33.84,7461987.55,2559326.89,3.5,0
Tehama,North State,Agricultural Distribution,424410,General Line Grocery Merchant Wholesalers,10.0,793119.32,264046.9,1.0,1
Tehama,North State,Agricultural Distribution,424420,Packaged Frozen Food Merchant Wholesalers,10.0,389522.79,129505.11,0.0,1
Tehama,North State,Agricultural Distribution,424450,Confectionery Merchant Wholesalers,70.76,16435794.65,5451123.32,1.0,0
Tehama,North State,Fishing,424460,Fish and Seafood Merchant Wholesalers,10.0,327781.41,109314.1,0.0,1
Tehama,North State,Agricultural Distribution,424480,Fresh Fruit and Vegetable Merchant Wholesalers,10.0,150358.14,50146.34,0.0,1
Tehama,North State,Agricultural Distribution,424490,Other Grocery and Related Products Merchant Wholesalers,10.0,2352740.55,782935.24,2.0,1
Tehama,North State,Agricultural Distribution,424510,Grain and Field Bean Merchant Wholesalers,10.0,166863.16,40016.23,0.0,1
Tehama,North State,Agricultural Distribution,424520,Livestock Merchant Wholesalers,10.0,101076.8,24013.06,1.0,1
Tehama,North State,Agricultural Distribution,424590,Other Farm Product Raw Material Merchant Wholesalers,10.0,1855837.64,447302.06,1.0,1
Tehama,North State,Agricultural Distribution,424820,Wine and Distilled Alcoholic Beverage Merchant Wholesalers,10.0,471249.88,114977.03,2.0,1
Tehama,North State,Agricultural Distribution,424910,Farm Supplies Merchant Wholesalers,10.0,636813.72,153271.99,1.0,1
Tehama,North State,Agricultural Distribution,424990,Other Miscellaneous Nondurable Goods Merchant Wholesalers,13.84,3570178.28,865104.7,0.0,0
Tehama,North State,Agricultural Support,444240,"Nursery, Garden Center, and Farm Supply Retailers",36.14,5008568.13,1434538.2,4.25,0
Tehama,North State,Agricultural Distribution,445230,Fruit and Vegetable Markets,10.38,740708.47,281962.07,1.0,0
Tehama,North State,Agricultural Distribution,445240,Meat Retailers,51.21,4999397.94,1888892.31,4.0,0
Tehama,North State,Agricultural Distribution,445291,Baked Goods Stores,10.0,176678.42,66688.43,0.0,1
Tehama,North State,Agricultural Distribution,445292,Confectionery and Nut Stores,10.0,37158.38,14064.29,0.0,1
Tehama,North State,Agricultural Distribution,445298,All Other Specialty Food Retailers,72.95,6422441.04,2435921.56,3.0,0
Tehama,North State,Agricultural Distribution,445320,"Beer, Wine, and Liquor Retailers",10.0,859375.88,324269.76,2.5,1
Tehama,North State,Agricultural Distribution,456191,Food (Health) Supplement Retailers,21.56,426287.09,134864.82,0.0,0
Tehama,North State,Agricultural Distribution,459310,Florists,10.0,200503.76,67145.76,2.0,1
Tehama,North State,Agricultural Distribution,484230,"Specialized Freight (except Used Goods) Trucking, Long-Distance",29.39,5711932.89,2064201.65,5.0,0
Tehama,North State,Outdoor Recreation,487110,"Scenic and Sightseeing Transportation, Land",10.0,33803.46,14611.62,0.0,1
Tehama,North State,Outdoor Recreation,487210,"Scenic and Sightseeing Transportation, Water",10.0,148388.83,64064.3,0.0,1
Tehama,North State,Agricultural Distribution,493120,Refrigerated Warehousing and Storage,10.0,97404.43,61288.84,0.0,1
Tehama,North State,Outdoor Recreation,532284,Recreational Goods Rental,10.0,36933.4,9688.18,0.0,1
Tehama,North State,Mining,532412,"Construction, Mining, and Forestry Machinery and Equipment Rental and Leasing",15.76,10353339.15,1303498.44,2.0,0
Tehama,North State,Agricultural Support,541620,Environmental Consulting Services,12.66,1189332.46,726010.83,2.0,0
Tehama,North State,Agricultural Support,541690,Other Scientific and Technical Consulting Services,31.9,2545381.58,1553962.46,5.0,0
Tehama,North State,Outdoor Recreation,713930,Marinas,10.0,73959.87,28812.32,0.0,1
Tehama,North State,Outdoor Recreation,713990,All Other Amusement and Recreation Industries,24.73,2564254.32,992498.67,1.5,0
Tehama,North State,Outdoor Recreation,721211,RV (Recreational Vehicle) Parks and Campgrounds,10.0,598103.1,157696.52,1.0,1
Tehama,North State,Outdoor Recreation,721214,Recreational and Vacation Camps (except Campgrounds),10.0,493335.38,129754.27,3.0,1
Trinity,North State,Agricultural Production,111000,Crop Production,167.36,45055760.76,10330850.71,7.75,0
Trinity,North State,Agricultural Production,112000,Animal Production,31.06,13721731.43,2404774.39,4.0,0
Trinity,North State,Forestry,113110,Timber Tract Operations,10.0,138641.41,56738.88,0.0,1
Trinity,North State,Forestry,113210,Forest Nurseries and Gathering of Forest Products,10.0,106086.19,43694.77,0.0,1
Trinity,North State,Forestry,113310,Logging,27.93,3953631.7,1563142.66,2.75,0
Trinity,North State,Fishing,114111,Finfish Fishing,10.0,596231.08,229122.22,0.0,1
Trinity,North State,Fishing,114112,Shellfish Fishing,10.0,92237.6,35075.9,0.0,1
Trinity,North State,Agricultural Processing,115111,Cotton Ginning,10.0,60913.76,52574.24,0.0,1
Trinity,North State,Agricultural Production,115112,"Soil Preparation, Planting, and Cultivating",11.8,585832.25,507936.76,0.0,0
Trinity,North State,Agricultural Production,115113,"Crop Harvesting, Primarily by Machine",10.0,204283.97,177263.85,0.0,1
Trinity,North State,Agricultural Production,115114,Postharvest Crop Activities (except Cotton Ginning),10.0,230750.2,200607.37,0.0,1
Trinity,North State,Agricultural Support,115115,Farm Labor Contractors and Crew Leaders,10.0,392822.14,313624.9,0.0,1
Trinity,North State,Agricultural Support,115116,Farm Management Services,10.0,273139.21,237454.16,0.0,1
Trinity,North State,Agricultural Support,115210,Support Activities for Animal Production,10.0,553546.8,479330.78,1.0,1
Trinity,North State,Forestry,115310,Support Activities for Forestry,10.0,468144.32,405112.33,2.0,1
Trinity,North State,Mining,212220,Gold Ore and Silver Ore Mining,10.0,121984.07,23112.14,0.0,1
Trinity,North State,Mining,212319,Other Crushed and Broken Stone Mining and Quarrying,17.43,7063609.5,1530396.38,1.0,0
Trinity,North State,Mining,213112,Support Activities for Oil and Gas Operations,10.0,26006.82,9430.8,0.0,1
Trinity,North State,Renewable Energy,221111,Hydroelectric Power Generation,10.0,381517.69,52982.9,2.0,1
Trinity,North State,Agricultural Support,221310,Water Supply and Irrigation Systems,10.0,1631182.64,514150.41,3.0,1
Trinity,North State,Agricultural Processing,311119,Other Animal Food Manufacturing,10.0,130655.15,11236.85,0.0,1
Trinity,North State,Agricultural Processing,311211,Flour Milling,10.0,364036.73,39153.72,0.0,1
Trinity,North State,Agricultural Processing,311224,Soybean and Other Oilseed Processing,10.0,769194.07,16721.01,0.0,1
Trinity,North State,Agricultural Processing,311421,Fruit and Vegetable Canning,10.0,155427.14,29142.58,0.0,1
Trinity,North State,Agricultural Processing,311611,Animal (except Poultry) Slaughtering,10.0,571088.79,67970.66,0.0,1
Trinity,North State,Agricultural Processing,311612,Meat Processed from Carcasses,10.0,827474.38,97017.55,0.0,1
Trinity,North State,Fishing,311710,Seafood Product Preparation and Packaging,10.0,592207.23,114957.6,0.0,1
Trinity,North State,Agricultural Processing,311811,Retail Bakeries,10.0,1359533.92,403218.26,1.0,1
Trinity,North State,Agricultural Processing,312120,Breweries,13.21,2812432.84,430927.28,1.0,0
Trinity,North State,Agricultural Processing,312130,Wineries,10.76,2600250.7,569060.57,3.0,0
Trinity,North State,Forestry,321113,Sawmills,134.96,86667737.63,12869516.28,1.0,0
Trinity,North State,Forestry,321918,Other Millwork (including Flooring),10.0,174850.06,37034.97,0.0,1
Trinity,North State,Forestry,321920,Wood Container and Pallet Manufacturing,10.0,76944.13,19142.93,0.0,1
Trinity,North State,Forestry,321999,All Other Miscellaneous Wood Product Manufacturing,10.0,276409.39,68700.31,0.0,1
Trinity,North State,Forestry,337110,Wood Kitchen Cabinet and Countertop Manufacturing,10.0,92611.27,41799.87,0.25,1
Trinity,North State,Agricultural Distribution,424450,Confectionery Merchant Wholesalers,10.0,50346.76,16698.09,1.0,1
Trinity,North State,Agricultural Distribution,424910,Farm Supplies Merchant Wholesalers,10.0,89268.04,21485.55,1.0,1
Trinity,North State,Agricultural Distribution,424930,"Flower, Nursery Stock, and Florists' Supplies Merchant Wholesalers",10.0,43285.0,10452.84,1.0,1
Trinity,North State,Agricultural Distribution,424990,Other Miscellaneous Nondurable Goods Merchant Wholesalers,10.0,65407.13,15849.07,1.0,1
Trinity,North State,Agricultural Support,444240,"Nursery, Garden Center, and Farm Supply Retailers",16.65,1917260.31,549135.62,2.0,0
Trinity,North State,Agricultural Distribution,445230,Fruit and Vegetable Markets,10.0,89854.36,34204.44,0.0,1
Trinity,North State,Agricultural Distribution,445240,Meat Retailers,10.0,167120.78,63142.23,0.0,1
Trinity,North State,Agricultural Distribution,445298,All Other Specialty Food Retailers,10.0,44737.03,16967.99,0.0,1
Trinity,North State,Agricultural Distribution,445320,"Beer, Wine, and Liquor Retailers",10.0,1018942.23,384479.2,1.0,1
Trinity,North State,Agricultural Distribution,456191,Food (Health) Supplement Retailers,10.0,179112.72,56666.05,0.0,1
Trinity,North State,Agricultural Distribution,459310,Florists,10.0,27278.27,9135.09,0.0,1
Trinity,North State,Agricultural Distribution,484230,"Specialized Freight (except Used Goods) Trucking, Long-Distance",10.0,87111.46,31480.69,0.0,1
Trinity,North State,Outdoor Recreation,487210,"Scenic and Sightseeing Transportation, Water",10.0,38704.77,16710.11,0.0,1
Trinity,North State,Agricultural Distribution,493120,Refrigerated Warehousing and Storage,10.0,26439.0,16635.96,0.0,1
Trinity,North State,Outdoor Recreation,532284,Recreational Goods Rental,10.0,172877.62,45348.35,1.0,1
Trinity,North State,Mining,532412,"Construction, Mining, and Forestry Machinery and Equipment Rental and Leasing",10.0,295777.7,37238.78,1.0,1
Trinity,North State,Agricultural Support,541620,Environmental Consulting Services,10.0,729020.36,445019.96,1.0,1
Trinity,North State,Agricultural Support,541690,Other Scientific and Technical Consulting Services,10.0,754344.46,460529.37,2.0,1
Trinity,North State,Agricultural Distribution,624210,Community Food Services,10.0,141239.09,103317.25,1.0,1
Trinity,North State,Outdoor Recreation,713930,Marinas,10.73,979409.53,381545.61,1.0,0
Trinity,North State,Outdoor Recreation,713990,All Other Amusement and Recreation Industries,10.56,1048019.42,405637.57,2.0,0
Trinity,North State,Outdoor Recreation,721211,RV (Recreational Vehicle) Parks and Campgrounds,14.43,1817005.98,479073.79,6.0,0
Trinity,North State,Outdoor Recreation,721214,Recreational and Vacation Camps (except Campgrounds),79.26,11186594.2,2942234.47,2.0,0
Tulare,Central San Joaquin,Agricultural Production,111000,Crop Production,7230.45,1841331560.19,422199539.66,485.5,0
Tulare,Central San Joaquin,Agricultural Production,112000,Animal Production,7409.66,2965391083.19,519693639.15,288.0,0
Tulare,Central San Joaquin,Forestry,113110,Timber Tract Operations,10.0,161272.71,66000.72,0.0,1
Tulare,Central San Joaquin,Forestry,113210,Forest Nurseries and Gathering of Forest Products,10.0,524344.07,215966.79,2.0,1
Tulare,Central San Joaquin,Forestry,113310,Logging,46.35,5798473.93,2292535.74,2.0,0
Tulare,Central San Joaquin,Fishing,114111,Finfish Fishing,10.12,363404.58,139650.66,0.0,0
Tulare,Central San Joaquin,Fishing,114112,Shellfish Fishing,10.0,246906.12,93892.89,0.0,1
Tulare,Central San Joaquin,Outdoor Recreation,114210,Hunting and Trapping,10.0,120316.23,45521.51,1.0,1
Tulare,Central San Joaquin,Agricultural Processing,115111,Cotton Ginning,35.45,3787880.38,3269293.23,3.0,0
Tulare,Central San Joaquin,Agricultural Production,115112,"Soil Preparation, Planting, and Cultivating",1070.98,56553269.16,49033634.87,69.75,0
Tulare,Central San Joaquin,Agricultural Production,115113,"Crop Harvesting, Primarily by Machine",367.17,24531419.77,21286711.28,38.75,0
Tulare,Central San Joaquin,Agricultural Production,115114,Postharvest Crop Activities (except Cotton Ginning),3601.97,277228480.9,241014212.72,50.5,0
Tulare,Central San Joaquin,Agricultural Support,115115,Farm Labor Contractors and Crew Leaders,19464.73,917521322.16,732538986.13,229.25,0
Tulare,Central San Joaquin,Agricultural Support,115116,Farm Management Services,826.17,46007577.47,39996785.62,58.75,0
Tulare,Central San Joaquin,Agricultural Support,115210,Support Activities for Animal Production,237.73,14427227.05,12492916.58,27.5,0
Tulare,Central San Joaquin,Forestry,115310,Support Activities for Forestry,95.36,8459260.68,7320287.0,5.0,0
Tulare,Central San Joaquin,Mining,211120,Crude Petroleum Extraction,51.2,14862358.08,1358030.26,0.0,0
Tulare,Central San Joaquin,Mining,211130,Natural Gas Extraction,36.27,15665559.66,1441187.44,0.0,0
Tulare,Central San Joaquin,Mining,212114,Surface Coal Mining,10.0,902846.08,123068.84,0.0,1
Tulare,Central San Joaquin,Mining,212115,Underground Coal Mining,10.0,4551088.64,614227.76,0.0,1
Tulare,Central San Joaquin,Mining,212220,Gold Ore and Silver Ore Mining,10.0,556371.67,105414.91,0.0,1
Tulare,Central San Joaquin,Mining,212312,Crushed and Broken Limestone Mining and Quarrying,10.0,881406.78,188914.92,0.0,1
Tulare,Central San Joaquin,Mining,212313,Crushed and Broken Granite Mining and Quarrying,25.59,10760224.42,2317902.56,1.0,0
Tulare,Central San Joaquin,Mining,212319,Other Crushed and Broken Stone Mining and Quarrying,10.0,434953.98,94236.81,0.0,1
Tulare,Central San Joaquin,Mining,212321,Construction Sand and Gravel Mining,47.82,18194180.81,4888093.65,2.0,0
Tulare,Central San Joaquin,Mining,212390,Other Nonmetallic Mineral Mining and Quarrying,10.0,1149385.25,308738.42,0.0,1
Tulare,Central San Joaquin,Mining,213111,Drilling Oil and Gas Wells,16.52,4534620.59,1259590.01,1.0,0
Tulare,Central San Joaquin,Mining,213112,Support Activities for Oil and Gas Operations,29.4,2489728.6,902844.92,0.0,0
Tulare,Central San Joaquin,Mining,213114,Support Activities for Metal Mining,10.0,768317.72,269473.44,0.0,1
Tulare,Central San Joaquin,Mining,213115,Support Activities for Nonmetallic Minerals (except Fuels) Mining,10.0,150958.73,51829.42,0.0,1
Tulare,Central San Joaquin,Renewable Energy,221111,Hydroelectric Power Generation,15.89,15340647.88,2130417.6,1.0,0
Tulare,Central San Joaquin,Renewable Energy,221114,Solar Electric Power Generation,22.54,24459244.93,3383553.01,3.0,0
Tulare,Central San Joaquin,Renewable Energy,221115,Wind Electric Power Generation,10.0,565560.96,75979.49,0.0,1
Tulare,Central San Joaquin,Renewable Energy,221117,Biomass Electric Power Generation,10.0,3191514.69,440178.74,1.0,1
Tulare,Central San Joaquin,Renewable Energy,221118,Other Electric Power Generation,10.0,1234350.58,170193.96,0.25,1
Tulare,Central San Joaquin,Agricultural Support,221310,Water Supply and Irrigation Systems,219.45,62307631.47,19639428.16,19.0,0
Tulare,Central San Joaquin,Agricultural Processing,311111,Dog and Cat Food Manufacturing,263.94,295464596.18,31046673.11,4.25,0
Tulare,Central San Joaquin,Agricultural Processing,311119,Other Animal Food Manufacturing,415.36,555372186.79,47764151.24,11.5,0
Tulare,Central San Joaquin,Agricultural Processing,311224,Soybean and Other Oilseed Processing,10.0,1213065.03,26370.03,0.75,1
Tulare,Central San Joaquin,Agricultural Processing,311225,Fats and Oils Refining and Blending,10.0,2287795.21,135831.42,1.0,1
Tulare,Central San Joaquin,Agricultural Processing,311340,Nonchocolate Confectionery Manufacturing,10.0,1842802.71,260888.88,1.0,1
Tulare,Central San Joaquin,Agricultural Processing,311411,"Frozen Fruit, Juice, and Vegetable Manufacturing",134.25,58639943.14,10391245.26,2.0,0
Tulare,Central San Joaquin,Agricultural Processing,311412,Frozen Specialty Food Manufacturing,2110.23,820878730.02,145464865.57,2.5,0
Tulare,Central San Joaquin,Agricultural Processing,311421,Fruit and Vegetable Canning,262.39,100588234.21,18860288.0,3.0,0
Tulare,Central San Joaquin,Agricultural Processing,311422,Specialty Canning,10.0,375219.59,70154.6,0.0,1
Tulare,Central San Joaquin,Agricultural Processing,311423,Dried and Dehydrated Food Manufacturing,14.39,3984367.35,748909.67,2.0,0
Tulare,Central San Joaquin,Agricultural Processing,311511,Fluid Milk Manufacturing,826.67,738294537.81,83579467.53,5.25,0
Tulare,Central San Joaquin,Agricultural Processing,311512,Creamery Butter Manufacturing,397.32,436529204.78,48493636.43,2.0,0
Tulare,Central San Joaquin,Agricultural Processing,311513,Cheese Manufacturing,1394.83,1707238961.5,129923900.41,5.75,0
Tulare,Central San Joaquin,Agricultural Processing,311514,"Dry, Condensed, and Evaporated Dairy Product Manufacturing",64.45,139310934.44,10520115.13,3.25,0
Tulare,Central San Joaquin,Agricultural Processing,311520,Ice Cream and Frozen Dessert Manufacturing,519.94,234041432.59,44707718.18,2.0,0
Tulare,Central San Joaquin,Agricultural Processing,311611,Animal (except Poultry) Slaughtering,10.0,957620.22,113975.4,0.0,1
Tulare,Central San Joaquin,Agricultural Processing,311612,Meat Processed from Carcasses,31.45,13200267.84,1547670.46,1.0,0
Tulare,Central San Joaquin,Agricultural Processing,311615,Poultry Processing,13.62,3183247.55,517972.05,2.0,0
Tulare,Central San Joaquin,Agricultural Processing,311811,Retail Bakeries,118.27,10142949.92,3008253.47,15.0,0
Tulare,Central San Joaquin,Agricultural Processing,311812,Commercial Bakeries,184.42,38735904.96,11458944.75,5.0,0
Tulare,Central San Joaquin,Agricultural Processing,311821,Cookie and Cracker Manufacturing,10.0,149229.29,28342.24,0.0,1
Tulare,Central San Joaquin,Agricultural Processing,311824,"Dry Pasta, Dough, and Flour Mixes Manufacturing from Purchased Flour",10.0,158835.08,29897.14,0.0,1
Tulare,Central San Joaquin,Agricultural Processing,311830,Tortilla Manufacturing,15.55,4269129.06,808664.36,2.0,0
Tulare,Central San Joaquin,Agricultural Processing,311911,Roasted Nuts and Peanut Butter Manufacturing,1026.04,721782102.24,73817405.12,3.0,0
Tulare,Central San Joaquin,Agricultural Processing,311919,Other Snack Food Manufacturing,10.0,136811.66,13991.69,0.0,1
Tulare,Central San Joaquin,Agricultural Processing,311920,Coffee and Tea Manufacturing,11.05,3076550.09,436041.58,1.0,0
Tulare,Central San Joaquin,Agricultural Processing,311930,Flavoring Syrup and Concentrate Manufacturing,10.0,237732.97,47352.29,0.0,1
Tulare,Central San Joaquin,Agricultural Processing,311941,"Mayonnaise, Dressing, and Other Prepared Sauce Manufacturing",10.0,414027.6,71753.61,1.0,1
Tulare,Central San Joaquin,Agricultural Processing,311942,Spice and Extract Manufacturing,10.0,3671147.49,627333.19,1.0,1
Tulare,Central San Joaquin,Agricultural Processing,311991,Perishable Prepared Food Manufacturing,12.22,3028718.34,550243.6,3.0,0
Tulare,Central San Joaquin,Agricultural Processing,311999,All Other Miscellaneous Food Manufacturing,13.08,3019318.42,548039.07,1.0,0
Tulare,Central San Joaquin,Agricultural Processing,312111,Soft Drink Manufacturing,10.0,491779.79,90650.93,0.5,1
Tulare,Central San Joaquin,Agricultural Processing,312112,Bottled Water Manufacturing,10.0,528454.85,97067.92,0.0,1
Tulare,Central San Joaquin,Agricultural Processing,312120,Breweries,10.22,4675764.65,716431.17,1.0,0
Tulare,Central San Joaquin,Agricultural Processing,312130,Wineries,110.9,44267458.54,9687860.2,6.0,0
Tulare,Central San Joaquin,Agricultural Processing,312140,Distilleries,10.0,3109400.23,245412.13,0.0,1
Tulare,Central San Joaquin,Agricultural Processing,313110,"Fiber, Yarn, and Thread Mills",12.43,1693347.91,329393.6,1.0,0
Tulare,Central San Joaquin,Agricultural Processing,316110,Leather and Hide Tanning and Finishing,10.0,430170.09,115995.8,0.0,1
Tulare,Central San Joaquin,Agricultural Processing,316990,Other Leather and Allied Product Manufacturing,10.0,219790.65,59032.56,0.0,1
Tulare,Central San Joaquin,Forestry,321113,Sawmills,138.21,58889201.02,8744609.61,1.0,0
Tulare,Central San Joaquin,Forestry,321215,Engineered Wood Member Manufacturing,10.0,101846.71,17796.97,0.0,1
Tulare,Central San Joaquin,Forestry,321911,Wood Window and Door Manufacturing,12.26,3453458.58,737395.33,1.0,0
Tulare,Central San Joaquin,Forestry,321918,Other Millwork (including Flooring),10.0,371903.01,78772.74,0.0,1
Tulare,Central San Joaquin,Forestry,321920,Wood Container and Pallet Manufacturing,212.15,46617638.4,11598001.36,6.5,0
Tulare,Central San Joaquin,Forestry,321999,All Other Miscellaneous Wood Product Manufacturing,23.79,4941729.86,1228244.78,1.0,0
Tulare,Central San Joaquin,Forestry,322120,Paper Mills,10.0,127116.56,22697.26,0.0,1
Tulare,Central San Joaquin,Forestry,322211,Corrugated and Solid Fiber Box Manufacturing,655.96,271077597.4,50626255.12,6.0,0
Tulare,Central San Joaquin,Forestry,322212,Folding Paperboard Box Manufacturing,10.0,2607276.62,489250.04,1.0,1
Tulare,Central San Joaquin,Forestry,322219,Other Paperboard Container Manufacturing,471.78,199281059.58,36869308.64,2.0,0
Tulare,Central San Joaquin,Forestry,322220,Paper Bag and Coated and Treated Paper Manufacturing,23.1,7997975.29,1736151.79,1.0,0
Tulare,Central San Joaquin,Forestry,322230,Stationery Product Manufacturing,10.0,182008.89,40507.98,0.0,1
Tulare,Central San Joaquin,Forestry,322299,All Other Converted Paper Product Manufacturing,10.0,147805.57,38774.58,0.0,1
Tulare,Central San Joaquin,Agricultural Support,325311,Nitrogenous Fertilizer Manufacturing,29.97,21762269.55,3023130.72,3.0,0
Tulare,Central San Joaquin,Agricultural Support,325312,Phosphatic Fertilizer Manufacturing,10.0,2500045.82,340474.98,0.0,1
Tulare,Central San Joaquin,Agricultural Support,325314,Fertilizer (Mixing Only) Manufacturing,38.46,27449729.43,3810594.51,3.5,0
Tulare,Central San Joaquin,Agricultural Support,325315,Compost Manufacturing,10.0,3574585.46,503424.81,2.0,1
Tulare,Central San Joaquin,Agricultural Support,325320,Pesticide and Other Agricultural Chemical Manufacturing,10.0,789148.6,79560.28,0.5,1
Tulare,Central San Joaquin,Mining,327120,Clay Building Material and Refractories Manufacturing,10.0,449410.33,155103.86,0.0,1
Tulare,Central San Joaquin,Mining,327310,Cement Manufacturing,10.0,2038467.87,329989.98,3.0,1
Tulare,Central San Joaquin,Mining,327320,Ready-Mix Concrete Manufacturing,96.87,38508121.37,8683889.18,4.75,0
Tulare,Central San Joaquin,Mining,327991,Cut Stone and Stone Product Manufacturing,10.0,1410457.42,540927.15,2.5,1
Tulare,Central San Joaquin,Agricultural Support,333111,Farm Machinery and Equipment Manufacturing,367.65,144467092.93,29426998.12,17.5,0
Tulare,Central San Joaquin,Agricultural Processing,333241,Food Product Machinery Manufacturing,38.27,8747222.44,2370844.18,2.5,0
Tulare,Central San Joaquin,Agricultural Processing,333993,Packaging Machinery Manufacturing,251.77,88205715.17,24025238.5,4.0,0
Tulare,Central San Joaquin,Forestry,337110,Wood Kitchen Cabinet and Countertop Manufacturing,93.95,10711288.81,4834513.94,7.0,0
Tulare,Central San Joaquin,Forestry,423310,"Lumber, Plywood, Millwork, and Wood Panel Merchant Wholesalers",17.88,4578519.78,1395821.1,3.0,0
Tulare,Central San Joaquin,Mining,423320,"Brick, Stone, and Related Construction Material Merchant Wholesalers",43.2,11715343.27,3577630.97,7.0,0
Tulare,Central San Joaquin,Agricultural Support,423820,Farm and Garden Machinery and Equipment Merchant Wholesalers,464.79,124035028.59,42541773.5,27.75,0
Tulare,Central San Joaquin,Agricultural Distribution,424410,General Line Grocery Merchant Wholesalers,24.89,5522588.66,1838591.44,6.0,0
Tulare,Central San Joaquin,Agricultural Distribution,424420,Packaged Frozen Food Merchant Wholesalers,10.0,1244602.83,413794.61,1.0,1
Tulare,Central San Joaquin,Agricultural Distribution,424430,Dairy Product (except Dried or Canned) Merchant Wholesalers,16.86,3660404.42,1213180.12,3.0,0
Tulare,Central San Joaquin,Agricultural Distribution,424440,Poultry and Poultry Product Merchant Wholesalers,10.0,432511.95,144109.41,0.0,1
Tulare,Central San Joaquin,Agricultural Distribution,424450,Confectionery Merchant Wholesalers,128.22,28302120.49,9386728.92,1.0,0
Tulare,Central San Joaquin,Fishing,424460,Fish and Seafood Merchant Wholesalers,10.0,245619.26,81913.28,0.0,1
Tulare,Central San Joaquin,Agricultural Distribution,424470,Meat and Meat Product Merchant Wholesalers,10.0,494026.49,164584.41,1.0,1
Tulare,Central San Joaquin,Agricultural Distribution,424480,Fresh Fruit and Vegetable Merchant Wholesalers,318.82,115929045.44,38663798.56,32.75,0
Tulare,Central San Joaquin,Agricultural Distribution,424490,Other Grocery and Related Products Merchant Wholesalers,212.01,91748455.38,30531670.62,10.0,0
Tulare,Central San Joaquin,Agricultural Distribution,424510,Grain and Field Bean Merchant Wholesalers,43.9,8425743.37,2020616.89,1.0,0
Tulare,Central San Joaquin,Agricultural Distribution,424520,Livestock Merchant Wholesalers,12.52,1820670.44,432541.03,2.0,0
Tulare,Central San Joaquin,Agricultural Distribution,424590,Other Farm Product Raw Material Merchant Wholesalers,84.01,29802010.21,7183010.09,5.0,0
Tulare,Central San Joaquin,Agricultural Distribution,424810,Beer and Ale Merchant Wholesalers,95.23,34353318.94,8256471.33,1.0,0
Tulare,Central San Joaquin,Agricultural Distribution,424820,Wine and Distilled Alcoholic Beverage Merchant Wholesalers,10.0,1778375.61,433893.67,0.0,1
Tulare,Central San Joaquin,Agricultural Distribution,424910,Farm Supplies Merchant Wholesalers,581.68,266251847.92,64083026.8,51.5,0
Tulare,Central San Joaquin,Agricultural Distribution,424930,"Flower, Nursery Stock, and Florists' Supplies Merchant Wholesalers",78.27,18378351.14,4438166.64,4.0,0
Tulare,Central San Joaquin,Agricultural Distribution,424990,Other Miscellaneous Nondurable Goods Merchant Wholesalers,89.95,25066719.52,6074020.71,6.0,0
Tulare,Central San Joaquin,Outdoor Recreation,441222,Boat Dealers,15.3,2426134.65,739820.43,1.5,0
Tulare,Central San Joaquin,Agricultural Support,444240,"Nursery, Garden Center, and Farm Supply Retailers",242.38,32395124.88,9278508.95,21.25,0
Tulare,Central San Joaquin,Agricultural Distribution,445230,Fruit and Vegetable Markets,77.98,10184230.29,3876783.88,6.5,0
Tulare,Central San Joaquin,Agricultural Distribution,445240,Meat Retailers,321.5,36852553.28,13923777.52,15.0,0
Tulare,Central San Joaquin,Agricultural Distribution,445291,Baked Goods Stores,51.35,4889913.68,1845729.93,0.5,0
Tulare,Central San Joaquin,Agricultural Distribution,445292,Confectionery and Nut Stores,110.9,8945301.0,3385759.46,8.75,0
Tulare,Central San Joaquin,Agricultural Distribution,445298,All Other Specialty Food Retailers,168.89,14608221.38,5540647.41,11.5,0
Tulare,Central San Joaquin,Agricultural Distribution,445320,"Beer, Wine, and Liquor Retailers",119.52,11026040.75,4160474.65,20.5,0
Tulare,Central San Joaquin,Agricultural Distribution,456191,Food (Health) Supplement Retailers,88.02,4231909.04,1338852.8,4.5,0
Tulare,Central San Joaquin,Agricultural Distribution,459310,Florists,172.3,12796026.72,4285200.8,12.0,0
Tulare,Central San Joaquin,Agricultural Distribution,484230,"Specialized Freight (except Used Goods) Trucking, Long-Distance",135.14,25452544.27,9198144.46,12.75,0
Tulare,Central San Joaquin,Outdoor Recreation,487110,"Scenic and Sightseeing Transportation, Land",35.68,5160877.05,2230800.95,2.0,0
Tulare,Central San Joaquin,Outdoor Recreation,487210,"Scenic and Sightseeing Transportation, Water",10.0,161503.59,69726.37,0.0,1
Tulare,Central San Joaquin,Agricultural Distribution,493120,Refrigerated Warehousing and Storage,463.57,39974120.46,25152525.09,10.0,0
Tulare,Central San Joaquin,Agricultural Distribution,493130,Farm Product Warehousing and Storage,26.78,1464684.03,920910.38,3.0,0
Tulare,Central San Joaquin,Outdoor Recreation,532284,Recreational Goods Rental,10.0,324027.72,84997.25,2.0,1
Tulare,Central San Joaquin,Mining,532412,"Construction, Mining, and Forestry Machinery and Equipment Rental and Leasing",82.44,54341028.5,6841603.94,2.0,0
Tulare,Central San Joaquin,Agricultural Support,541620,Environmental Consulting Services,63.75,4206689.23,2567912.73,4.25,0
Tulare,Central San Joaquin,Agricultural Support,541690,Other Scientific and Technical Consulting Services,295.0,36244671.19,22127471.45,46.75,0
Tulare,Central San Joaquin,Agricultural Distribution,624210,Community Food Services,55.06,3657619.4,2675570.69,9.5,0
Tulare,Central San Joaquin,Outdoor Recreation,712190,Nature Parks and Other Similar Institutions,47.62,7239428.66,2341462.93,1.0,0
Tulare,Central San Joaquin,Outdoor Recreation,713930,Marinas,10.0,827612.24,322410.4,1.0,1
Tulare,Central San Joaquin,Outdoor Recreation,713990,All Other Amusement and Recreation Industries,117.73,9436280.69,3652327.3,10.75,0
Tulare,Central San Joaquin,Outdoor Recreation,721211,RV (Recreational Vehicle) Parks and Campgrounds,36.91,5019051.33,1323328.58,3.0,0
Tulare,Central San Joaquin,Outdoor Recreation,721214,Recreational and Vacation Camps (except Campgrounds),59.79,9333527.75,2454851.46,3.0,0
Tuolumne,Sierra,Agricultural Production,111000,Crop Production,194.93,22706383.83,5206354.47,3.0,0
Tuolumne,Sierra,Agricultural Production,112000,Animal Production,91.79,19888559.9,3485529.49,5.0,0
Tuolumne,Sierra,Forestry,113110,Timber Tract Operations,10.0,741594.44,303496.91,0.0,1
Tuolumne,Sierra,Forestry,113210,Forest Nurseries and Gathering of Forest Products,10.0,199924.28,82344.8,0.0,1
Tuolumne,Sierra,Forestry,113310,Logging,109.41,23870154.83,9437514.69,14.25,0
Tuolumne,Sierra,Fishing,114111,Finfish Fishing,10.0,305149.31,117264.08,0.0,1
Tuolumne,Sierra,Fishing,114112,Shellfish Fishing,10.0,37241.05,14161.94,0.0,1
Tuolumne,Sierra,Agricultural Production,115112,"Soil Preparation, Planting, and Cultivating",10.0,137415.63,119144.09,0.0,1
Tuolumne,Sierra,Agricultural Production,115113,"Crop Harvesting, Primarily by Machine",10.0,44616.74,38715.39,0.0,1
Tuolumne,Sierra,Agricultural Production,115114,Postharvest Crop Activities (except Cotton Ginning),10.0,561724.13,488346.29,1.0,1
Tuolumne,Sierra,Agricultural Support,115115,Farm Labor Contractors and Crew Leaders,10.0,142043.81,113406.22,0.0,1
Tuolumne,Sierra,Agricultural Support,115116,Farm Management Services,10.0,39375.03,34230.77,0.0,1
Tuolumne,Sierra,Agricultural Support,115210,Support Activities for Animal Production,36.26,2737715.37,2370659.98,2.0,0
Tuolumne,Sierra,Forestry,115310,Support Activities for Forestry,77.54,6984969.97,6044498.07,5.5,0
Tuolumne,Sierra,Mining,212114,Surface Coal Mining,10.0,41419.19,5645.94,0.0,1
Tuolumne,Sierra,Mining,212115,Underground Coal Mining,10.0,202711.6,27358.53,0.0,1
Tuolumne,Sierra,Mining,212210,Iron Ore Mining,10.0,145413.65,26399.58,0.0,1
Tuolumne,Sierra,Mining,212220,Gold Ore and Silver Ore Mining,10.0,1038265.61,196718.64,0.0,1
Tuolumne,Sierra,Mining,212312,Crushed and Broken Limestone Mining and Quarrying,66.92,34057701.15,7299703.33,1.0,0
Tuolumne,Sierra,Mining,212313,Crushed and Broken Granite Mining and Quarrying,10.0,119074.35,25650.28,0.0,1
Tuolumne,Sierra,Mining,212319,Other Crushed and Broken Stone Mining and Quarrying,16.27,6115389.93,1324955.84,2.0,0
Tuolumne,Sierra,Mining,212321,Construction Sand and Gravel Mining,10.0,2852058.98,766241.22,1.0,1
Tuolumne,Sierra,Mining,212390,Other Nonmetallic Mineral Mining and Quarrying,10.0,212656.97,57122.17,0.0,1
Tuolumne,Sierra,Mining,213112,Support Activities for Oil and Gas Operations,10.0,41707.61,15124.34,0.0,1
Tuolumne,Sierra,Renewable Energy,221111,Hydroelectric Power Generation,10.0,560510.55,77840.36,0.0,1
Tuolumne,Sierra,Renewable Energy,221117,Biomass Electric Power Generation,10.0,6876017.57,948351.19,1.0,1
Tuolumne,Sierra,Renewable Energy,221118,Other Electric Power Generation,10.0,468094.76,64541.55,0.0,1
Tuolumne,Sierra,Agricultural Support,221310,Water Supply and Irrigation Systems,48.19,8554241.71,2696305.6,8.0,0
Tuolumne,Sierra,Agricultural Processing,311612,Meat Processed from Carcasses,10.0,5520269.9,647226.16,1.0,1
Tuolumne,Sierra,Agricultural Processing,311615,Poultry Processing,106.3,39427540.27,6415575.16,4.0,0
Tuolumne,Sierra,Agricultural Processing,311811,Retail Bakeries,14.17,489074.02,145052.34,0.0,0
Tuolumne,Sierra,Agricultural Processing,311812,Commercial Bakeries,10.0,422493.42,124982.98,0.0,1
Tuolumne,Sierra,Agricultural Processing,311824,"Dry Pasta, Dough, and Flour Mixes Manufacturing from Purchased Flour",10.0,266235.61,50112.88,0.0,1
Tuolumne,Sierra,Agricultural Processing,312120,Breweries,10.0,880593.66,134926.54,2.0,1
Tuolumne,Sierra,Agricultural Processing,312130,Wineries,23.38,3709127.53,811736.43,2.0,0
Tuolumne,Sierra,Agricultural Processing,316990,Other Leather and Allied Product Manufacturing,10.0,59377.51,15947.93,0.0,1
Tuolumne,Sierra,Forestry,321113,Sawmills,348.32,198667755.66,29500688.34,5.0,0
Tuolumne,Sierra,Forestry,321911,Wood Window and Door Manufacturing,10.0,157555.21,33641.77,0.0,1
Tuolumne,Sierra,Forestry,321920,Wood Container and Pallet Manufacturing,10.0,108676.49,27037.62,0.0,1
Tuolumne,Sierra,Forestry,321999,All Other Miscellaneous Wood Product Manufacturing,10.0,248455.1,61752.4,0.0,1
Tuolumne,Sierra,Mining,327120,Clay Building Material and Refractories Manufacturing,10.0,18408.81,6353.39,0.0,1
Tuolumne,Sierra,Mining,327320,Ready-Mix Concrete Manufacturing,10.0,3656817.8,824641.65,1.75,1
Tuolumne,Sierra,Agricultural Support,333111,Farm Machinery and Equipment Manufacturing,10.0,219599.92,44731.06,0.0,1
Tuolumne,Sierra,Agricultural Processing,333241,Food Product Machinery Manufacturing,10.0,351416.47,95247.8,1.0,1
Tuolumne,Sierra,Agricultural Processing,333993,Packaging Machinery Manufacturing,10.0,100647.67,27414.15,0.0,1
Tuolumne,Sierra,Forestry,337110,Wood Kitchen Cabinet and Countertop Manufacturing,33.34,5391607.92,2433489.01,3.0,0
Tuolumne,Sierra,Forestry,423310,"Lumber, Plywood, Millwork, and Wood Panel Merchant Wholesalers",10.0,852375.17,259857.62,2.0,1
Tuolumne,Sierra,Agricultural Support,423820,Farm and Garden Machinery and Equipment Merchant Wholesalers,10.0,141491.76,48529.12,1.0,1
Tuolumne,Sierra,Agricultural Distribution,424430,Dairy Product (except Dried or Canned) Merchant Wholesalers,10.0,1387228.75,459773.88,1.0,1
Tuolumne,Sierra,Agricultural Distribution,424450,Confectionery Merchant Wholesalers,10.82,2427684.44,805169.91,1.0,0
Tuolumne,Sierra,Agricultural Distribution,424480,Fresh Fruit and Vegetable Merchant Wholesalers,10.0,138961.47,46345.4,1.0,1
Tuolumne,Sierra,Agricultural Distribution,424490,Other Grocery and Related Products Merchant Wholesalers,10.0,2594979.2,863546.42,2.0,1
Tuolumne,Sierra,Agricultural Distribution,424520,Livestock Merchant Wholesalers,10.0,159253.55,37834.25,1.0,1
Tuolumne,Sierra,Agricultural Distribution,424810,Beer and Ale Merchant Wholesalers,11.72,3137854.6,754151.49,1.0,0
Tuolumne,Sierra,Agricultural Distribution,424820,Wine and Distilled Alcoholic Beverage Merchant Wholesalers,10.0,187658.84,45785.59,0.0,1
Tuolumne,Sierra,Agricultural Distribution,424910,Farm Supplies Merchant Wholesalers,10.43,2922453.93,703393.03,1.0,0
Tuolumne,Sierra,Agricultural Distribution,424990,Other Miscellaneous Nondurable Goods Merchant Wholesalers,10.0,1138464.88,275866.15,0.0,1
Tuolumne,Sierra,Outdoor Recreation,441222,Boat Dealers,10.0,140086.25,42717.61,0.0,1
Tuolumne,Sierra,Agricultural Support,444240,"Nursery, Garden Center, and Farm Supply Retailers",79.29,11448997.93,3279185.69,5.5,0
Tuolumne,Sierra,Agricultural Distribution,445291,Baked Goods Stores,10.0,2262601.78,854033.86,0.0,1
Tuolumne,Sierra,Agricultural Distribution,445292,Confectionery and Nut Stores,13.55,1304441.44,493725.69,1.0,0
Tuolumne,Sierra,Agricultural Distribution,445298,All Other Specialty Food Retailers,29.17,2769008.25,1050237.26,2.0,0
Tuolumne,Sierra,Agricultural Distribution,445320,"Beer, Wine, and Liquor Retailers",10.0,802462.14,302794.4,2.0,1
Tuolumne,Sierra,Agricultural Distribution,456191,Food (Health) Supplement Retailers,11.16,416619.21,131806.19,0.5,0
Tuolumne,Sierra,Agricultural Distribution,459310,Florists,31.82,2549365.77,853745.03,4.0,0
Tuolumne,Sierra,Agricultural Distribution,484230,"Specialized Freight (except Used Goods) Trucking, Long-Distance",10.0,297512.6,107516.32,0.0,1
Tuolumne,Sierra,Outdoor Recreation,487110,"Scenic and Sightseeing Transportation, Land",10.0,138120.91,59703.08,1.0,1
Tuolumne,Sierra,Outdoor Recreation,487210,"Scenic and Sightseeing Transportation, Water",10.0,174924.14,75520.46,0.0,1
Tuolumne,Sierra,Agricultural Distribution,493120,Refrigerated Warehousing and Storage,10.0,81608.86,51349.94,0.0,1
Tuolumne,Sierra,Agricultural Distribution,493130,Farm Product Warehousing and Storage,10.0,26231.98,16493.18,0.0,1
Tuolumne,Sierra,Mining,532412,"Construction, Mining, and Forestry Machinery and Equipment Rental and Leasing",20.76,11956831.6,1505380.16,1.0,0
Tuolumne,Sierra,Agricultural Support,541620,Environmental Consulting Services,24.1,1571292.91,959173.08,1.75,0
Tuolumne,Sierra,Agricultural Support,541690,Other Scientific and Technical Consulting Services,62.26,7257459.19,4430698.8,4.5,0
Tuolumne,Sierra,Agricultural Distribution,624210,Community Food Services,18.21,841058.38,615239.28,2.5,0
Tuolumne,Sierra,Outdoor Recreation,713920,Skiing Facilities,232.17,26320550.64,10020842.42,1.0,0
Tuolumne,Sierra,Outdoor Recreation,713930,Marinas,40.7,5383111.08,2097082.31,1.0,0
Tuolumne,Sierra,Outdoor Recreation,713990,All Other Amusement and Recreation Industries,74.4,6701252.88,2593730.48,9.25,0
Tuolumne,Sierra,Outdoor Recreation,721211,RV (Recreational Vehicle) Parks and Campgrounds,25.12,3760584.75,991519.9,7.0,0
Tuolumne,Sierra,Outdoor Recreation,721214,Recreational and Vacation Camps (except Campgrounds),185.35,27375232.55,7200078.18,5.0,0
Ventura,Central Coast,Agricultural Production,111000,Crop Production,19979.59,4636323920.55,1063064288.52,386.0,0
Ventura,Central Coast,Agricultural Production,112000,Animal Production,178.01,67499677.09,11829519.9,27.75,0
Ventura,Central Coast,Forestry,113110,Timber Tract Operations,10.0,210320.4,86073.45,0.0,1
Ventura,Central Coast,Forestry,113210,Forest Nurseries and Gathering of Forest Products,10.0,321730.47,132514.32,1.0,1
Ventura,Central Coast,Forestry,113310,Logging,15.97,1570752.65,621026.6,1.0,0
Ventura,Central Coast,Fishing,114111,Finfish Fishing,93.35,9429544.26,3623625.48,9.0,0
Ventura,Central Coast,Fishing,114112,Shellfish Fishing,48.5,2588925.75,984510.72,1.0,0
Ventura,Central Coast,Fishing,114119,Other Marine Fishing,10.0,460654.65,175869.29,2.0,1
Ventura,Central Coast,Outdoor Recreation,114210,Hunting and Trapping,10.0,283788.94,107371.23,2.0,1
Ventura,Central Coast,Agricultural Processing,115111,Cotton Ginning,10.0,119013.4,102719.64,0.0,1
Ventura,Central Coast,Agricultural Production,115112,"Soil Preparation, Planting, and Cultivating",322.36,26379454.96,22871897.27,20.0,0
Ventura,Central Coast,Agricultural Production,115113,"Crop Harvesting, Primarily by Machine",338.26,19700247.96,17094546.28,4.0,0
Ventura,Central Coast,Agricultural Production,115114,Postharvest Crop Activities (except Cotton Ginning),886.51,97895622.13,85107548.18,18.0,0
Ventura,Central Coast,Agricultural Support,115115,Farm Labor Contractors and Crew Leaders,5365.84,365723255.23,291989446.04,54.25,0
Ventura,Central Coast,Agricultural Support,115116,Farm Management Services,263.95,18459679.43,16047961.69,18.75,0
Ventura,Central Coast,Agricultural Support,115210,Support Activities for Animal Production,450.84,20535574.85,17782296.12,44.5,0
Ventura,Central Coast,Forestry,115310,Support Activities for Forestry,21.06,371932.09,321854.32,0.0,0
Ventura,Central Coast,Mining,211120,Crude Petroleum Extraction,963.59,2296462856.48,209836556.87,5.0,0
Ventura,Central Coast,Mining,211130,Natural Gas Extraction,146.44,17361407.15,1597200.64,2.0,0
Ventura,Central Coast,Mining,212220,Gold Ore and Silver Ore Mining,10.0,6083415.27,1152615.66,0.0,1
Ventura,Central Coast,Mining,212311,Dimension Stone Mining and Quarrying,10.0,2329922.83,498779.27,2.0,1
Ventura,Central Coast,Mining,212313,Crushed and Broken Granite Mining and Quarrying,10.0,163788.33,35282.29,0.0,1
Ventura,Central Coast,Mining,212319,Other Crushed and Broken Stone Mining and Quarrying,10.0,1970183.82,426858.56,1.0,1
Ventura,Central Coast,Mining,212321,Construction Sand and Gravel Mining,184.33,70369627.39,18905678.26,8.0,0
Ventura,Central Coast,Mining,212322,Industrial Sand Mining,31.3,23499467.58,6149187.88,1.0,0
Ventura,Central Coast,Mining,212323,"Kaolin, Clay, and Ceramic and Refractory Minerals Mining",10.0,350546.69,93839.11,0.0,1
Ventura,Central Coast,Mining,212390,Other Nonmetallic Mineral Mining and Quarrying,10.0,345485.41,92801.45,0.0,1
Ventura,Central Coast,Mining,213111,Drilling Oil and Gas Wells,40.91,17573572.76,4881444.04,3.25,0
Ventura,Central Coast,Mining,213112,Support Activities for Oil and Gas Operations,298.78,98769390.85,35816531.37,18.75,0
Ventura,Central Coast,Mining,213113,Support Activities for Coal Mining,10.0,263268.93,87483.5,0.25,1
Ventura,Central Coast,Mining,213114,Support Activities for Metal Mining,10.0,246553.08,86474.0,0.0,1
Ventura,Central Coast,Mining,213115,Support Activities for Nonmetallic Minerals (except Fuels) Mining,10.0,45807.69,15727.38,0.0,1
Ventura,Central Coast,Renewable Energy,221111,Hydroelectric Power Generation,10.0,1352061.14,187766.18,0.0,1
Ventura,Central Coast,Renewable Energy,221114,Solar Electric Power Generation,11.48,8383055.92,1159664.34,6.25,0
Ventura,Central Coast,Renewable Energy,221115,Wind Electric Power Generation,10.0,4073042.45,547187.16,1.0,1
Ventura,Central Coast,Renewable Energy,221116,Geothermal Electric Power Generation,10.0,342931.04,48536.56,0.0,1
Ventura,Central Coast,Renewable Energy,221117,Biomass Electric Power Generation,10.0,919511.9,126820.53,1.0,1
Ventura,Central Coast,Renewable Energy,221118,Other Electric Power Generation,10.0,1933610.45,266608.88,1.5,1
Ventura,Central Coast,Agricultural Support,221310,Water Supply and Irrigation Systems,201.02,38865193.3,12250348.05,30.0,0
Ventura,Central Coast,Agricultural Processing,311111,Dog and Cat Food Manufacturing,21.6,14365688.73,1509510.27,1.0,0
Ventura,Central Coast,Agricultural Processing,311119,Other Animal Food Manufacturing,10.0,8551580.15,735468.89,2.0,1
Ventura,Central Coast,Agricultural Processing,311224,Soybean and Other Oilseed Processing,10.15,35037993.77,761668.08,1.0,0
Ventura,Central Coast,Agricultural Processing,311340,Nonchocolate Confectionery Manufacturing,20.56,6775468.12,959215.16,1.0,0
Ventura,Central Coast,Agricultural Processing,311411,"Frozen Fruit, Juice, and Vegetable Manufacturing",203.6,161110923.98,28549535.27,1.75,0
Ventura,Central Coast,Agricultural Processing,311412,Frozen Specialty Food Manufacturing,56.86,35473996.53,6286214.94,3.0,0
Ventura,Central Coast,Agricultural Processing,311421,Fruit and Vegetable Canning,292.58,135618256.66,25428415.15,3.0,0
Ventura,Central Coast,Agricultural Processing,311422,Specialty Canning,10.0,405091.06,75739.65,0.0,1
Ventura,Central Coast,Agricultural Processing,311423,Dried and Dehydrated Food Manufacturing,10.0,2779162.55,522376.96,2.0,1
Ventura,Central Coast,Agricultural Processing,311511,Fluid Milk Manufacturing,10.0,318235.36,36026.19,0.0,1
Ventura,Central Coast,Agricultural Processing,311513,Cheese Manufacturing,10.0,621897.71,47327.51,0.0,1
Ventura,Central Coast,Agricultural Processing,311514,"Dry, Condensed, and Evaporated Dairy Product Manufacturing",10.0,727268.37,54919.93,0.0,1
Ventura,Central Coast,Agricultural Processing,311520,Ice Cream and Frozen Dessert Manufacturing,40.8,13105008.95,2503381.73,1.0,0
Ventura,Central Coast,Agricultural Processing,311611,Animal (except Poultry) Slaughtering,10.0,1779952.39,211848.9,1.5,1
Ventura,Central Coast,Agricultural Processing,311612,Meat Processed from Carcasses,10.0,663780.77,77825.23,1.0,1
Ventura,Central Coast,Agricultural Processing,311811,Retail Bakeries,387.66,40350203.63,11967291.66,26.5,0
Ventura,Central Coast,Agricultural Processing,311812,Commercial Bakeries,84.26,13146521.44,3889034.3,8.25,0
Ventura,Central Coast,Agricultural Processing,311821,Cookie and Cracker Manufacturing,10.0,491067.33,93265.52,0.0,1
Ventura,Central Coast,Agricultural Processing,311824,"Dry Pasta, Dough, and Flour Mixes Manufacturing from Purchased Flour",12.5,3364528.99,633297.02,1.0,0
Ventura,Central Coast,Agricultural Processing,311830,Tortilla Manufacturing,10.0,179904.74,34077.81,0.0,1
Ventura,Central Coast,Agricultural Processing,311911,Roasted Nuts and Peanut Butter Manufacturing,17.56,10126399.16,1035637.36,1.0,0
Ventura,Central Coast,Agricultural Processing,311919,Other Snack Food Manufacturing,10.0,1185419.72,121232.53,1.0,1
Ventura,Central Coast,Agricultural Processing,311920,Coffee and Tea Manufacturing,90.89,41002960.05,5811378.04,4.0,0
Ventura,Central Coast,Agricultural Processing,311930,Flavoring Syrup and Concentrate Manufacturing,20.76,5434258.31,1082410.24,1.0,0
Ventura,Central Coast,Agricultural Processing,311941,"Mayonnaise, Dressing, and Other Prepared Sauce Manufacturing",21.39,4144354.14,718242.83,1.0,0
Ventura,Central Coast,Agricultural Processing,311942,Spice and Extract Manufacturing,155.25,102843794.95,17574157.88,4.0,0
Ventura,Central Coast,Agricultural Processing,311991,Perishable Prepared Food Manufacturing,583.88,224776722.58,40836399.8,11.0,0
Ventura,Central Coast,Agricultural Processing,311999,All Other Miscellaneous Food Manufacturing,148.9,58002282.25,10528043.91,7.75,0
Ventura,Central Coast,Agricultural Processing,312111,Soft Drink Manufacturing,120.84,60000911.18,11060110.01,3.0,0
Ventura,Central Coast,Agricultural Processing,312112,Bottled Water Manufacturing,12.35,5304979.25,974431.96,1.0,0
Ventura,Central Coast,Agricultural Processing,312113,Ice Manufacturing,10.97,4445505.48,816614.37,1.5,0
Ventura,Central Coast,Agricultural Processing,312120,Breweries,436.0,173399925.9,26568726.47,18.25,0
Ventura,Central Coast,Agricultural Processing,312130,Wineries,314.99,123710876.17,27073920.95,23.75,0
Ventura,Central Coast,Agricultural Processing,312140,Distilleries,10.61,9111172.78,719107.28,2.5,0
Ventura,Central Coast,Agricultural Processing,316990,Other Leather and Allied Product Manufacturing,31.92,6630994.97,1780988.43,2.0,0
Ventura,Central Coast,Forestry,321113,Sawmills,10.0,334950.75,49737.7,0.0,1
Ventura,Central Coast,Forestry,321215,Engineered Wood Member Manufacturing,52.05,23582808.76,4120923.65,1.0,0
Ventura,Central Coast,Forestry,321911,Wood Window and Door Manufacturing,53.06,26585500.4,5676634.96,3.0,0
Ventura,Central Coast,Forestry,321912,"Cut Stock, Resawing Lumber, and Planing",10.0,513009.76,108314.94,0.0,1
Ventura,Central Coast,Forestry,321918,Other Millwork (including Flooring),81.08,31175533.88,6603286.41,1.0,0
Ventura,Central Coast,Forestry,321920,Wood Container and Pallet Manufacturing,95.8,24917615.41,6199253.06,4.5,0
Ventura,Central Coast,Forestry,321992,Prefabricated Wood Building Manufacturing,26.92,6835669.67,1702363.88,2.0,0
Ventura,Central Coast,Forestry,321999,All Other Miscellaneous Wood Product Manufacturing,66.17,16463288.18,4091876.41,5.0,0
Ventura,Central Coast,Forestry,322120,Paper Mills,144.43,122936194.62,21950833.32,1.0,0
Ventura,Central Coast,Forestry,322130,Paperboard Mills,10.0,11344492.03,1082547.93,1.0,1
Ventura,Central Coast,Forestry,322211,Corrugated and Solid Fiber Box Manufacturing,205.74,135157688.69,25241951.73,8.0,0
Ventura,Central Coast,Forestry,322212,Folding Paperboard Box Manufacturing,253.34,139205881.37,26121694.16,1.0,0
Ventura,Central Coast,Forestry,322291,Sanitary Paper Product Manufacturing,252.22,144003781.74,36342112.3,1.0,0
Ventura,Central Coast,Agricultural Support,325311,Nitrogenous Fertilizer Manufacturing,42.63,27205609.74,3779298.59,2.0,0
Ventura,Central Coast,Agricultural Support,325312,Phosphatic Fertilizer Manufacturing,10.0,1110721.09,151266.32,0.0,1
Ventura,Central Coast,Agricultural Support,325314,Fertilizer (Mixing Only) Manufacturing,10.0,5276956.73,732551.57,0.0,1
Ventura,Central Coast,Agricultural Support,325315,Compost Manufacturing,10.0,392828.92,55323.85,0.0,1
Ventura,Central Coast,Agricultural Support,325320,Pesticide and Other Agricultural Chemical Manufacturing,58.83,64982089.7,6551355.72,1.0,0
Ventura,Central Coast,Mining,327120,Clay Building Material and Refractories Manufacturing,10.0,487616.7,168289.93,0.0,1
Ventura,Central Coast,Mining,327310,Cement Manufacturing,10.0,320966.01,51958.42,0.0,1
Ventura,Central Coast,Mining,327320,Ready-Mix Concrete Manufacturing,208.13,80352072.2,18120034.58,10.25,0
Ventura,Central Coast,Mining,327331,Concrete Block and Brick Manufacturing,10.0,992324.76,296677.27,1.0,1
Ventura,Central Coast,Mining,327390,Other Concrete Product Manufacturing,157.08,43907433.43,12651303.15,4.0,0
Ventura,Central Coast,Mining,327991,Cut Stone and Stone Product Manufacturing,76.8,15178789.25,5821245.72,4.0,0
Ventura,Central Coast,Agricultural Support,333111,Farm Machinery and Equipment Manufacturing,30.46,12716105.59,2590187.2,4.0,0
Ventura,Central Coast,Mining,333131,Mining Machinery and Equipment Manufacturing,10.0,1257167.89,481991.64,1.0,1
Ventura,Central Coast,Mining,333132,Oil and Gas Field Machinery and Equipment Manufacturing,55.01,14896992.0,5688208.7,6.0,0
Ventura,Central Coast,Agricultural Processing,333241,Food Product Machinery Manufacturing,34.81,6296305.06,1706548.37,2.0,0
Ventura,Central Coast,Forestry,333243,"Sawmill, Woodworking, and Paper Machinery Manufacturing",10.0,878610.1,236494.36,1.0,1
Ventura,Central Coast,Agricultural Processing,333993,Packaging Machinery Manufacturing,36.63,17462693.95,4756442.21,1.0,0
Ventura,Central Coast,Forestry,337110,Wood Kitchen Cabinet and Countertop Manufacturing,202.55,31901385.3,14398612.03,16.75,0
Ventura,Central Coast,Forestry,337211,Wood Office Furniture Manufacturing,12.43,2721889.05,682677.85,2.0,0
Ventura,Central Coast,Forestry,423310,"Lumber, Plywood, Millwork, and Wood Panel Merchant Wholesalers",98.54,30936113.56,9431275.18,12.75,0
Ventura,Central Coast,Mining,423320,"Brick, Stone, and Related Construction Material Merchant Wholesalers",131.38,39966481.29,12204962.15,12.0,0
Ventura,Central Coast,Mining,423520,Coal and Other Mineral and Ore Merchant Wholesalers,10.0,262024.95,82123.78,0.0,1
Ventura,Central Coast,Agricultural Support,423820,Farm and Garden Machinery and Equipment Merchant Wholesalers,180.24,60609609.47,20788000.84,18.0,0
Ventura,Central Coast,Agricultural Distribution,424410,General Line Grocery Merchant Wholesalers,684.83,205322462.43,68356371.58,14.5,0
Ventura,Central Coast,Agricultural Distribution,424420,Packaged Frozen Food Merchant Wholesalers,45.73,11130310.39,3700507.79,7.0,0
Ventura,Central Coast,Agricultural Distribution,424430,Dairy Product (except Dried or Canned) Merchant Wholesalers,82.46,26074619.17,8641998.53,5.0,0
Ventura,Central Coast,Agricultural Distribution,424440,Poultry and Poultry Product Merchant Wholesalers,10.0,105166.39,35040.57,0.0,1
Ventura,Central Coast,Agricultural Distribution,424450,Confectionery Merchant Wholesalers,107.48,23607859.3,7829822.35,7.0,0
Ventura,Central Coast,Fishing,424460,Fish and Seafood Merchant Wholesalers,116.23,15992979.01,5333609.89,8.0,0
Ventura,Central Coast,Agricultural Distribution,424470,Meat and Meat Product Merchant Wholesalers,45.98,8012684.66,2669417.56,5.0,0
Ventura,Central Coast,Agricultural Distribution,424480,Fresh Fruit and Vegetable Merchant Wholesalers,715.22,219556918.08,73225000.88,37.0,0
Ventura,Central Coast,Agricultural Distribution,424490,Other Grocery and Related Products Merchant Wholesalers,366.66,88064890.51,29305869.17,32.75,0
Ventura,Central Coast,Agricultural Distribution,424510,Grain and Field Bean Merchant Wholesalers,24.97,3926872.86,941721.73,0.0,0
Ventura,Central Coast,Agricultural Distribution,424520,Livestock Merchant Wholesalers,10.0,736990.55,175088.61,0.0,1
Ventura,Central Coast,Agricultural Distribution,424590,Other Farm Product Raw Material Merchant Wholesalers,41.43,8800480.28,2121130.03,2.75,0
Ventura,Central Coast,Agricultural Distribution,424810,Beer and Ale Merchant Wholesalers,287.14,106887519.28,25689329.76,4.5,0
Ventura,Central Coast,Agricultural Distribution,424820,Wine and Distilled Alcoholic Beverage Merchant Wholesalers,207.58,116510013.93,28426479.7,10.75,0
Ventura,Central Coast,Agricultural Distribution,424910,Farm Supplies Merchant Wholesalers,543.42,220072696.4,52968362.9,36.5,0
Ventura,Central Coast,Agricultural Distribution,424930,"Flower, Nursery Stock, and Florists' Supplies Merchant Wholesalers",507.47,124064804.39,29960265.31,34.0,0
Ventura,Central Coast,Agricultural Distribution,424990,Other Miscellaneous Nondurable Goods Merchant Wholesalers,645.63,203332511.5,49270343.69,41.5,0
Ventura,Central Coast,Outdoor Recreation,441222,Boat Dealers,71.23,17416165.5,5310849.11,9.25,0
Ventura,Central Coast,Agricultural Support,444240,"Nursery, Garden Center, and Farm Supply Retailers",1009.85,222183561.23,63637111.15,33.75,0
Ventura,Central Coast,Agricultural Distribution,445230,Fruit and Vegetable Markets,260.11,33814962.39,12872185.47,14.5,0
Ventura,Central Coast,Agricultural Distribution,445240,Meat Retailers,216.04,23728570.75,8965222.5,22.25,0
Ventura,Central Coast,Agricultural Distribution,445291,Baked Goods Stores,60.49,5245386.63,1979905.52,2.5,0
Ventura,Central Coast,Agricultural Distribution,445292,Confectionery and Nut Stores,126.58,11326149.58,4286900.81,12.25,0
Ventura,Central Coast,Agricultural Distribution,445298,All Other Specialty Food Retailers,321.22,31011147.46,11761995.49,14.25,0
Ventura,Central Coast,Agricultural Distribution,445320,"Beer, Wine, and Liquor Retailers",629.46,64024735.36,24158561.96,139.0,0
Ventura,Central Coast,Agricultural Distribution,456191,Food (Health) Supplement Retailers,323.99,28060619.22,8877562.9,22.0,0
Ventura,Central Coast,Agricultural Distribution,459310,Florists,420.2,27644881.9,9257863.6,27.25,0
Ventura,Central Coast,Agricultural Distribution,484230,"Specialized Freight (except Used Goods) Trucking, Long-Distance",122.91,38913136.78,14062588.38,14.25,0
Ventura,Central Coast,Outdoor Recreation,487110,"Scenic and Sightseeing Transportation, Land",18.17,607940.08,262783.49,1.0,0
Ventura,Central Coast,Outdoor Recreation,487210,"Scenic and Sightseeing Transportation, Water",144.02,12508115.3,5400161.78,12.0,0
Ventura,Central Coast,Outdoor Recreation,487990,"Scenic and Sightseeing Transportation, Other",10.0,21247.12,9152.31,0.0,1
Ventura,Central Coast,Agricultural Distribution,493120,Refrigerated Warehousing and Storage,152.17,19469601.17,12250666.84,6.5,0
Ventura,Central Coast,Agricultural Distribution,493130,Farm Product Warehousing and Storage,10.0,204137.89,128350.35,1.0,1
Ventura,Central Coast,Outdoor Recreation,532284,Recreational Goods Rental,178.66,20028912.79,5253879.37,11.25,0
Ventura,Central Coast,Mining,532412,"Construction, Mining, and Forestry Machinery and Equipment Rental and Leasing",321.43,288957080.62,36380060.46,17.0,0
Ventura,Central Coast,Mining,541360,Geophysical Surveying and Mapping Services,55.55,11654480.16,5856413.1,1.0,0
Ventura,Central Coast,Agricultural Support,541620,Environmental Consulting Services,633.14,97688210.6,59632358.3,44.5,0
Ventura,Central Coast,Agricultural Support,541690,Other Scientific and Technical Consulting Services,1376.11,147610157.83,90116407.34,193.25,0
Ventura,Central Coast,Agricultural Distribution,624210,Community Food Services,139.79,14589221.44,10672103.63,9.0,0
Ventura,Central Coast,Outdoor Recreation,712130,Zoos and Botanical Gardens,19.81,2909596.42,943384.41,4.0,0
Ventura,Central Coast,Outdoor Recreation,712190,Nature Parks and Other Similar Institutions,26.71,4760730.22,1539772.52,1.0,0
Ventura,Central Coast,Outdoor Recreation,713930,Marinas,78.2,10443539.17,4068457.98,7.0,0
Ventura,Central Coast,Outdoor Recreation,713990,All Other Amusement and Recreation Industries,622.28,58406034.81,22606147.74,52.25,0
Ventura,Central Coast,Outdoor Recreation,721211,RV (Recreational Vehicle) Parks and Campgrounds,71.38,9598280.76,2530693.23,7.0,0
Ventura,Central Coast,Outdoor Recreation,721214,Recreational and Vacation Camps (except Campgrounds),43.78,6329393.29,1664721.07,5.5,0
Yolo,Capital,Agricultural Production,111000,Crop Production,2314.86,708902603.88,162544519.14,176.75,0
Yolo,Capital,Agricultural Production,112000,Animal Production,255.79,112779528.31,19764948.99,22.25,0
Yolo,Capital,Forestry,113310,Logging,10.0,1398320.65,552852.37,0.0,1
Yolo,Capital,Fishing,114111,Finfish Fishing,10.75,1778474.0,683439.57,0.0,0
Yolo,Capital,Fishing,114112,Shellfish Fishing,10.0,398950.6,151712.02,0.0,1
Yolo,Capital,Fishing,114119,Other Marine Fishing,10.0,1090.49,416.33,0.0,1
Yolo,Capital,Agricultural Processing,115111,Cotton Ginning,11.66,966386.67,834081.62,0.0,0
Yolo,Capital,Agricultural Production,115112,"Soil Preparation, Planting, and Cultivating",362.78,36051799.59,31258153.66,14.0,0
Yolo,Capital,Agricultural Production,115113,"Crop Harvesting, Primarily by Machine",10.0,561779.04,487473.96,5.0,1
Yolo,Capital,Agricultural Production,115114,Postharvest Crop Activities (except Cotton Ginning),560.73,49265480.0,42829946.04,13.5,0
Yolo,Capital,Agricultural Support,115115,Farm Labor Contractors and Crew Leaders,2145.76,164597217.21,131412617.56,16.0,0
Yolo,Capital,Agricultural Support,115116,Farm Management Services,89.69,7054562.46,6132898.92,12.0,0
Yolo,Capital,Agricultural Support,115210,Support Activities for Animal Production,105.92,4315748.65,3737120.63,7.5,0
Yolo,Capital,Forestry,115310,Support Activities for Forestry,13.95,475937.92,411856.58,0.5,0
Yolo,Capital,Mining,211120,Crude Petroleum Extraction,30.51,6740346.77,615891.15,0.0,0
Yolo,Capital,Mining,211130,Natural Gas Extraction,26.53,9959685.33,916263.05,0.0,0
Yolo,Capital,Mining,212114,Surface Coal Mining,10.0,297031.91,40489.04,0.0,1
Yolo,Capital,Mining,212115,Underground Coal Mining,10.0,1488395.81,200878.1,0.0,1
Yolo,Capital,Mining,212210,Iron Ore Mining,10.0,528178.75,95889.89,0.0,1
Yolo,Capital,Mining,212220,Gold Ore and Silver Ore Mining,42.17,5111186.16,968408.85,0.0,0
Yolo,Capital,Mining,212311,Dimension Stone Mining and Quarrying,10.0,191097.73,40909.33,0.0,1
Yolo,Capital,Mining,212312,Crushed and Broken Limestone Mining and Quarrying,10.0,436306.01,93514.96,0.0,1
Yolo,Capital,Mining,212313,Crushed and Broken Granite Mining and Quarrying,10.0,691969.4,149059.87,0.0,1
Yolo,Capital,Mining,212319,Other Crushed and Broken Stone Mining and Quarrying,10.0,421784.06,91383.42,0.0,1
Yolo,Capital,Mining,212321,Construction Sand and Gravel Mining,49.59,21357673.28,5738005.36,3.0,0
Yolo,Capital,Mining,212322,Industrial Sand Mining,10.0,265242.96,69407.05,0.0,1
Yolo,Capital,Mining,212323,"Kaolin, Clay, and Ceramic and Refractory Minerals Mining",10.0,104402.83,27947.97,0.0,1
Yolo,Capital,Mining,212390,Other Nonmetallic Mineral Mining and Quarrying,10.0,869503.9,233558.99,0.0,1
Yolo,Capital,Mining,213111,Drilling Oil and Gas Wells,10.85,2247404.72,624265.8,4.0,0
Yolo,Capital,Mining,213112,Support Activities for Oil and Gas Operations,104.19,14754718.52,5350471.78,3.0,0
Yolo,Capital,Mining,213114,Support Activities for Metal Mining,10.0,463551.23,162582.15,0.0,1
Yolo,Capital,Mining,213115,Support Activities for Nonmetallic Minerals (except Fuels) Mining,10.0,78771.16,27044.9,0.0,1
Yolo,Capital,Renewable Energy,221114,Solar Electric Power Generation,45.45,70145108.65,9703475.89,1.75,0
Yolo,Capital,Renewable Energy,221117,Biomass Electric Power Generation,50.29,43232538.17,5962699.88,1.0,0
Yolo,Capital,Renewable Energy,221118,Other Electric Power Generation,18.09,23166972.65,3194294.19,2.0,0
Yolo,Capital,Agricultural Support,221310,Water Supply and Irrigation Systems,34.45,12270479.44,3867667.47,1.0,0
Yolo,Capital,Agricultural Processing,311111,Dog and Cat Food Manufacturing,40.52,46675658.51,4904560.24,1.0,0
Yolo,Capital,Agricultural Processing,311119,Other Animal Food Manufacturing,27.19,37495946.08,3224796.06,6.0,0
Yolo,Capital,Agricultural Processing,311211,Flour Milling,103.7,91877618.72,9881834.95,4.0,0
Yolo,Capital,Agricultural Processing,311212,Rice Milling,303.94,299121586.91,31690080.2,3.0,0
Yolo,Capital,Agricultural Processing,311224,Soybean and Other Oilseed Processing,14.94,63295226.34,1375933.62,2.0,0
Yolo,Capital,Agricultural Processing,311225,Fats and Oils Refining and Blending,33.91,59185977.36,3514001.25,1.0,0
Yolo,Capital,Agricultural Processing,311314,Cane Sugar Manufacturing,26.92,20310074.12,2892668.61,1.0,0
Yolo,Capital,Agricultural Processing,311340,Nonchocolate Confectionery Manufacturing,21.75,12386998.63,1753649.59,0.5,0
Yolo,Capital,Agricultural Processing,311412,Frozen Specialty Food Manufacturing,92.34,50611217.96,8968625.63,1.0,0
Yolo,Capital,Agricultural Processing,311421,Fruit and Vegetable Canning,290.99,155544149.01,29164518.8,1.0,0
Yolo,Capital,Agricultural Processing,311423,Dried and Dehydrated Food Manufacturing,10.0,2820243.08,530098.54,1.0,1
Yolo,Capital,Agricultural Processing,311511,Fluid Milk Manufacturing,95.86,88173294.39,9981757.44,2.0,0
Yolo,Capital,Agricultural Processing,311612,Meat Processed from Carcasses,10.0,370108.63,43393.53,2.5,1
Yolo,Capital,Fishing,311710,Seafood Product Preparation and Packaging,15.16,7365375.78,1429746.06,0.5,0
Yolo,Capital,Agricultural Processing,311811,Retail Bakeries,25.92,1986792.68,589254.21,3.0,0
Yolo,Capital,Agricultural Processing,311812,Commercial Bakeries,171.2,27895432.28,8252091.12,4.0,0
Yolo,Capital,Agricultural Processing,311911,Roasted Nuts and Peanut Butter Manufacturing,137.84,129492588.36,13243341.48,1.5,0
Yolo,Capital,Agricultural Processing,311919,Other Snack Food Manufacturing,10.0,178187.16,18223.15,0.0,1
Yolo,Capital,Agricultural Processing,311920,Coffee and Tea Manufacturing,51.05,28388831.94,4023568.89,2.0,0
Yolo,Capital,Agricultural Processing,311930,Flavoring Syrup and Concentrate Manufacturing,10.0,298708.59,59497.58,0.0,1
Yolo,Capital,Agricultural Processing,311941,"Mayonnaise, Dressing, and Other Prepared Sauce Manufacturing",10.0,2969663.3,514661.47,1.0,1
Yolo,Capital,Agricultural Processing,311942,Spice and Extract Manufacturing,10.0,1136421.64,194194.05,0.25,1
Yolo,Capital,Agricultural Processing,311991,Perishable Prepared Food Manufacturing,58.82,21166948.75,3845513.77,1.0,0
Yolo,Capital,Agricultural Processing,311999,All Other Miscellaneous Food Manufacturing,53.95,23889653.57,4336231.47,2.0,0
Yolo,Capital,Agricultural Processing,312111,Soft Drink Manufacturing,449.83,236324397.34,43562235.66,4.25,0
Yolo,Capital,Agricultural Processing,312112,Bottled Water Manufacturing,10.0,182888.42,33593.41,0.0,1
Yolo,Capital,Agricultural Processing,312120,Breweries,121.29,38682322.31,5926992.39,6.0,0
Yolo,Capital,Agricultural Processing,312130,Wineries,458.4,142115889.53,31101827.73,16.5,0
Yolo,Capital,Agricultural Processing,312140,Distilleries,44.11,47438411.13,3744118.09,2.0,0
Yolo,Capital,Agricultural Processing,313110,"Fiber, Yarn, and Thread Mills",10.0,1438133.68,279748.79,1.0,1
Yolo,Capital,Agricultural Processing,316990,Other Leather and Allied Product Manufacturing,10.0,169940.9,45643.64,0.0,1
Yolo,Capital,Forestry,321114,Wood Preservation,73.69,49243929.68,7285390.41,2.0,0
Yolo,Capital,Forestry,321215,Engineered Wood Member Manufacturing,24.57,11025319.13,1926594.02,1.0,0
Yolo,Capital,Forestry,321911,Wood Window and Door Manufacturing,10.0,167440.28,35752.47,0.0,1
Yolo,Capital,Forestry,321912,"Cut Stock, Resawing Lumber, and Planing",0.0,91569.08,19333.55,0.5,0
Yolo,Capital,Forestry,321918,Other Millwork (including Flooring),10.0,870855.54,184455.82,0.0,1
Yolo,Capital,Forestry,321920,Wood Container and Pallet Manufacturing,153.12,40914000.82,10178993.48,7.0,0
Yolo,Capital,Forestry,321992,Prefabricated Wood Building Manufacturing,36.69,10579106.84,2634634.23,1.0,0
Yolo,Capital,Forestry,321999,All Other Miscellaneous Wood Product Manufacturing,23.37,6233757.29,1549372.4,5.0,0
Yolo,Capital,Forestry,322211,Corrugated and Solid Fiber Box Manufacturing,74.55,58556064.33,10935888.03,2.0,0
Yolo,Capital,Forestry,322299,All Other Converted Paper Product Manufacturing,21.82,10516564.21,2758863.04,1.0,0
Yolo,Capital,Agricultural Support,325314,Fertilizer (Mixing Only) Manufacturing,57.59,76471753.12,10615873.03,1.0,0
Yolo,Capital,Agricultural Support,325320,Pesticide and Other Agricultural Chemical Manufacturing,124.99,312308055.06,31486232.19,4.75,0
Yolo,Capital,Mining,327120,Clay Building Material and Refractories Manufacturing,10.0,54420.36,18781.96,0.0,1
Yolo,Capital,Mining,327310,Cement Manufacturing,26.15,27079400.65,4383650.6,1.0,0
Yolo,Capital,Mining,327320,Ready-Mix Concrete Manufacturing,58.85,34067013.33,7682383.82,2.75,0
Yolo,Capital,Mining,327331,Concrete Block and Brick Manufacturing,160.07,58867049.55,17599596.77,1.0,0
Yolo,Capital,Mining,327390,Other Concrete Product Manufacturing,392.1,160578521.43,46268419.6,2.0,0
Yolo,Capital,Agricultural Support,333111,Farm Machinery and Equipment Manufacturing,170.43,89646265.14,18260355.5,4.0,0
Yolo,Capital,Agricultural Processing,333241,Food Product Machinery Manufacturing,107.07,58362101.1,15818443.95,2.0,0
Yolo,Capital,Forestry,337110,Wood Kitchen Cabinet and Countertop Manufacturing,60.61,9313870.32,4203792.53,5.0,0
Yolo,Capital,Forestry,423310,"Lumber, Plywood, Millwork, and Wood Panel Merchant Wholesalers",189.76,91478342.4,27888358.33,7.75,0
Yolo,Capital,Mining,423320,"Brick, Stone, and Related Construction Material Merchant Wholesalers",51.68,15686811.55,4790437.76,5.25,0
Yolo,Capital,Agricultural Support,423820,Farm and Garden Machinery and Equipment Merchant Wholesalers,125.14,40639160.64,13938497.75,16.25,0
Yolo,Capital,Agricultural Distribution,424410,General Line Grocery Merchant Wholesalers,460.53,121321500.46,40390600.56,11.0,0
Yolo,Capital,Agricultural Distribution,424420,Packaged Frozen Food Merchant Wholesalers,191.65,55428722.67,18428454.6,1.0,0
Yolo,Capital,Agricultural Distribution,424430,Dairy Product (except Dried or Canned) Merchant Wholesalers,82.36,21254248.93,7044367.05,2.0,0
Yolo,Capital,Agricultural Distribution,424450,Confectionery Merchant Wholesalers,175.45,42121911.25,13970223.98,4.5,0
Yolo,Capital,Fishing,424460,Fish and Seafood Merchant Wholesalers,10.0,95865.93,31971.0,0.0,1
Yolo,Capital,Agricultural Distribution,424470,Meat and Meat Product Merchant Wholesalers,113.71,29361294.99,9781684.9,4.0,0
Yolo,Capital,Agricultural Distribution,424480,Fresh Fruit and Vegetable Merchant Wholesalers,142.58,32760114.63,10925911.35,7.75,0
Yolo,Capital,Agricultural Distribution,424490,Other Grocery and Related Products Merchant Wholesalers,263.8,65310093.51,21733622.16,10.75,0
Yolo,Capital,Agricultural Distribution,424510,Grain and Field Bean Merchant Wholesalers,64.0,26484713.16,6351422.83,2.0,0
Yolo,Capital,Agricultural Distribution,424520,Livestock Merchant Wholesalers,10.0,585782.15,139165.67,1.0,1
Yolo,Capital,Agricultural Distribution,424590,Other Farm Product Raw Material Merchant Wholesalers,10.0,608875.13,146753.73,0.0,1
Yolo,Capital,Agricultural Distribution,424810,Beer and Ale Merchant Wholesalers,206.31,77602001.19,18650852.9,2.0,0
Yolo,Capital,Agricultural Distribution,424820,Wine and Distilled Alcoholic Beverage Merchant Wholesalers,230.46,133898822.5,32669055.91,2.0,0
Yolo,Capital,Agricultural Distribution,424910,Farm Supplies Merchant Wholesalers,297.42,192468031.45,46324313.29,22.75,0
Yolo,Capital,Agricultural Distribution,424930,"Flower, Nursery Stock, and Florists' Supplies Merchant Wholesalers",49.7,8319604.33,2009091.57,2.75,0
Yolo,Capital,Agricultural Distribution,424990,Other Miscellaneous Nondurable Goods Merchant Wholesalers,60.78,17745154.74,4299902.0,6.5,0
Yolo,Capital,Agricultural Support,444240,"Nursery, Garden Center, and Farm Supply Retailers",45.73,4441040.62,1271988.77,6.5,0
Yolo,Capital,Agricultural Distribution,445230,Fruit and Vegetable Markets,23.67,2383308.62,907243.08,7.0,0
Yolo,Capital,Agricultural Distribution,445240,Meat Retailers,35.56,4237329.77,1600964.7,5.0,0
Yolo,Capital,Agricultural Distribution,445291,Baked Goods Stores,18.11,1639807.26,618955.98,0.0,0
Yolo,Capital,Agricultural Distribution,445292,Confectionery and Nut Stores,34.94,3146141.41,1190801.52,3.0,0
Yolo,Capital,Agricultural Distribution,445298,All Other Specialty Food Retailers,134.45,12521270.18,4749102.68,9.0,0
Yolo,Capital,Agricultural Distribution,445320,"Beer, Wine, and Liquor Retailers",51.46,4554419.61,1718526.88,12.0,0
Yolo,Capital,Agricultural Distribution,456191,Food (Health) Supplement Retailers,47.37,3155397.43,998275.87,3.0,0
Yolo,Capital,Agricultural Distribution,459310,Florists,76.85,5649283.58,1891861.83,5.0,0
Yolo,Capital,Agricultural Distribution,484230,"Specialized Freight (except Used Goods) Trucking, Long-Distance",51.02,14302695.7,5168766.62,7.75,0
Yolo,Capital,Outdoor Recreation,487110,"Scenic and Sightseeing Transportation, Land",10.1,510055.17,220472.52,0.0,0
Yolo,Capital,Outdoor Recreation,487210,"Scenic and Sightseeing Transportation, Water",15.29,1294149.78,558726.71,0.0,0
Yolo,Capital,Outdoor Recreation,487990,"Scenic and Sightseeing Transportation, Other",10.0,61045.33,26295.59,0.0,1
Yolo,Capital,Agricultural Distribution,493120,Refrigerated Warehousing and Storage,87.03,9026590.5,5679713.31,3.0,0
Yolo,Capital,Agricultural Distribution,493130,Farm Product Warehousing and Storage,24.43,2812647.49,1768433.48,5.0,0
Yolo,Capital,Mining,532412,"Construction, Mining, and Forestry Machinery and Equipment Rental and Leasing",120.93,107570399.41,13543248.8,9.5,0
Yolo,Capital,Mining,541360,Geophysical Surveying and Mapping Services,10.0,1074913.95,540147.65,2.0,1
Yolo,Capital,Agricultural Support,541620,Environmental Consulting Services,204.66,31108675.03,18989841.7,12.5,0
Yolo,Capital,Agricultural Support,541690,Other Scientific and Technical Consulting Services,585.05,65283718.31,39855889.59,54.25,0
Yolo,Capital,Agricultural Distribution,624210,Community Food Services,89.22,8318548.71,6085068.64,5.0,0
Yolo,Capital,Outdoor Recreation,712190,Nature Parks and Other Similar Institutions,10.0,941275.79,304438.72,1.0,1
Yolo,Capital,Outdoor Recreation,713930,Marinas,37.42,3934082.09,1532588.47,1.0,0
Yolo,Capital,Outdoor Recreation,713990,All Other Amusement and Recreation Industries,176.54,11929009.19,4617141.79,13.5,0
Yolo,Capital,Outdoor Recreation,721211,RV (Recreational Vehicle) Parks and Campgrounds,38.54,5551269.81,1463653.88,2.0,0
Yolo,Capital,Outdoor Recreation,721214,Recreational and Vacation Camps (except Campgrounds),10.0,632098.85,166251.05,0.0,1
Yuba,Capital,Agricultural Production,111000,Crop Production,1041.2,223590285.13,51267092.52,81.25,0
Yuba,Capital,Agricultural Production,112000,Animal Production,70.97,27829723.14,4877242.05,6.0,0
Yuba,Capital,Forestry,113110,Timber Tract Operations,10.0,382296.05,156454.34,1.0,1
Yuba,Capital,Forestry,113210,Forest Nurseries and Gathering of Forest Products,10.0,102212.57,42099.31,0.0,1
Yuba,Capital,Forestry,113310,Logging,41.98,4067648.48,1608221.34,3.0,0
Yuba,Capital,Fishing,114111,Finfish Fishing,10.0,260698.85,100182.47,0.0,1
Yuba,Capital,Fishing,114112,Shellfish Fishing,10.0,142939.74,54356.8,0.0,1
Yuba,Capital,Outdoor Recreation,114210,Hunting and Trapping,10.0,303822.15,114950.77,0.0,1
Yuba,Capital,Agricultural Production,115112,"Soil Preparation, Planting, and Cultivating",12.19,834256.15,723328.86,1.0,0
Yuba,Capital,Agricultural Production,115113,"Crop Harvesting, Primarily by Machine",10.0,217419.82,188662.26,2.0,1
Yuba,Capital,Agricultural Production,115114,Postharvest Crop Activities (except Cotton Ginning),149.18,11832714.72,10287010.96,5.0,0
Yuba,Capital,Agricultural Support,115115,Farm Labor Contractors and Crew Leaders,23.21,2214004.27,1767636.79,2.0,0
Yuba,Capital,Agricultural Support,115116,Farm Management Services,10.0,43952.42,38210.13,0.0,1
Yuba,Capital,Agricultural Support,115210,Support Activities for Animal Production,59.3,1593244.73,1379632.65,0.0,0
Yuba,Capital,Forestry,115310,Support Activities for Forestry,11.9,714346.06,618164.92,1.0,0
Yuba,Capital,Mining,211130,Natural Gas Extraction,10.0,26709.86,2457.23,0.0,1
Yuba,Capital,Mining,212114,Surface Coal Mining,22.58,85774.42,11692.09,0.0,0
Yuba,Capital,Mining,212115,Underground Coal Mining,21.56,224912.53,30354.83,0.0,0
Yuba,Capital,Mining,212210,Iron Ore Mining,10.0,10765.45,1954.45,0.0,1
Yuba,Capital,Mining,212220,Gold Ore and Silver Ore Mining,26.31,116861.57,22141.59,0.0,0
Yuba,Capital,Mining,212311,Dimension Stone Mining and Quarrying,10.0,10040.45,2149.41,0.0,1
Yuba,Capital,Mining,212312,Crushed and Broken Limestone Mining and Quarrying,10.0,13232.85,2836.24,0.0,1
Yuba,Capital,Mining,212313,Crushed and Broken Granite Mining and Quarrying,10.0,36273.02,7813.72,0.0,1
Yuba,Capital,Mining,212319,Other Crushed and Broken Stone Mining and Quarrying,10.0,16593.69,3595.18,0.0,1
Yuba,Capital,Mining,212321,Construction Sand and Gravel Mining,31.76,11174836.54,3002259.24,1.0,0
Yuba,Capital,Mining,212322,Industrial Sand Mining,10.0,8875.21,2322.41,0.0,1
Yuba,Capital,Mining,212323,"Kaolin, Clay, and Ceramic and Refractory Minerals Mining",10.0,6741.82,1804.74,0.0,1
Yuba,Capital,Mining,212390,Other Nonmetallic Mineral Mining and Quarrying,10.0,42311.15,11365.27,0.0,1
Yuba,Capital,Mining,213111,Drilling Oil and Gas Wells,10.0,23596.43,6554.42,0.0,1
Yuba,Capital,Mining,213112,Support Activities for Oil and Gas Operations,11.49,465433.39,168779.11,0.0,0
Yuba,Capital,Mining,213114,Support Activities for Metal Mining,10.0,21343.7,7485.91,0.0,1
Yuba,Capital,Mining,213115,Support Activities for Nonmetallic Minerals (except Fuels) Mining,10.0,4315.04,1481.51,0.0,1
Yuba,Capital,Renewable Energy,221111,Hydroelectric Power Generation,10.0,4027486.74,559313.32,1.0,1
Yuba,Capital,Renewable Energy,221114,Solar Electric Power Generation,10.0,2190964.14,303085.53,1.0,1
Yuba,Capital,Renewable Energy,221115,Wind Electric Power Generation,10.0,502113.07,67455.68,0.0,1
Yuba,Capital,Renewable Energy,221118,Other Electric Power Generation,10.0,1162072.89,160228.22,0.0,1
Yuba,Capital,Agricultural Support,221310,Water Supply and Irrigation Systems,54.6,21127338.49,6659358.36,2.75,0
Yuba,Capital,Agricultural Processing,311225,Fats and Oils Refining and Blending,10.0,1356314.46,80527.36,1.0,1
Yuba,Capital,Agricultural Processing,311423,Dried and Dehydrated Food Manufacturing,38.0,11173977.54,2100283.22,1.0,0
Yuba,Capital,Agricultural Processing,311511,Fluid Milk Manufacturing,10.0,644059.4,72911.47,1.0,1
Yuba,Capital,Agricultural Processing,311612,Meat Processed from Carcasses,10.0,398825.9,46760.5,1.0,1
Yuba,Capital,Agricultural Processing,311811,Retail Bakeries,12.38,1137404.81,337337.95,2.0,0
Yuba,Capital,Agricultural Processing,311812,Commercial Bakeries,10.0,195594.56,57861.23,0.0,1
Yuba,Capital,Agricultural Processing,311920,Coffee and Tea Manufacturing,10.0,586006.14,83055.06,0.0,1
Yuba,Capital,Agricultural Processing,311941,"Mayonnaise, Dressing, and Other Prepared Sauce Manufacturing",10.0,21275.43,3687.17,0.0,1
Yuba,Capital,Agricultural Processing,311942,Spice and Extract Manufacturing,10.0,343187.68,58644.61,1.0,1
Yuba,Capital,Agricultural Processing,311991,Perishable Prepared Food Manufacturing,10.0,22950.06,4169.46,0.0,1
Yuba,Capital,Agricultural Processing,311999,All Other Miscellaneous Food Manufacturing,10.0,14815.44,2689.16,0.0,1
Yuba,Capital,Agricultural Processing,312111,Soft Drink Manufacturing,10.0,4043424.31,745333.98,1.0,1
Yuba,Capital,Agricultural Processing,312113,Ice Manufacturing,23.51,7174199.28,1317860.08,1.0,0
Yuba,Capital,Agricultural Processing,312120,Breweries,10.0,341351.84,52302.7,0.0,1
Yuba,Capital,Agricultural Processing,312130,Wineries,10.0,2578611.47,564324.86,2.0,1
Yuba,Capital,Agricultural Processing,316990,Other Leather and Allied Product Manufacturing,10.0,77271.45,20753.98,0.0,1
Yuba,Capital,Forestry,321215,Engineered Wood Member Manufacturing,224.3,106178111.65,18553849.78,3.25,0
Yuba,Capital,Forestry,321911,Wood Window and Door Manufacturing,10.0,152629.44,32590.01,0.0,1
Yuba,Capital,Forestry,321918,Other Millwork (including Flooring),27.04,8682196.83,1838975.16,1.0,0
Yuba,Capital,Forestry,321920,Wood Container and Pallet Manufacturing,10.0,486572.94,121054.47,1.0,1
Yuba,Capital,Forestry,321992,Prefabricated Wood Building Manufacturing,10.0,83279.66,20740.07,0.75,1
Yuba,Capital,Forestry,321999,All Other Miscellaneous Wood Product Manufacturing,10.0,2084502.85,518093.83,2.0,1
Yuba,Capital,Agricultural Support,325312,Phosphatic Fertilizer Manufacturing,20.0,11463303.09,1561158.53,1.0,0
Yuba,Capital,Mining,327120,Clay Building Material and Refractories Manufacturing,10.0,22732.5,7845.61,0.0,1
Yuba,Capital,Mining,327310,Cement Manufacturing,43.18,34969330.17,5660883.24,2.0,0
Yuba,Capital,Mining,327320,Ready-Mix Concrete Manufacturing,57.33,23932495.87,5396969.12,2.0,0
Yuba,Capital,Mining,327390,Other Concrete Product Manufacturing,87.52,26291700.98,7575580.11,2.0,0
Yuba,Capital,Agricultural Support,333111,Farm Machinery and Equipment Manufacturing,10.0,220431.15,44900.38,1.0,1
Yuba,Capital,Forestry,337110,Wood Kitchen Cabinet and Countertop Manufacturing,10.0,300562.09,135657.96,0.0,1
Yuba,Capital,Forestry,423310,"Lumber, Plywood, Millwork, and Wood Panel Merchant Wholesalers",86.02,17562346.51,5354108.96,3.0,0
Yuba,Capital,Mining,423320,"Brick, Stone, and Related Construction Material Merchant Wholesalers",10.0,1609962.2,491650.18,2.0,1
Yuba,Capital,Agricultural Support,423820,Farm and Garden Machinery and Equipment Merchant Wholesalers,10.0,214577.44,73596.19,1.0,1
Yuba,Capital,Agricultural Distribution,424410,General Line Grocery Merchant Wholesalers,10.0,545444.86,181590.61,2.25,1
Yuba,Capital,Agricultural Distribution,424480,Fresh Fruit and Vegetable Merchant Wholesalers,10.0,2143102.32,714751.65,1.5,1
Yuba,Capital,Agricultural Distribution,424490,Other Grocery and Related Products Merchant Wholesalers,21.73,5083531.95,1691676.69,2.0,0
Yuba,Capital,Agricultural Distribution,424520,Livestock Merchant Wholesalers,10.0,45514.09,10812.89,1.0,1
Yuba,Capital,Agricultural Distribution,424590,Other Farm Product Raw Material Merchant Wholesalers,10.0,507775.29,122386.21,1.0,1
Yuba,Capital,Agricultural Distribution,424910,Farm Supplies Merchant Wholesalers,10.0,258710.19,62267.86,1.0,1
Yuba,Capital,Agricultural Distribution,424930,"Flower, Nursery Stock, and Florists' Supplies Merchant Wholesalers",10.0,170468.88,41166.33,1.0,1
Yuba,Capital,Agricultural Distribution,424990,Other Miscellaneous Nondurable Goods Merchant Wholesalers,23.93,6407988.14,1552746.17,0.0,0
Yuba,Capital,Agricultural Support,444240,"Nursery, Garden Center, and Farm Supply Retailers",21.31,2231450.02,639124.84,2.0,0
Yuba,Capital,Agricultural Distribution,445230,Fruit and Vegetable Markets,26.17,1611766.33,613543.64,1.0,0
Yuba,Capital,Agricultural Distribution,445240,Meat Retailers,10.0,840097.79,317409.07,2.0,1
Yuba,Capital,Agricultural Distribution,445291,Baked Goods Stores,10.0,636795.87,240362.77,0.0,1
Yuba,Capital,Agricultural Distribution,445292,Confectionery and Nut Stores,10.71,860596.78,325732.33,0.0,0
Yuba,Capital,Agricultural Distribution,445298,All Other Specialty Food Retailers,39.89,3138531.32,1190391.01,3.0,0
Yuba,Capital,Agricultural Distribution,445320,"Beer, Wine, and Liquor Retailers",58.78,4854670.58,1831821.08,7.25,0
Yuba,Capital,Agricultural Distribution,456191,Food (Health) Supplement Retailers,14.62,670295.61,212062.01,1.0,0
Yuba,Capital,Agricultural Distribution,459310,Florists,27.21,1617766.87,541766.29,1.0,0
Yuba,Capital,Agricultural Distribution,484230,"Specialized Freight (except Used Goods) Trucking, Long-Distance",16.64,3257328.35,1177146.63,3.0,0
Yuba,Capital,Outdoor Recreation,487110,"Scenic and Sightseeing Transportation, Land",10.0,41405.28,17897.53,0.0,1
Yuba,Capital,Outdoor Recreation,487210,"Scenic and Sightseeing Transportation, Water",10.0,175463.95,75753.52,0.0,1
Yuba,Capital,Agricultural Distribution,493120,Refrigerated Warehousing and Storage,43.13,3285574.75,2067350.09,1.0,0
Yuba,Capital,Agricultural Distribution,493130,Farm Product Warehousing and Storage,10.0,107589.34,67646.09,0.0,1
Yuba,Capital,Mining,532412,"Construction, Mining, and Forestry Machinery and Equipment Rental and Leasing",13.75,8027211.99,1010636.1,1.0,0
Yuba,Capital,Agricultural Support,541620,Environmental Consulting Services,10.24,587158.44,358422.4,0.0,0
Yuba,Capital,Agricultural Support,541690,Other Scientific and Technical Consulting Services,79.38,7161589.03,4372169.8,2.0,0
Yuba,Capital,Outdoor Recreation,712190,Nature Parks and Other Similar Institutions,11.26,769591.74,248910.6,1.0,0
Yuba,Capital,Outdoor Recreation,713930,Marinas,13.31,1611575.5,627816.6,1.0,0
Yuba,Capital,Outdoor Recreation,713990,All Other Amusement and Recreation Industries,32.5,2295927.42,888642.32,2.0,0
Yuba,Capital,Outdoor Recreation,721211,RV (Recreational Vehicle) Parks and Campgrounds,97.98,14161241.42,3733768.43,4.0,0
Yuba,Capital,Outdoor Recreation,721214,Recreational and Vacation Camps (except Campgrounds),10.0,75769.38,19928.43,0.0,1
